brand,indication,channel,email_template_vault_id,email_fragment_vault_id,customer_segment,tactic_start_date,tactic_end_date,tactic_expiration_date,content_category,content_sub_category,department,email_template_name_in_rep_text,email_fragment_name_in_rep_text
Emgality,Migraine,VEEVA_EMAIL,1412337,,Critical;High;Medium;Low;Non-Targets;NPP_NON_TARGET,5/2/2022,2/28/2025,2/28/2025,Access or Formulary,NA,Retail,Commercial Access,
Emgality,Migraine,VEEVA_EMAIL,948799,1044579,Critical;High;Medium;Low;Non-Targets;NPP_NON_TARGET,5/2/2022,5/31/2023,12/31/2023,Efficacy,Core,Retail,Emgality Core Message,Episodic Migraine Efficacy
Emgality,Migraine,VEEVA_EMAIL,948799,1044580,Critical;High;Medium;Low;Non-Targets;NPP_NON_TARGET,5/2/2022,5/31/2023,12/31/2023,Efficacy,Core,Retail,Emgality Core Message,MSQ Data
Emgality,Migraine,VEEVA_EMAIL,948799,1044603,Critical;High;Medium;Low;Non-Targets;NPP_NON_TARGET,5/2/2022,5/31/2023,12/31/2023,Safety,Long Term,Retail,Emgality Core Message,Migraine Safety
Retevmo,Lung,VEEVA_EMAIL,1273496,,NICK;SINGLETON;NPP_NON_TARGET,2/13/2023,2/28/2025,2/28/2025,Unmet Need,,Retail,NSCLC Unmet Need free text Dr Singleton PP-SE-US-0955,
Retevmo,Overall,VEEVA_EMAIL,1273496,,NICK;SINGLETON;NPP_NON_TARGET,2/20/2023,2/28/2025,2/28/2025,Unmet Need,,Retail,NSCLC Unmet Need free text Dr Singleton PP-SE-US-0955,
Retevmo,Overall,VEEVA_EMAIL,1006081,1002237,NICK;SINGLETON;THEO;AGNOSTIC;NPP_NON_TARGET,10/4/2021,8/31/2023,8/31/2023,Diagnostic,n/a,Retail,RET Resources - Free Text VAE  (PP-SE-US-0741),Digital Testing Leave Behind
Retevmo,Overall,VEEVA_EMAIL,1017401,,NICK;SINGLETON;NPP_NON_TARGET,10/4/2021,5/31/2023,5/31/2023,Efficacy,NSCLC Cwl,Retail,RET NSCLC Efficacy VAE PP-SE-US-0721,
Retevmo,Thyroid,VEEVA_EMAIL,1006081,992646,NICK;SINGLETON;THEO;NPP_NON_TARGET,12/19/2022,8/31/2023,8/31/2023,Efficacy,Thyroid,Retail,RET Resources VAE - Free Text   (PP-SE-US-0741),Thyroid Leave Behind
Taltz,Psoriasis,VEEVA_EMAIL,1016268,,Psoriatic Explorers;Practical Treaters;Confined Advocates;NA;NPP_NON_TARGET;APP,5/2/2022,12/31/2023,12/31/2023,Access or Formulary,,Retail,IX-PAY-Taltz Derm Favorable Access VAE,
Taltz,Psoriasis,VEEVA_EMAIL,1155370,,Psoriatic Explorers;Practical Treaters;Confined Advocates;NA;NPP_NON_TARGET;APP,5/2/2022,12/31/2023,12/31/2023,Patient or Customer support,,Retail,IX-HCP-DERM-Taltz Together VAE 2022,
Taltz,Psoriasis,VEEVA_EMAIL,1324582,1117935,Psoriatic Explorers;Practical Treaters;Confined Advocates;NA;NPP_NON_TARGET;APP,11/7/2022,12/31/2023,12/31/2023,Efficacy,Head to Head,Retail,IX-HCP-DERM Efficacy H2H VAE - 2022,
Taltz,Psoriasis,VEEVA_EMAIL,1324582,937835,Psoriatic Explorers;Practical Treaters;Confined Advocates;NA;NPP_NON_TARGET;APP,11/7/2022,12/31/2023,12/31/2023,Efficacy,Head to Head,Retail,IX-HCP-DERM Efficacy H2H VAE - 2022,
Taltz,Psoriasis,VEEVA_EMAIL,1324582,937837,Psoriatic Explorers;Practical Treaters;Confined Advocates;NA;NPP_NON_TARGET;APP,11/7/2022,12/31/2023,12/31/2023,Efficacy,Head to Head,Retail,IX-HCP-DERM Efficacy H2H VAE - 2022,
Taltz,Psoriasis,VEEVA_EMAIL,1324589,1210729,Psoriatic Explorers;Practical Treaters;Confined Advocates;NA;NPP_NON_TARGET;APP,11/7/2022,12/31/2023,12/31/2023,Efficacy,Secondary,Retail,IX-HCP-Derm Efficacy VAE 2022,
Taltz,Psoriasis,VEEVA_EMAIL,1324589,928847,Psoriatic Explorers;Practical Treaters;Confined Advocates;NA;NPP_NON_TARGET;APP,11/7/2022,3/17/2023,3/17/2023,Efficacy,Core,Retail,IX-HCP-Derm Efficacy VAE 2022,
Taltz,Psoriasis,VEEVA_EMAIL,1324589,928853,Psoriatic Explorers;Practical Treaters;Confined Advocates;NA;NPP_NON_TARGET;APP,11/7/2022,12/31/2023,12/31/2023,Efficacy,Rapid Onset,Retail,IX-HCP-Derm Efficacy VAE 2022,
Taltz,Psoriasis,VEEVA_EMAIL,1324597,,Psoriatic Explorers;Practical Treaters;Confined Advocates;NA;NPP_NON_TARGET;APP,11/7/2022,12/31/2023,12/31/2023,Patient Type or Identification,,Retail,IX-HCP-DERM Patient Profile VAE - 2022,
Taltz,Psoriatic Arthritis,VEEVA_EMAIL,1003344,,Dr. Domains;Dr. Joint Only;Dr. Ease of Access;Dr. TnF;NA;NPP_NON_TARGET;APP,5/2/2022,12/31/2023,12/31/2023,Efficacy,Secondary,Retail,IX-HCP-Rheum All Segment Spirit P2 3 year ACR 20/50/70 VAE_v2_Q3 2021 ,
Taltz,Psoriatic Arthritis,VEEVA_EMAIL,1016260,,Dr. Domains;Dr. Joint Only;Dr. Ease of Access;Dr. TnF;NA;NPP_NON_TARGET;APP,5/2/2022,12/31/2023,12/31/2023,Access or Formulary,Core,Retail,IX-PAY-Taltz Rheum Favorable Access VAE,
Taltz,Psoriatic Arthritis,VEEVA_EMAIL,1021690,,Dr. Domains;Dr. Joint Only;Dr. Ease of Access;Dr. TnF;NA;NPP_NON_TARGET;APP,5/2/2022,12/31/2023,12/31/2023,Efficacy,Head to Head,Retail,IX-HCP-Rheum Dr. D Spirit H2H ACR50 VAE_Q3 2021_v.2,
Taltz,Psoriatic Arthritis,VEEVA_EMAIL,1021695,,Dr. Domains;Dr. Joint Only;Dr. Ease of Access;Dr. TnF;NA;NPP_NON_TARGET;APP,5/2/2022,12/31/2023,12/31/2023,Efficacy,Enthesitis-Dacylitis,Retail,IX-HCP-Rheum Dr. D Spirit H2H Enthesitis VAE_Q3 2021 ,
Taltz,Psoriatic Arthritis,VEEVA_EMAIL,1059265,,Dr. Domains;Dr. Joint Only;Dr. Ease of Access;Dr. TnF;NA;NPP_NON_TARGET;APP,5/2/2022,12/31/2023,12/31/2023,MOA,Core,Retail,IX-HCP-RHEUM MOA VAE_Q42021,
Taltz,Psoriatic Arthritis,VEEVA_EMAIL,1077386,,Dr. Domains;Dr. Joint Only;Dr. Ease of Access;Dr. TnF;NA;NPP_NON_TARGET;APP,5/2/2022,12/31/2023,12/31/2023,Safety,AS,Retail,IX-HCP Taltz AS Coast V Safety VAE (v1.0),
Taltz,Psoriatic Arthritis,VEEVA_EMAIL,1086189,,Dr. Domains;Dr. Joint Only;Dr. Ease of Access;Dr. TnF;NA;NPP_NON_TARGET;APP,5/2/2022,12/31/2023,12/31/2023,Efficacy,Head to Head,Retail,IX-HCP-Rheum H2H ACR50 + PASI 100 + Access VAE,
Taltz,Psoriatic Arthritis,VEEVA_EMAIL,1091374,,Dr. Domains;Dr. Joint Only;Dr. Ease of Access;Dr. TnF;NA;NPP_NON_TARGET;APP,5/2/2022,12/31/2023,12/31/2023,Efficacy,Core,Retail,IX-HCP-Rheum All Segment Spirit P1 3 year ACR 20/50/70 VAE_Q3 2021,
Taltz,Psoriatic Arthritis,VEEVA_EMAIL,1121857,,Dr. Domains;Dr. Joint Only;Dr. Ease of Access;Dr. TnF;NA;NPP_NON_TARGET;APP,5/2/2022,12/31/2023,12/31/2023,Dosing,Core,Retail,IX-HCP-Rheum axSpA Dosing CF Update VAE,
Taltz,Psoriatic Arthritis,VEEVA_EMAIL,1121867,,Dr. Domains;Dr. Joint Only;Dr. Ease of Access;Dr. TnF;NA;NPP_NON_TARGET;APP,5/2/2022,12/31/2023,12/31/2023,Dosing,Core,Retail,IX-HCP-Rheum PsA Dosing CF Update VAE,
Taltz,Psoriatic Arthritis,VEEVA_EMAIL,1152308,,Dr. Domains;Dr. Joint Only;Dr. Ease of Access;Dr. TnF;NA;NPP_NON_TARGET;APP,5/2/2022,12/31/2023,12/31/2023,Patient or Customer support,Core,Retail,IX-HCP-RHEUM Taltz Together VAE_Q42021,
Taltz,Psoriatic Arthritis,VEEVA_EMAIL,1167602,,Dr. Domains;Dr. Joint Only;Dr. Ease of Access;Dr. TnF;NA;NPP_NON_TARGET;APP,5/2/2022,12/31/2023,12/31/2023,Efficacy,Head to Head,Retail,IX-HCP-Rheum IL-23 Comparison VAE Q1 2022 ET Lilly VAE,
Taltz,Psoriatic Arthritis,VEEVA_EMAIL,1189455,,Dr. Domains;Dr. Joint Only;Dr. Ease of Access;Dr. TnF;NA;NPP_NON_TARGET;APP,8/22/2022,12/31/2023,12/31/2023,Efficacy,Head to Head,Retail,IX-HCP-PsA/PsO Trial VAE Q1 2022 ET,
Taltz,Psoriatic Arthritis,VEEVA_EMAIL,1265721,,Dr. Domains;Dr. Joint Only;Dr. Ease of Access;Dr. TnF;NA;NPP_NON_TARGET;APP,8/22/2022,12/31/2023,12/31/2023,Efficacy,Core,Retail,IX-HCP-Rheum-Taltz Efficacy and Citrate Free VAE_Q22022 RHEUM ET (v0.2),
Taltz,Psoriatic Arthritis,VEEVA_EMAIL,1314131,,Dr. Domains;Dr. Joint Only;Dr. Ease of Access;Dr. TnF;NA;NPP_NON_TARGET;APP,8/22/2022,12/31/2023,12/31/2023,Safety,Long Term,Retail,IX-HCP-PSA/PsO/AxSpa Long Term Safety VAE_Q32022 ET,
Taltz,Psoriatic Arthritis,VEEVA_EMAIL,1351572,,Dr. Domains;Dr. Joint Only;Dr. Ease of Access;Dr. TnF;NA;NPP_NON_TARGET;APP,12/22/2022,12/31/2023,12/31/2023,Efficacy,Spinal Pain and Stiffness,Retail,IX-HCP-Rheum-Rapid and Sustained Efficacy VAE ax-SpA,
Taltz,Psoriatic Arthritis,VEEVA_EMAIL,1351592,,Dr. Domains;Dr. Joint Only;Dr. Ease of Access;Dr. TnF;NA;NPP_NON_TARGET;APP,12/22/2022,12/31/2023,12/31/2023,Efficacy,Rapid Onset,Retail,IX-HCP-Rheum Rapid and Sustained Joint and Skin Efficacy PsA,
Taltz,Psoriatic Arthritis,VEEVA_EMAIL,1351627,,Dr. Domains;Dr. Joint Only;Dr. Ease of Access;Dr. TnF;NA;NPP_NON_TARGET;APP,12/22/2022,12/31/2023,12/31/2023,Efficacy,Rapid Onset,Retail,IX-HCP-Rheum Rapid and Sustained Joint Efficacy-PsA,
Taltz,Psoriatic Arthritis,VEEVA_EMAIL,1351653,,Dr. Domains;Dr. Joint Only;Dr. Ease of Access;Dr. TnF;NA;NPP_NON_TARGET;APP,5/2/2022,12/31/2023,12/31/2023,Patient Type or Identification,Core,Retail,IX-HCP-RHEUM PsA Patient Profile VAE_Q1 2021,
Taltz,Psoriatic Arthritis,VEEVA_EMAIL,922334,,Dr. Domains;Dr. Joint Only;Dr. Ease of Access;Dr. TnF;NA;NPP_NON_TARGET;APP,5/2/2022,12/31/2023,12/31/2023,Efficacy,Structure,Retail,IX-HCP-Rheum-Michelle and Daniel Patient Profile VAE,
Trulicity,Diabetes,VEEVA_EMAIL,1177251,1177373,Trulicity Lover;Ozempic Lover;Splitter;Extreme Prefer Basal;No Segment;NPP_NON_TARGET;NA,4/4/2022,12/31/2023,12/31/2023,DOSING,,Retail,Trulicity core message ,01_More Doses 3.0/4.5 
Trulicity,Diabetes,VEEVA_EMAIL,1177251,1177375,Trulicity Lover;Ozempic Lover;Splitter;Extreme Prefer Basal;No Segment;NPP_NON_TARGET;NA,4/4/2022,12/31/2023,12/31/2023,EFFICACY,,Retail,Trulicity core message ,02_A1C Reduction 
Trulicity,Diabetes,VEEVA_EMAIL,1177251,1177376,Trulicity Lover;Ozempic Lover;Splitter;Extreme Prefer Basal;No Segment;NPP_NON_TARGET;NA,4/4/2022,12/31/2023,12/31/2023,STUDY DESIGN,,Retail,Trulicity core message ,03_CV Population Design
Trulicity,Diabetes,VEEVA_EMAIL,1177251,1177378,Trulicity Lover;Ozempic Lover;Splitter;Extreme Prefer Basal;No Segment;NPP_NON_TARGET;NA,4/4/2022,12/31/2023,12/31/2023,EFFICACY,,Retail,Trulicity core message ,04_CV Results Indication
Trulicity,Diabetes,VEEVA_EMAIL,1177251,1177379,Trulicity Lover;Ozempic Lover;Splitter;Extreme Prefer Basal;No Segment;NPP_NON_TARGET;NA,4/4/2022,12/31/2023,12/31/2023,EASE OF ADMINISTRATION,,Retail,Trulicity core message ,05_Pen Preference
Trulicity,Diabetes,VEEVA_EMAIL,1177251,1177380,Trulicity Lover;Ozempic Lover;Splitter;Extreme Prefer Basal;No Segment;NPP_NON_TARGET;NA,4/4/2022,12/31/2023,12/31/2023,PRODUCT ATTRIBUTES,,Retail,Trulicity core message ,06_Truly More Package
Trulicity,Diabetes,VEEVA_EMAIL,1177251,1177381,Trulicity Lover;Ozempic Lover;Splitter;Extreme Prefer Basal;No Segment;NPP_NON_TARGET;NA,4/4/2022,12/31/2023,12/31/2023,PATIENT/CUSTOMER SUPPORT,,Retail,Trulicity core message ,07_Patient Support
Trulicity,Diabetes,VEEVA_EMAIL,1177251,1177382,Trulicity Lover;Ozempic Lover;Splitter;Extreme Prefer Basal;No Segment;NPP_NON_TARGET;NA,4/4/2022,12/31/2023,12/31/2023,PATIENT AFFORDABILITY,,Retail,Trulicity core message ,08_Savings Card
Trulicity,Diabetes,VEEVA_EMAIL,1177251,1177383,Trulicity Lover;Ozempic Lover;Splitter;Extreme Prefer Basal;No Segment;NPP_NON_TARGET;NA,4/4/2022,12/31/2023,12/31/2023,EFFICACY,,Retail,Trulicity core message ,09_AWARD-11 A1C/Weight
Trulicity,Diabetes,VEEVA_EMAIL,1177251,1177385,Trulicity Lover;Ozempic Lover;Splitter;Extreme Prefer Basal;No Segment;NPP_NON_TARGET;NA,4/4/2022,12/31/2023,12/31/2023,GUIDELINES,,Retail,Trulicity core message ,10_ADA Guidelines
Trulicity,Diabetes,VEEVA_EMAIL,1177251,1177387,Trulicity Lover;Ozempic Lover;Splitter;Extreme Prefer Basal;No Segment;NPP_NON_TARGET;NA,4/4/2022,12/31/2023,12/31/2023,EFFICACY,,Retail,Trulicity core message ,11_AWARD-2 Trulicity vs Lantus
Trulicity,Diabetes,VEEVA_EMAIL,1177251,1177388,Trulicity Lover;Ozempic Lover;Splitter;Extreme Prefer Basal;No Segment;NPP_NON_TARGET;NA,4/4/2022,12/31/2023,12/31/2023,EFFICACY,,Retail,Trulicity core message ,12_Change in Fasting Glucose
Trulicity,Diabetes,VEEVA_EMAIL,1177251,1177392,Trulicity Lover;Ozempic Lover;Splitter;Extreme Prefer Basal;No Segment;NPP_NON_TARGET;NA,4/4/2022,12/31/2023,12/31/2023,EFFICACY,,Retail,Trulicity core message ,13_AWARD 9 Trulicity in combo w/ basal insulin
Trulicity,Diabetes,VEEVA_EMAIL,1177251,1177394,Trulicity Lover;Ozempic Lover;Splitter;Extreme Prefer Basal;No Segment;NPP_NON_TARGET;NA,4/4/2022,12/31/2023,12/31/2023,REAL WORLD EVIDENCE,,Retail,Trulicity core message ,14_Adherence Data vs Ozempic
Verzenio,Breast Cancer - Early,VEEVA_EMAIL,1065741,1065756,CRITICAL;HIGH;MEDIUM;LOW;NONSF;NPP_NON_TARGET;NA,9/4/2022,9/19/2023,9/19/2023,Unmet Need,,Retail,Verzenio EBC Free Text VAE,Unmet Need
Verzenio,Breast Cancer - Early,VEEVA_EMAIL,1065741,1257427,CRITICAL;HIGH;MEDIUM;LOW;NONSF;NPP_NON_TARGET;NA,9/4/2022,9/19/2023,9/19/2023,Patient Type or Identification,,Retail,Verzenio EBC Free Text VAE,Target Patient
Verzenio,Breast Cancer - Early,VEEVA_EMAIL,1065741,1257429,CRITICAL;HIGH;MEDIUM;LOW;NONSF;NPP_NON_TARGET;NA,9/4/2022,9/19/2023,9/19/2023,Patient or Customer Support,,Retail,Verzenio EBC Free Text VAE,Patient or Customer support - Patient Support
Verzenio,Breast Cancer - Early,VEEVA_EMAIL,1065741,1257430,CRITICAL;HIGH;MEDIUM;LOW;NONSF;NPP_NON_TARGET;NA,9/4/2022,9/19/2023,9/19/2023,Safety,Side Effects,Retail,Verzenio EBC Free Text VAE,Side Effect Management
Verzenio,Breast Cancer - Early,VEEVA_EMAIL,1065741,1257455,CRITICAL;HIGH;MEDIUM;LOW;NONSF;NPP_NON_TARGET;NA,9/4/2022,9/19/2023,9/19/2023,Efficacy,MonarchE,Retail,Verzenio EBC Free Text VAE,Efficacy - IDFS Data
Verzenio,Breast Cancer - Early,VEEVA_EMAIL,1133603,1133605,CRITICAL;HIGH;MEDIUM;LOW;NONSF;NPP_NON_TARGET;NA,9/19/2022,9/19/2023,9/19/2023,Dosing,,Retail,Verzenio_Resources VAE_EBC Update,Dosing - Dosing and Admin Guide
Verzenio,Breast Cancer - Early,VEEVA_EMAIL,1133603,1133607,CRITICAL;HIGH;MEDIUM;LOW;NONSF;NPP_NON_TARGET;NA,9/4/2022,9/19/2023,9/19/2023,Patient or Customer Support,,Retail,Verzenio_Resources VAE_EBC Update,Patient or Customer support - Patient Brochure
Verzenio,Breast Cancer - Early,VEEVA_EMAIL,1133603,1133614,CRITICAL;HIGH;MEDIUM;LOW;NONSF;NPP_NON_TARGET;NA,9/4/2022,9/19/2023,9/19/2023,Patient or Customer Support,,Retail,Verzenio_Resources VAE_EBC Update,Patient or Customer support - Digital Starter Kit
Verzenio,Breast Cancer - Early,VEEVA_EMAIL,1133603,1133617,CRITICAL;HIGH;MEDIUM;LOW;NONSF;NPP_NON_TARGET;NA,9/4/2022,9/19/2023,9/19/2023,Patient or Customer Support,,Retail,Verzenio_Resources VAE_EBC Update,Patient or Customer support - Verzenio Continuous Care Program
Verzenio,Breast Cancer - Early,VEEVA_EMAIL,1133603,1133619,CRITICAL;HIGH;MEDIUM;LOW;NONSF;NPP_NON_TARGET;NA,9/4/2022,9/19/2023,9/19/2023,Patient or Customer Support,,Retail,Verzenio_Resources VAE_EBC Update,Patient or Customer support - Patient Start Guide
Verzenio,Breast Cancer - Early,VEEVA_EMAIL,1264383,1352429,CRITICAL;HIGH;MEDIUM;LOW;NONSF;NPP_NON_TARGET;NA,12/12/2022,12/12/2023,12/12/2023,Patient Type or Identification,,Retail,Verzenio Vision Lilly Play 2022 VAE,Patient ID - High Risk of Recurrence
Verzenio,Breast Cancer - Early,VEEVA_EMAIL,1264383,1352431,CRITICAL;HIGH;MEDIUM;LOW;NONSF;NPP_NON_TARGET;NA,12/12/2022,12/12/2023,12/12/2023,Efficacy,MonarchE,Retail,Verzenio Vision Lilly Play 2022 VAE,Efficacy - MonarchE
Verzenio,Breast Cancer - Early,VEEVA_EMAIL,1264383,1352438,CRITICAL;HIGH;MEDIUM;LOW;NONSF;NPP_NON_TARGET;NA,12/12/2022,12/12/2023,12/12/2023,Patient or Customer Support,,Retail,Verzenio Vision Lilly Play 2022 VAE,Patient Support - Verzenio Continuous Care
Verzenio,Breast Cancer - Early,VEEVA_EMAIL,1377717,,CRITICAL;HIGH;MEDIUM;LOW;NONSF;NPP_NON_TARGET;NA,9/19/2022,9/19/2023,9/19/2023,PATIENT AFFORDABILITY,,Retail,2023 Verzenio Savings Card VAE,
Retevmo,Overall,VEEVA_EMAIL,1006081,992646,NICK;SINGLETON;THEO;NPP_NON_TARGET,12/19/2022,8/31/2023,8/31/2023,Efficacy,Thyroid,Retail,RET Resources - Free Text VAE  (PP-SE-US-0741),Thyroid Leave Behind
Retevmo,Lung,VEEVA_EMAIL,1017401,,NICK;SINGLETON;NPP_NON_TARGET,5/2/2022,8/31/2023,8/31/2023,Efficacy,NSCLC CwL,Retail,RET HCP NSCLC Efficacy VAE PP-SE-US-0721,
Retevmo,Lung,VEEVA_EMAIL,1006081,1445976,NICK;SINGLETON;NPP_NON_TARGET,5/29/2023,5/15/2025,5/15/2025,Efficacy,NSCLC,Retail,RET Resources VAE - Free Text   (PP-SE-US-0741),
Retevmo,Lung,VEEVA_EMAIL,1006081,1445996,NICK;SINGLETON;NPP_NON_TARGET,5/29/2023,5/15/2025,5/15/2025,Patient or Customer Support,,Retail,RET Resources VAE - Free Text   (PP-SE-US-0741),
Retevmo,Overall,VEEVA_EMAIL,1477164,1477167,NICK;SINGLETON;THEO;AGNOSTIC;NPP_NON_TARGET,6/12/2023,5/31/2025,5/31/2025,Efficacy,Tumor Agnostic,Retail,RET Key Messages - Free Text VAE (PP-SE-US-1223),
Retevmo,Overall,VEEVA_EMAIL,1006081,948326,NICK;SINGLETON;THEO;AGNOSTIC;NPP_NON_TARGET,5/29/2023,8/31/2023,8/31/2023,Efficacy,Tumor Agnostic,Retail,RET Resources - Free Text  VAE (PP-SE-US-0741),
Retevmo,Overall,VEEVA_EMAIL,1006081,1474016,NICK;SINGLETON;THEO;AGNOSTIC;NPP_NON_TARGET,5/29/2023,2/28/2025,2/28/2025,Efficacy,Tumor Agnostic,Retail,RET Resources - Free Text  VAE (PP-SE-US-0741),
Retevmo,Overall,VEEVA_EMAIL,1477222,,NICK;SINGLETON;THEO;AGNOSTIC;NPP_NON_TARGET,6/1/2023,6/1/2024,6/1/2024,Efficacy,Tumor Agnostic,Retail,Retevmo-HCP-All-VAE-Tumor Agnostic (PP-SE-US-1246),
Retevmo,Overall,VEEVA_EMAIL,1017401,,NICK;SINGLETON;AGNOSTIC;NPP_NON_TARGET,10/4/2021,5/31/2023,5/31/2023,Efficacy,NSCLC CwL,Retail,RET NSCLC CNS Efficacy VAE PP-SE-US-0721,
Retevmo,Overall,VEEVA_EMAIL,1006081,1311892,NICK;SINGLETON;THEO;AGNOSTIC;NPP_NON_TARGET,5/29/2023,5/31/2025,5/31/2025,Patient or Customer Support,,Retail,RET Resources VAE - Free Text   (PP-SE-US-0741),
Retevmo,Overall,VEEVA_EMAIL,1006081,1362604,NICK;SINGLETON;THEO;AGNOSTIC;NPP_NON_TARGET,5/29/2023,2/28/2025,2/28/2025,Patient Affordability,,Retail,RET Resources VAE - Free Text   (PP-SE-US-0741),
Retevmo,Overall,VEEVA_EMAIL,1477164,1477178,NICK;SINGLETON;THEO;NPP_NON_TARGET,6/12/2023,5/31/2025,5/31/2025,Diagnostic,,Retail,RET Key Messages - Free Text VAE (PP-SE-US-1223),
Retevmo,Overall,VEEVA_EMAIL,1477164,1477172,NICK;SINGLETON;THEO;AGNOSTIC;NPP_NON_TARGET,6/12/2023,5/31/2025,5/31/2025,Patient Type or Identification,,Retail,RET Key Messages - Free Text VAE (PP-SE-US-1223),
Retevmo,Overall,VEEVA_EMAIL,1477164,1477174,NICK;SINGLETON;THEO;NPP_NON_TARGET,6/12/2023,5/31/2025,5/31/2025,Guidelines,,Retail,RET Key Messages - Free Text VAE (PP-SE-US-1223),
Retevmo,Overall,VEEVA_EMAIL,669302,,NICK;SINGLETON;THEO;NPP_NON_TARGET,10/4/2021,8/31/2023,8/31/2023,Efficacy,Core,Retail,RET HCP Summary VAE (Label Update Q1 2021) PP-SE-US-0715,
Retevmo,Thyroid,VEEVA_EMAIL,1006081,992646,NICK;SINGLETON;THEO;NPP_NON_TARGET,5/29/2023,2/28/2025,2/28/2025,Efficacy,Thyroid,Retail,RET Resources VAE - Free Text   (PP-SE-US-0741),
Retevmo,Thyroid,VEEVA_EMAIL,1006081,1123567,NICK;SINGLETON;THEO;NPP_NON_TARGET,5/29/2023,2/28/2025,2/28/2025,Patient or Customer Support,Thyroid,Retail,RET Resources VAE - Free Text   (PP-SE-US-0741),
Retevmo,Thyroid,VEEVA_EMAIL,787389,,NICK;SINGLETON;THEO;NPP_NON_TARGET,10/4/2021,11/30/2023,11/30/2023,Efficacy,Thyroid,Retail,RET HCP Thyroid-only VAE PP-SE-US-0751,
