Product,brand_indication,Segment,Dimension,Dimension_Value,Min,Max,Active
TRU,TRU,Critical,Dimension1,F2F_CALL,6,18,Y
TRU,TRU,Critical,Dimension1,VEEVA_EMAIL,4,8,Y
TRU,TRU,Critical,Dimension1,HQ_EMAIL,2,4,Y
TRU,TRU,Critical,Dimension1,DOXIMITY_ALERT,4,12,Y
TRU,TRU,Critical,Dimension1,MEDSCAPE_ALERT,2,12,Y
TRU,TRU,Critical,Dimension1,MEDSCAPE_EMAIL,4,12,Y
TRU,TRU,Critical,Dimension1,HEALTHCASTS,0,0,Y
TRU,TRU,Critical,Dimension1,P2P,0,0,Y
TRU,TRU,Critical,Dimension1,EPOCRATES_ALERT,0,0,Y
TRU,TRU,High,Dimension1,F2F_CALL,6,18,Y
TRU,TRU,High,Dimension1,VEEVA_EMAIL,4,8,Y
TRU,TRU,High,Dimension1,HQ_EMAIL,2,4,Y
TRU,TRU,High,Dimension1,DOXIMITY_ALERT,4,12,Y
TRU,TRU,High,Dimension1,MEDSCAPE_ALERT,2,12,Y
TRU,TRU,High,Dimension1,MEDSCAPE_EMAIL,4,12,Y
TRU,TRU,High,Dimension1,HEALTHCASTS,0,0,Y
TRU,TRU,High,Dimension1,P2P,0,0,Y
TRU,TRU,High,Dimension1,EPOCRATES_ALERT,0,0,Y
TRU,TRU,Medium,Dimension1,F2F_CALL,6,12,Y
TRU,TRU,Medium,Dimension1,VEEVA_EMAIL,4,8,Y
TRU,TRU,Medium,Dimension1,HQ_EMAIL,2,4,Y
TRU,TRU,Medium,Dimension1,DOXIMITY_ALERT,4,12,Y
TRU,TRU,Medium,Dimension1,MEDSCAPE_ALERT,2,12,Y
TRU,TRU,Medium,Dimension1,MEDSCAPE_EMAIL,4,12,Y
TRU,TRU,Medium,Dimension1,HEALTHCASTS,0,0,Y
TRU,TRU,Medium,Dimension1,P2P,0,0,Y
TRU,TRU,Medium,Dimension1,EPOCRATES_ALERT,0,0,Y
TRU,TRU,Low,Dimension1,F2F_CALL,0,10,Y
TRU,TRU,Low,Dimension1,VEEVA_EMAIL,4,8,Y
TRU,TRU,Low,Dimension1,HQ_EMAIL,2,4,Y
TRU,TRU,Low,Dimension1,DOXIMITY_ALERT,4,12,Y
TRU,TRU,Low,Dimension1,MEDSCAPE_ALERT,2,12,Y
TRU,TRU,Low,Dimension1,MEDSCAPE_EMAIL,4,12,Y
TRU,TRU,Low,Dimension1,HEALTHCASTS,0,0,Y
TRU,TRU,Low,Dimension1,P2P,0,0,Y
TRU,TRU,Low,Dimension1,EPOCRATES_ALERT,0,0,Y
TRU,TRU,Unknown,Dimension1,F2F_CALL,0,0,Y
TRU,TRU,Unknown,Dimension1,VEEVA_EMAIL,0,0,Y
TRU,TRU,Unknown,Dimension1,HQ_EMAIL,0,0,Y
TRU,TRU,Unknown,Dimension1,DOXIMITY_ALERT,4,12,Y
TRU,TRU,Unknown,Dimension1,MEDSCAPE_ALERT,2,12,Y
TRU,TRU,Unknown,Dimension1,MEDSCAPE_EMAIL,4,12,Y
TRU,TRU,Unknown,Dimension1,HEALTHCASTS,0,0,Y
TRU,TRU,Unknown,Dimension1,P2P,0,0,Y
TRU,TRU,Unknown,Dimension1,EPOCRATES_ALERT,0,0,Y
VER_MBC,VER_MBC,H,Dimension1,F2F_CALL,0,3,Y
VER_MBC,VER_MBC,H,Dimension1,VEEVA_EMAIL,0,8,Y
VER_MBC,VER_MBC,H,Dimension1,HQ_EMAIL,2,6,Y
VER_MBC,VER_MBC,H,Dimension1,DOXIMITY_ALERT,3,12,Y
VER_MBC,VER_MBC,H,Dimension1,MEDSCAPE_ALERT,2,6,Y
VER_MBC,VER_MBC,H,Dimension1,MEDSCAPE_EMAIL,2,6,Y
VER_MBC,VER_MBC,H,Dimension1,EPOCRATES_ALERT,0,0,Y
VER_MBC,VER_MBC,H,Dimension1,DOXIMITY_DOCSPOT,0,0,Y
VER_MBC,VER_MBC,H,Dimension1,HEALTHCASTS,0,0,Y
VER_MBC,VER_MBC,H,Dimension1,P2P,0,0,Y
VER_MBC,VER_MBC,H,Dimension1,DOXIMITY_VIDEOCARD,0,0,Y
VER_MBC,VER_MBC,M,Dimension1,F2F_CALL,0,3,Y
VER_MBC,VER_MBC,M,Dimension1,VEEVA_EMAIL,0,8,Y
VER_MBC,VER_MBC,M,Dimension1,HQ_EMAIL,2,6,Y
VER_MBC,VER_MBC,M,Dimension1,DOXIMITY_ALERT,3,12,Y
VER_MBC,VER_MBC,M,Dimension1,MEDSCAPE_ALERT,2,6,Y
VER_MBC,VER_MBC,M,Dimension1,MEDSCAPE_EMAIL,2,6,Y
VER_MBC,VER_MBC,M,Dimension1,EPOCRATES_ALERT,0,0,Y
VER_MBC,VER_MBC,M,Dimension1,DOXIMITY_DOCSPOT,0,0,Y
VER_MBC,VER_MBC,M,Dimension1,HEALTHCASTS,0,0,Y
VER_MBC,VER_MBC,M,Dimension1,P2P,0,0,Y
VER_MBC,VER_MBC,M,Dimension1,DOXIMITY_VIDEOCARD,0,0,Y
VER_MBC,VER_MBC,L,Dimension1,F2F_CALL,0,2,Y
VER_MBC,VER_MBC,L,Dimension1,VEEVA_EMAIL,0,4,Y
VER_MBC,VER_MBC,L,Dimension1,HQ_EMAIL,2,6,Y
VER_MBC,VER_MBC,L,Dimension1,DOXIMITY_ALERT,3,12,Y
VER_MBC,VER_MBC,L,Dimension1,MEDSCAPE_ALERT,2,6,Y
VER_MBC,VER_MBC,L,Dimension1,MEDSCAPE_EMAIL,2,6,Y
VER_MBC,VER_MBC,L,Dimension1,EPOCRATES_ALERT,0,0,Y
VER_MBC,VER_MBC,L,Dimension1,DOXIMITY_DOCSPOT,0,0,Y
VER_MBC,VER_MBC,L,Dimension1,HEALTHCASTS,0,0,Y
VER_MBC,VER_MBC,L,Dimension1,P2P,0,0,Y
VER_MBC,VER_MBC,L,Dimension1,DOXIMITY_VIDEOCARD,0,0,Y
VER_MBC,VER_MBC,0,Dimension1,F2F_CALL,0,0,Y
VER_MBC,VER_MBC,0,Dimension1,VEEVA_EMAIL,0,0,Y
VER_MBC,VER_MBC,0,Dimension1,HQ_EMAIL,0,0,Y
VER_MBC,VER_MBC,0,Dimension1,DOXIMITY_ALERT,3,12,Y
VER_MBC,VER_MBC,0,Dimension1,MEDSCAPE_ALERT,2,6,Y
VER_MBC,VER_MBC,0,Dimension1,MEDSCAPE_EMAIL,2,6,Y
VER_MBC,VER_MBC,0,Dimension1,EPOCRATES_ALERT,0,0,Y
VER_MBC,VER_MBC,0,Dimension1,DOXIMITY_DOCSPOT,0,0,Y
VER_MBC,VER_MBC,0,Dimension1,HEALTHCASTS,0,0,Y
VER_MBC,VER_MBC,0,Dimension1,P2P,0,0,Y
VER_MBC,VER_MBC,0,Dimension1,DOXIMITY_VIDEOCARD,0,0,Y
TRU,TRU,Critical,Dimension2,PATIENT_TYPE_IDENTIFICATION,1,70,Y
TRU,TRU,Critical,Dimension2,ACCESS_FORMULARY,1,70,Y
TRU,TRU,Critical,Dimension2,GENERAL,1,70,Y
TRU,TRU,Critical,Dimension2,DOSING,1,70,Y
TRU,TRU,Critical,Dimension2,EFFICACY,1,70,Y
TRU,TRU,Critical,Dimension2,TREATMENT_LANDSCAPE,1,70,Y
TRU,TRU,Critical,Dimension2,RESOURCES,1,70,Y
TRU,TRU,Critical,Dimension2,PRODUCT_ATTRIBUTES,1,70,Y
TRU,TRU,Critical,Dimension2,MOA,1,70,Y
TRU,TRU,High,Dimension2,PATIENT_TYPE_IDENTIFICATION,1,70,Y
TRU,TRU,High,Dimension2,ACCESS_FORMULARY,1,70,Y
TRU,TRU,High,Dimension2,GENERAL,1,70,Y
TRU,TRU,High,Dimension2,DOSING,1,70,Y
TRU,TRU,High,Dimension2,EFFICACY,1,70,Y
TRU,TRU,High,Dimension2,TREATMENT_LANDSCAPE,1,70,Y
TRU,TRU,High,Dimension2,RESOURCES,1,70,Y
TRU,TRU,High,Dimension2,PRODUCT_ATTRIBUTES,1,70,Y
TRU,TRU,High,Dimension2,MOA,1,70,Y
TRU,TRU,Medium,Dimension2,PATIENT_TYPE_IDENTIFICATION,1,70,Y
TRU,TRU,Medium,Dimension2,ACCESS_FORMULARY,1,70,Y
TRU,TRU,Medium,Dimension2,GENERAL,1,70,Y
TRU,TRU,Medium,Dimension2,DOSING,1,70,Y
TRU,TRU,Medium,Dimension2,EFFICACY,1,70,Y
TRU,TRU,Medium,Dimension2,TREATMENT_LANDSCAPE,1,70,Y
TRU,TRU,Medium,Dimension2,RESOURCES,1,70,Y
TRU,TRU,Medium,Dimension2,PRODUCT_ATTRIBUTES,1,70,Y
TRU,TRU,Medium,Dimension2,MOA,1,70,Y
TRU,TRU,Low,Dimension2,PATIENT_TYPE_IDENTIFICATION,1,70,Y
TRU,TRU,Low,Dimension2,ACCESS_FORMULARY,1,70,Y
TRU,TRU,Low,Dimension2,GENERAL,1,70,Y
TRU,TRU,Low,Dimension2,DOSING,1,70,Y
TRU,TRU,Low,Dimension2,EFFICACY,1,70,Y
TRU,TRU,Low,Dimension2,TREATMENT_LANDSCAPE,1,70,Y
TRU,TRU,Low,Dimension2,RESOURCES,1,70,Y
TRU,TRU,Low,Dimension2,PRODUCT_ATTRIBUTES,1,70,Y
TRU,TRU,Low,Dimension2,MOA,1,70,Y
TRU,TRU,Unknown,Dimension2,EFFICACY,1,70,Y
TRU,TRU,Unknown,Dimension2,PATIENT_TYPE_IDENTIFICATION,1,70,Y
TRU,TRU,Unknown,Dimension2,ACCESS_FORMULARY,1,70,Y
TRU,TRU,Unknown,Dimension2,GENERAL,1,70,Y
TRU,TRU,Unknown,Dimension2,DOSING,1,70,Y
TRU,TRU,Unknown,Dimension2,TREATMENT_LANDSCAPE,1,70,Y
TRU,TRU,Unknown,Dimension2,RESOURCES,1,70,Y
TRU,TRU,Unknown,Dimension2,PRODUCT_ATTRIBUTES,1,70,Y
TRU,TRU,Unknown,Dimension2,MOA,1,70,Y
VER_MBC,VER_MBC,H,Dimension2,PATIENT_TYPE_IDENTIFICATION,1,50,Y
VER_MBC,VER_MBC,H,Dimension2,EFFICACY,1,50,Y
VER_MBC,VER_MBC,H,Dimension2,RESOURCES,1,50,Y
VER_MBC,VER_MBC,H,Dimension2,DOSING,1,50,Y
VER_MBC,VER_MBC,H,Dimension2,ACCESS_FORMULARY,1,50,Y
VER_MBC,VER_MBC,H,Dimension2,SIDE_EFFECT_MANAGEMENT,1,50,Y
VER_MBC,VER_MBC,H,Dimension2,GENERAL,1,50,Y
VER_MBC,VER_MBC,H,Dimension2,PRODUCT_ATTRIBUTES,1,50,Y
VER_MBC,VER_MBC,M,Dimension2,PATIENT_TYPE_IDENTIFICATION,1,50,Y
VER_MBC,VER_MBC,M,Dimension2,EFFICACY,1,50,Y
VER_MBC,VER_MBC,M,Dimension2,RESOURCES,1,50,Y
VER_MBC,VER_MBC,M,Dimension2,DOSING,1,50,Y
VER_MBC,VER_MBC,M,Dimension2,ACCESS_FORMULARY,1,50,Y
VER_MBC,VER_MBC,M,Dimension2,SIDE_EFFECT_MANAGEMENT,1,50,Y
VER_MBC,VER_MBC,M,Dimension2,GENERAL,1,50,Y
VER_MBC,VER_MBC,M,Dimension2,PRODUCT_ATTRIBUTES,1,50,Y
VER_MBC,VER_MBC,L,Dimension2,PATIENT_TYPE_IDENTIFICATION,1,50,Y
VER_MBC,VER_MBC,L,Dimension2,EFFICACY,1,50,Y
VER_MBC,VER_MBC,L,Dimension2,RESOURCES,1,50,Y
VER_MBC,VER_MBC,L,Dimension2,DOSING,1,50,Y
VER_MBC,VER_MBC,L,Dimension2,ACCESS_FORMULARY,1,50,Y
VER_MBC,VER_MBC,L,Dimension2,SIDE_EFFECT_MANAGEMENT,1,50,Y
VER_MBC,VER_MBC,L,Dimension2,GENERAL,1,50,Y
VER_MBC,VER_MBC,L,Dimension2,PRODUCT_ATTRIBUTES,1,50,Y
VER_MBC,VER_MBC,0,Dimension2,PATIENT_TYPE_IDENTIFICATION,1,50,Y
VER_MBC,VER_MBC,0,Dimension2,EFFICACY,1,50,Y
VER_MBC,VER_MBC,0,Dimension2,RESOURCES,1,50,Y
VER_MBC,VER_MBC,0,Dimension2,DOSING,1,50,Y
VER_MBC,VER_MBC,0,Dimension2,ACCESS_FORMULARY,1,50,Y
VER_MBC,VER_MBC,0,Dimension2,SIDE_EFFECT_MANAGEMENT,1,50,Y
VER_MBC,VER_MBC,0,Dimension2,GENERAL,1,50,Y
VER_MBC,VER_MBC,0,Dimension2,PRODUCT_ATTRIBUTES,1,50,Y
US_304528,DERM,TIER_2,Dimension2,SAFETY,1,65,Y
US_304486,US_304486,TIER_2,Dimension2,PATIENT_CUSTOMER_SUPPORT,1,60,Y
US_304486,US_304486,TIER_3,Dimension1,VEEVA_EMAIL,4,12,Y
US_304486,US_304486,TIER_1,Dimension1,MEDSCAPE_ALERT,4,8,Y
US_304486,US_304486,TIER_2,Dimension2,STUDY_DESIGN,1,60,Y
US_304528,RHEUM,TIER_5,Dimension2,DIAGNOSTIC,1,48,Y
US_304528,RHEUM,TIER_3,Dimension2,ACCESS_FORMULARY,1,54,Y
US_304528,RHEUM,TIER_3,Dimension2,INITIATION,1,54,Y
US_304528,RHEUM,TIER_4,Dimension2,REAL_WORLD_EVIDENCE,1,48,Y
US_304528,RHEUM,TIER_4,Dimension2,MOA,1,48,Y
US_304486,US_304486,TIER_2,Dimension2,GENERAL,1,60,Y
US_304528,DERM,TIER_3,Dimension2,EASE_OF_ADMINISTRATION,1,59,Y
US_304528,RHEUM,TIER_3,Dimension1,EPOCRATES_QUIZ,0,0,Y
US_304528,DERM,TIER_1,Dimension2,DIAGNOSTIC,1,71,Y
US_304528,DERM,TIER_2,Dimension2,TREATMENT_LANDSCAPE,1,65,Y
US_304528,DERM,TIER_2,Dimension2,PRODUCT_ATTRIBUTES,1,65,Y
US_304528,DERM,TIER_3,Dimension1,F2F_CALL,0,12,Y
US_304486,US_304486,TIER_5,Dimension2,PATIENT_CUSTOMER_SUPPORT,1,60,Y
US_304528,RHEUM,TIER_5,Dimension2,INITIATION,1,48,Y
US_304528,RHEUM,TIER_5,Dimension2,DISEASE_STATE,1,48,Y
US_304528,DERM,UNKNOWN,Dimension2,TREATMENT_LANDSCAPE,0,0,Y
US_304486,US_304486,TIER_2,Dimension2,SAFETY,1,60,Y
US_304486,US_304486,TIER_3,Dimension2,GENERAL,1,60,Y
US_304486,US_304486,TIER_4,Dimension1,MEDSCAPE_EMAIL,2,6,Y
US_304486,US_304486,TIER_3,Dimension2,GUIDELINES,1,60,Y
US_304486,US_304486,TIER_4,Dimension2,MOA,1,60,Y
US_304528,DERM,TIER_4,Dimension1,P2P,0,0,Y
US_304486,US_304486,TIER_1,Dimension2,DIAGNOSTIC,1,60,Y
US_304528,DERM,UNKNOWN,Dimension2,GUIDELINES,0,0,Y
US_304486,US_304486,TIER_4,Dimension1,F2F_CALL,0,6,Y
US_304528,RHEUM,TIER_2,Dimension2,TREATMENT_LANDSCAPE,1,60,Y
US_304486,US_304486,TIER_2,Dimension2,MOA,1,60,Y
US_304486,US_304486,NON_TARGET,Dimension1,MEDSCAPE_EMAIL,2,6,Y
US_304528,DERM,TIER_5,Dimension1,F2F_CALL,0,6,Y
US_304486,US_304486,TIER_1,Dimension2,PATIENT_CUSTOMER_SUPPORT,1,60,Y
US_304528,DERM,TIER_1,Dimension1,F2F_CALL,0,24,Y
US_304528,RHEUM,TIER_1,Dimension2,PATIENT_TYPE_IDENTIFICATION,1,66,Y
US_304528,RHEUM,TIER_2,Dimension2,GUIDELINES,1,60,Y
US_304528,RHEUM,TIER_2,Dimension2,STUDY_DESIGN,1,60,Y
US_304528,DERM,TIER_1,Dimension2,RESOURCES,1,71,Y
US_304528,DERM,TIER_2,Dimension2,PATIENT_CUSTOMER_SUPPORT,1,65,Y
US_304486,US_304486,TIER_5,Dimension1,F2F_CALL,0,6,Y
US_304486,US_304486,TIER_1,Dimension2,REAL_WORLD_EVIDENCE,1,60,Y
US_304528,DERM,TIER_3,Dimension2,RESOURCES,1,59,Y
US_304486,US_304486,TIER_3,Dimension2,PATIENT_TYPE_IDENTIFICATION,1,60,Y
US_304528,DERM,UNKNOWN,Dimension1,EPOCRATES_QUIZ,0,0,Y
US_304528,DERM,TIER_5,Dimension2,TREATMENT_LANDSCAPE,1,53,Y
US_304486,US_304486,TIER_3,Dimension2,OPERATIONAL_LOGISTICS,1,60,Y
US_304528,RHEUM,TIER_1,Dimension2,EFFICACY,1,66,Y
US_304528,DERM,TIER_2,Dimension2,GUIDELINES,1,65,Y
US_304528,RHEUM,TIER_3,Dimension1,VEEVA_EMAIL,0,11,Y
US_304528,RHEUM,TIER_1,Dimension2,GENERAL,1,66,Y
US_304528,DERM,TIER_1,Dimension2,REAL_WORLD_EVIDENCE,1,71,Y
US_304486,US_304486,TIER_4,Dimension2,GUIDELINES,1,60,Y
US_304486,US_304486,TIER_4,Dimension1,P2P,0,0,Y
US_304528,RHEUM,TIER_5,Dimension1,DOXIMITY_ALERT,0,6,Y
US_304528,RHEUM,UNKNOWN,Dimension2,DOSING,0,0,Y
US_304528,RHEUM,UNKNOWN,Dimension2,OPERATIONAL_LOGISTICS,0,0,Y
US_304528,DERM,TIER_1,Dimension2,TREATMENT_LANDSCAPE,1,71,Y
US_304528,RHEUM,TIER_3,Dimension1,MEDSCAPE_ALERT,0,8,Y
US_304528,DERM,TIER_1,Dimension2,INITIATION,1,71,Y
US_304528,DERM,TIER_4,Dimension2,DISEASE_STATE,1,53,Y
US_304528,DERM,TIER_2,Dimension2,STUDY_DESIGN,1,65,Y
US_304486,US_304486,TIER_1,Dimension2,INITIATION,1,60,Y
US_304528,DERM,TIER_2,Dimension2,PATIENT_TYPE_IDENTIFICATION,1,65,Y
US_304486,US_304486,TIER_1,Dimension2,OPERATIONAL_LOGISTICS,1,60,Y
US_304528,DERM,TIER_3,Dimension1,HQ_EMAIL,0,0,Y
US_304528,DERM,TIER_4,Dimension2,EASE_OF_ADMINISTRATION,1,53,Y
US_304486,US_304486,TIER_4,Dimension2,ACCESS_FORMULARY,1,60,Y
US_304486,US_304486,TIER_3,Dimension2,DIAGNOSTIC,1,60,Y
US_304528,DERM,UNKNOWN,Dimension1,EPOCRATES_ALERT,0,0,Y
US_304528,RHEUM,TIER_2,Dimension2,RESOURCES,1,60,Y
US_304486,US_304486,TIER_5,Dimension1,DOXIMITY_ALERT,4,8,Y
US_304486,US_304486,TIER_2,Dimension2,DIAGNOSTIC,1,60,Y
US_304528,RHEUM,UNKNOWN,Dimension2,REAL_WORLD_EVIDENCE,0,0,Y
US_304528,RHEUM,UNKNOWN,Dimension2,TREATMENT_LANDSCAPE,0,0,Y
US_304528,RHEUM,UNKNOWN,Dimension1,MEDSCAPE_EMAIL,0,0,Y
US_304486,US_304486,NON_TARGET,Dimension1,MEDSCAPE_ALERT,4,8,Y
US_304486,US_304486,TIER_1,Dimension2,RESOURCES,1,60,Y
US_304528,RHEUM,UNKNOWN,Dimension2,EFFICACY,0,0,Y
US_304528,RHEUM,TIER_4,Dimension1,VEEVA_EMAIL,0,11,Y
US_304528,RHEUM,TIER_4,Dimension1,F2F_CALL,0,6,Y
US_304528,RHEUM,TIER_5,Dimension2,GENERAL,1,48,Y
US_304528,DERM,UNKNOWN,Dimension2,EASE_OF_ADMINISTRATION,0,0,Y
US_304528,DERM,TIER_1,Dimension1,P2P,0,0,Y
US_304528,RHEUM,TIER_2,Dimension1,EPOCRATES_QUIZ,0,0,Y
US_304486,US_304486,NON_TARGET,Dimension2,INITIATION,1,60,Y
US_304528,DERM,TIER_1,Dimension1,DOXIMITY_ALERT,0,5,Y
US_304486,US_304486,TIER_3,Dimension2,UNMET_NEED,1,60,Y
US_304528,RHEUM,TIER_5,Dimension2,DOSING,1,48,Y
US_304528,RHEUM,TIER_2,Dimension1,VEEVA_EMAIL,0,11,Y
US_304528,RHEUM,TIER_2,Dimension1,P2P,0,0,Y
US_304528,DERM,TIER_3,Dimension1,MEDSCAPE_EMAIL,0,8,Y
US_304528,DERM,TIER_3,Dimension2,ADHERENCE,1,59,Y
US_304528,DERM,UNKNOWN,Dimension2,UNMET_NEED,0,0,Y
US_304486,US_304486,TIER_3,Dimension2,PRODUCT_ATTRIBUTES,1,60,Y
US_304486,US_304486,TIER_4,Dimension2,PRODUCT_ATTRIBUTES,1,60,Y
US_304528,RHEUM,TIER_3,Dimension2,REAL_WORLD_EVIDENCE,1,54,Y
US_304486,US_304486,TIER_1,Dimension2,GUIDELINES,1,60,Y
US_304486,US_304486,TIER_1,Dimension2,STUDY_DESIGN,1,60,Y
US_304528,RHEUM,TIER_5,Dimension2,PATIENT_AFFORDABILITY,1,48,Y
US_304486,US_304486,TIER_3,Dimension1,HQ_EMAIL,0,0,Y
US_304486,US_304486,NON_TARGET,Dimension2,GUIDELINES,1,60,Y
US_304528,RHEUM,TIER_3,Dimension2,PATIENT_TYPE_IDENTIFICATION,1,54,Y
US_304528,RHEUM,TIER_2,Dimension2,MOA,1,60,Y
US_304528,DERM,TIER_1,Dimension1,VEEVA_EMAIL,0,13,Y
US_304486,US_304486,TIER_1,Dimension2,DISEASE_STATE,1,60,Y
US_304528,RHEUM,TIER_1,Dimension2,INITIATION,1,66,Y
US_304528,DERM,TIER_5,Dimension1,DOXIMITY_ALERT,0,5,Y
US_304528,DERM,TIER_5,Dimension2,ACCESS_FORMULARY,1,53,Y
US_304486,US_304486,TIER_4,Dimension1,VEEVA_EMAIL,3,12,Y
US_304528,RHEUM,TIER_5,Dimension2,GUIDELINES,1,48,Y
US_304528,RHEUM,UNKNOWN,Dimension2,MOA,0,0,Y
US_304528,RHEUM,UNKNOWN,Dimension2,EASE_OF_ADMINISTRATION,0,0,Y
US_304528,RHEUM,TIER_4,Dimension2,PRODUCT_ATTRIBUTES,1,48,Y
US_304486,US_304486,TIER_1,Dimension1,VEEVA_EMAIL,4,12,Y
US_304528,DERM,TIER_3,Dimension2,UNMET_NEED,1,59,Y
US_304528,RHEUM,TIER_3,Dimension1,P2P,0,0,Y
US_304486,US_304486,TIER_3,Dimension2,MOA,1,60,Y
US_304486,US_304486,NON_TARGET,Dimension2,MOA,1,60,Y
US_304486,US_304486,TIER_5,Dimension2,REAL_WORLD_EVIDENCE,1,60,Y
US_304528,RHEUM,TIER_3,Dimension2,MOA,1,54,Y
US_304528,DERM,TIER_3,Dimension2,PRODUCT_ATTRIBUTES,1,59,Y
US_304486,US_304486,TIER_1,Dimension2,PRODUCT_ATTRIBUTES,1,60,Y
US_304528,RHEUM,TIER_4,Dimension2,EASE_OF_ADMINISTRATION,1,48,Y
US_304528,RHEUM,TIER_1,Dimension2,STUDY_DESIGN,1,66,Y
US_304528,RHEUM,TIER_5,Dimension2,OPERATIONAL_LOGISTICS,1,48,Y
US_304528,DERM,TIER_4,Dimension1,VEEVA_EMAIL,0,13,Y
US_304486,US_304486,TIER_2,Dimension2,TREATMENT_LANDSCAPE,1,60,Y
US_304528,DERM,UNKNOWN,Dimension2,ACCESS_FORMULARY,0,0,Y
US_304528,DERM,TIER_3,Dimension2,DOSING,1,59,Y
US_304528,DERM,UNKNOWN,Dimension2,PATIENT_CUSTOMER_SUPPORT,0,0,Y
US_304528,DERM,UNKNOWN,Dimension1,F2F_CALL,0,0,Y
US_304486,US_304486,TIER_3,Dimension2,SAFETY,1,60,Y
US_304486,US_304486,TIER_5,Dimension2,TREATMENT_LANDSCAPE,1,60,Y
US_304528,RHEUM,TIER_1,Dimension1,F2F_CALL,0,24,Y
US_304528,RHEUM,TIER_1,Dimension2,OPERATIONAL_LOGISTICS,1,66,Y
US_304528,RHEUM,UNKNOWN,Dimension2,PATIENT_AFFORDABILITY,0,0,Y
US_304528,RHEUM,TIER_3,Dimension2,UNMET_NEED,1,54,Y
US_304486,US_304486,TIER_3,Dimension1,MEDSCAPE_ALERT,4,8,Y
US_304486,US_304486,TIER_4,Dimension2,GENERAL,1,60,Y
US_304528,DERM,TIER_5,Dimension1,MEDSCAPE_ALERT,0,8,Y
US_304486,US_304486,TIER_2,Dimension2,DOSING,1,60,Y
US_304528,RHEUM,TIER_5,Dimension2,SAFETY,1,48,Y
US_304486,US_304486,TIER_4,Dimension2,EFFICACY,1,60,Y
US_304528,DERM,UNKNOWN,Dimension2,DISEASE_STATE,0,0,Y
US_304528,DERM,TIER_3,Dimension2,GENERAL,1,59,Y
US_304486,US_304486,TIER_3,Dimension2,DISEASE_STATE,1,60,Y
US_304528,DERM,TIER_4,Dimension2,DIAGNOSTIC,1,53,Y
US_304528,RHEUM,TIER_1,Dimension2,SAFETY,1,66,Y
US_304528,RHEUM,TIER_1,Dimension2,ACCESS_FORMULARY,1,66,Y
US_304528,DERM,TIER_2,Dimension2,INITIATION,1,65,Y
US_304486,US_304486,TIER_3,Dimension2,ADHERENCE,1,60,Y
US_304486,US_304486,TIER_3,Dimension2,INITIATION,1,60,Y
US_304528,RHEUM,TIER_2,Dimension2,EFFICACY,1,60,Y
US_304528,DERM,TIER_2,Dimension2,REAL_WORLD_EVIDENCE,1,65,Y
US_304528,RHEUM,TIER_4,Dimension2,STUDY_DESIGN,1,48,Y
US_304528,RHEUM,TIER_2,Dimension2,ACCESS_FORMULARY,1,60,Y
US_304528,RHEUM,TIER_4,Dimension2,PATIENT_TYPE_IDENTIFICATION,1,48,Y
US_304528,DERM,TIER_2,Dimension1,HQ_EMAIL,0,0,Y
US_304528,RHEUM,TIER_1,Dimension2,UNMET_NEED,1,66,Y
US_304528,DERM,TIER_3,Dimension2,MOA,1,59,Y
US_304528,DERM,TIER_2,Dimension2,PATIENT_AFFORDABILITY,1,65,Y
US_304486,US_304486,TIER_5,Dimension1,MEDSCAPE_ALERT,4,8,Y
US_304528,RHEUM,TIER_1,Dimension2,PATIENT_AFFORDABILITY,1,66,Y
US_304528,RHEUM,TIER_1,Dimension2,PATIENT_CUSTOMER_SUPPORT,1,66,Y
US_304528,RHEUM,TIER_2,Dimension2,GENERAL,1,60,Y
US_304486,US_304486,NON_TARGET,Dimension1,P2P,0,0,Y
US_304528,DERM,TIER_5,Dimension2,PRODUCT_ATTRIBUTES,1,53,Y
US_304486,US_304486,TIER_4,Dimension2,EASE_OF_ADMINISTRATION,1,60,Y
US_304528,RHEUM,TIER_3,Dimension2,GENERAL,1,54,Y
US_304486,US_304486,TIER_4,Dimension2,DOSING,1,60,Y
US_304528,RHEUM,TIER_5,Dimension2,REAL_WORLD_EVIDENCE,1,48,Y
US_304486,US_304486,TIER_4,Dimension2,STUDY_DESIGN,1,60,Y
US_304528,DERM,UNKNOWN,Dimension1,HQ_EMAIL,0,0,Y
US_304528,DERM,TIER_2,Dimension2,OPERATIONAL_LOGISTICS,1,65,Y
US_304528,RHEUM,TIER_1,Dimension2,RESOURCES,1,66,Y
US_304528,DERM,TIER_2,Dimension2,DIAGNOSTIC,1,65,Y
US_304486,US_304486,TIER_5,Dimension1,HQ_EMAIL,0,0,Y
US_304486,US_304486,TIER_5,Dimension2,EFFICACY,1,60,Y
US_304528,DERM,TIER_4,Dimension1,DOXIMITY_ALERT,0,5,Y
US_304528,DERM,TIER_5,Dimension2,PATIENT_TYPE_IDENTIFICATION,1,53,Y
US_304528,RHEUM,TIER_4,Dimension2,RESOURCES,1,48,Y
US_304528,RHEUM,UNKNOWN,Dimension2,RESOURCES,0,0,Y
US_304528,DERM,TIER_1,Dimension2,EFFICACY,1,71,Y
US_304528,DERM,TIER_3,Dimension1,P2P,0,0,Y
US_304528,RHEUM,TIER_5,Dimension2,ACCESS_FORMULARY,1,48,Y
US_304528,DERM,TIER_5,Dimension2,PATIENT_CUSTOMER_SUPPORT,1,53,Y
VER_MBC,VER_MBC,0,Dimension2,PRODUCT_ATTRIBUTES,1,50,Y
US_304486,US_304486,TIER_4,Dimension2,ADHERENCE,1,60,Y
US_304486,US_304486,TIER_3,Dimension1,F2F_CALL,4,10,Y
US_304528,DERM,UNKNOWN,Dimension1,P2P,0,0,Y
US_304528,DERM,TIER_5,Dimension2,DISEASE_STATE,1,53,Y
US_304528,RHEUM,TIER_5,Dimension2,TREATMENT_LANDSCAPE,1,48,Y
US_304486,US_304486,TIER_1,Dimension1,DOXIMITY_ALERT,4,8,Y
US_304528,RHEUM,TIER_4,Dimension2,DOSING,1,48,Y
US_304528,RHEUM,TIER_1,Dimension1,MEDSCAPE_ALERT,0,8,Y
US_304528,RHEUM,TIER_2,Dimension2,DISEASE_STATE,1,60,Y
US_304486,US_304486,TIER_5,Dimension2,EASE_OF_ADMINISTRATION,1,60,Y
US_304528,RHEUM,UNKNOWN,Dimension1,F2F_CALL,0,0,Y
US_304528,RHEUM,TIER_2,Dimension2,REAL_WORLD_EVIDENCE,1,60,Y
US_304486,US_304486,TIER_2,Dimension2,GUIDELINES,1,60,Y
US_304486,US_304486,TIER_3,Dimension2,STUDY_DESIGN,1,60,Y
US_304528,DERM,TIER_1,Dimension2,ACCESS_FORMULARY,1,71,Y
US_304486,US_304486,TIER_1,Dimension1,MEDSCAPE_EMAIL,2,6,Y
US_304486,US_304486,TIER_4,Dimension1,EPOCRATES_QUIZ,0,0,Y
US_304528,RHEUM,TIER_5,Dimension2,ADHERENCE,1,48,Y
US_304528,DERM,TIER_3,Dimension2,EFFICACY,1,59,Y
US_304486,US_304486,TIER_2,Dimension2,ACCESS_FORMULARY,1,60,Y
US_304528,RHEUM,TIER_4,Dimension1,MEDSCAPE_ALERT,0,8,Y
US_304528,DERM,TIER_4,Dimension2,REAL_WORLD_EVIDENCE,1,53,Y
US_304528,DERM,TIER_1,Dimension2,PATIENT_TYPE_IDENTIFICATION,1,71,Y
US_304486,US_304486,TIER_5,Dimension2,GUIDELINES,1,60,Y
US_304528,RHEUM,TIER_4,Dimension2,GENERAL,1,48,Y
US_304486,US_304486,TIER_5,Dimension2,ADHERENCE,1,60,Y
US_304528,DERM,TIER_4,Dimension2,ADHERENCE,1,53,Y
US_304528,DERM,TIER_2,Dimension1,EPOCRATES_QUIZ,0,0,Y
US_304528,RHEUM,UNKNOWN,Dimension1,DOXIMITY_ALERT,0,0,Y
US_304528,RHEUM,UNKNOWN,Dimension2,PRODUCT_ATTRIBUTES,0,0,Y
US_304528,DERM,TIER_2,Dimension2,UNMET_NEED,1,65,Y
US_304486,US_304486,TIER_5,Dimension2,RESOURCES,1,60,Y
US_304528,DERM,TIER_4,Dimension2,DOSING,1,53,Y
US_304528,DERM,TIER_1,Dimension2,ADHERENCE,1,71,Y
US_304486,US_304486,TIER_2,Dimension2,REAL_WORLD_EVIDENCE,1,60,Y
US_304486,US_304486,TIER_5,Dimension2,GENERAL,1,60,Y
US_304528,RHEUM,TIER_4,Dimension1,P2P,0,0,Y
US_304486,US_304486,TIER_3,Dimension2,PATIENT_CUSTOMER_SUPPORT,1,60,Y
US_304528,DERM,TIER_4,Dimension2,OPERATIONAL_LOGISTICS,1,53,Y
US_304528,DERM,TIER_5,Dimension2,EASE_OF_ADMINISTRATION,1,53,Y
US_304486,US_304486,TIER_5,Dimension2,PATIENT_TYPE_IDENTIFICATION,1,60,Y
US_304486,US_304486,TIER_4,Dimension2,PATIENT_AFFORDABILITY,1,60,Y
US_304486,US_304486,TIER_2,Dimension1,DOXIMITY_ALERT,4,8,Y
US_304486,US_304486,TIER_5,Dimension2,PRODUCT_ATTRIBUTES,1,60,Y
US_304486,US_304486,NON_TARGET,Dimension2,ACCESS_FORMULARY,1,60,Y
US_304528,RHEUM,TIER_4,Dimension2,INITIATION,1,48,Y
US_304528,RHEUM,TIER_3,Dimension2,GUIDELINES,1,54,Y
US_304486,US_304486,TIER_4,Dimension2,PATIENT_TYPE_IDENTIFICATION,1,60,Y
US_304528,DERM,TIER_1,Dimension2,PRODUCT_ATTRIBUTES,1,71,Y
US_304528,DERM,TIER_5,Dimension1,MEDSCAPE_EMAIL,0,8,Y
US_304528,RHEUM,TIER_1,Dimension2,TREATMENT_LANDSCAPE,1,66,Y
US_304528,DERM,TIER_5,Dimension2,DOSING,1,53,Y
US_304528,RHEUM,TIER_1,Dimension1,DOXIMITY_ALERT,0,6,Y
US_304528,DERM,TIER_5,Dimension2,DIAGNOSTIC,1,53,Y
US_304528,DERM,TIER_4,Dimension2,PATIENT_CUSTOMER_SUPPORT,1,53,Y
US_304486,US_304486,TIER_5,Dimension2,UNMET_NEED,1,60,Y
US_304528,RHEUM,TIER_1,Dimension2,REAL_WORLD_EVIDENCE,1,66,Y
US_304528,RHEUM,TIER_3,Dimension2,DISEASE_STATE,1,54,Y
US_304486,US_304486,TIER_5,Dimension2,PATIENT_AFFORDABILITY,1,60,Y
US_304528,RHEUM,TIER_3,Dimension2,DOSING,1,54,Y
US_304486,US_304486,TIER_5,Dimension2,DISEASE_STATE,1,60,Y
US_304486,US_304486,TIER_3,Dimension1,P2P,0,0,Y
US_304528,RHEUM,TIER_5,Dimension2,PATIENT_CUSTOMER_SUPPORT,1,48,Y
US_304486,US_304486,TIER_4,Dimension2,INITIATION,1,60,Y
US_304528,DERM,TIER_3,Dimension1,VEEVA_EMAIL,0,13,Y
US_304528,RHEUM,TIER_5,Dimension1,MEDSCAPE_EMAIL,0,5,Y
US_304528,RHEUM,UNKNOWN,Dimension2,ADHERENCE,0,0,Y
US_304528,DERM,UNKNOWN,Dimension2,EFFICACY,0,0,Y
US_304528,DERM,TIER_5,Dimension2,SAFETY,1,53,Y
US_304528,RHEUM,TIER_2,Dimension2,INITIATION,1,60,Y
US_304528,DERM,TIER_1,Dimension2,PATIENT_AFFORDABILITY,1,71,Y
US_304528,DERM,UNKNOWN,Dimension2,INITIATION,0,0,Y
US_304528,DERM,TIER_4,Dimension2,STUDY_DESIGN,1,53,Y
US_304528,RHEUM,TIER_1,Dimension2,EASE_OF_ADMINISTRATION,1,66,Y
US_304528,RHEUM,TIER_2,Dimension2,DOSING,1,60,Y
US_304528,RHEUM,TIER_3,Dimension1,MEDSCAPE_EMAIL,0,5,Y
US_304486,US_304486,TIER_2,Dimension1,F2F_CALL,4,12,Y
US_304528,DERM,TIER_4,Dimension2,GENERAL,1,53,Y
US_304528,DERM,UNKNOWN,Dimension1,DOXIMITY_ALERT,0,0,Y
US_304528,RHEUM,UNKNOWN,Dimension2,STUDY_DESIGN,0,0,Y
US_304528,RHEUM,UNKNOWN,Dimension2,GENERAL,0,0,Y
US_304528,RHEUM,TIER_4,Dimension2,EFFICACY,1,48,Y
US_304528,DERM,UNKNOWN,Dimension2,GENERAL,0,0,Y
US_304528,RHEUM,TIER_4,Dimension1,MEDSCAPE_EMAIL,0,5,Y
US_304486,US_304486,TIER_1,Dimension2,ADHERENCE,1,60,Y
US_304486,US_304486,NON_TARGET,Dimension2,PATIENT_TYPE_IDENTIFICATION,1,60,Y
US_304528,RHEUM,TIER_5,Dimension2,RESOURCES,1,48,Y
US_304528,DERM,TIER_4,Dimension2,RESOURCES,1,53,Y
US_304528,RHEUM,UNKNOWN,Dimension2,DISEASE_STATE,0,0,Y
US_304486,US_304486,TIER_3,Dimension1,DOXIMITY_ALERT,4,8,Y
US_304486,US_304486,TIER_2,Dimension2,PATIENT_TYPE_IDENTIFICATION,1,60,Y
US_304528,RHEUM,TIER_3,Dimension2,PATIENT_CUSTOMER_SUPPORT,1,54,Y
US_304486,US_304486,TIER_2,Dimension1,HQ_EMAIL,0,0,Y
US_304486,US_304486,NON_TARGET,Dimension2,EFFICACY,1,60,Y
US_304486,US_304486,TIER_1,Dimension2,MOA,1,60,Y
US_304528,RHEUM,TIER_3,Dimension2,PATIENT_AFFORDABILITY,1,54,Y
US_304528,RHEUM,TIER_3,Dimension2,ADHERENCE,1,54,Y
US_304528,DERM,TIER_3,Dimension2,OPERATIONAL_LOGISTICS,1,59,Y
US_304528,RHEUM,UNKNOWN,Dimension2,PATIENT_CUSTOMER_SUPPORT,0,0,Y
US_304486,US_304486,TIER_4,Dimension2,SAFETY,1,60,Y
US_304528,RHEUM,TIER_1,Dimension1,P2P,0,0,Y
US_304486,US_304486,TIER_5,Dimension2,DOSING,1,60,Y
US_304486,US_304486,TIER_5,Dimension2,SAFETY,1,60,Y
US_304528,DERM,TIER_1,Dimension2,GUIDELINES,1,71,Y
US_304528,DERM,TIER_1,Dimension1,HQ_EMAIL,0,0,Y
US_304486,US_304486,TIER_4,Dimension1,DOXIMITY_ALERT,4,8,Y
US_304528,RHEUM,TIER_2,Dimension1,F2F_CALL,0,18,Y
US_304528,RHEUM,TIER_3,Dimension1,DOXIMITY_ALERT,0,6,Y
US_304486,US_304486,TIER_5,Dimension2,MOA,1,60,Y
US_304528,DERM,UNKNOWN,Dimension1,MEDSCAPE_ALERT,0,0,Y
US_304528,RHEUM,TIER_1,Dimension2,ADHERENCE,1,66,Y
US_304486,US_304486,TIER_3,Dimension2,ACCESS_FORMULARY,1,60,Y
US_304486,US_304486,TIER_3,Dimension2,DOSING,1,60,Y
US_304528,DERM,UNKNOWN,Dimension2,SAFETY,0,0,Y
US_304528,DERM,TIER_4,Dimension1,F2F_CALL,0,6,Y
US_304486,US_304486,NON_TARGET,Dimension2,UNMET_NEED,1,60,Y
US_304528,DERM,TIER_3,Dimension2,PATIENT_TYPE_IDENTIFICATION,1,59,Y
US_304528,RHEUM,TIER_4,Dimension2,UNMET_NEED,1,48,Y
US_304486,US_304486,TIER_1,Dimension2,EFFICACY,1,60,Y
US_304486,US_304486,TIER_4,Dimension1,HQ_EMAIL,0,0,Y
US_304528,RHEUM,TIER_1,Dimension1,MEDSCAPE_EMAIL,0,5,Y
US_304486,US_304486,TIER_3,Dimension2,EFFICACY,1,60,Y
US_304486,US_304486,TIER_3,Dimension2,TREATMENT_LANDSCAPE,1,60,Y
US_304528,DERM,TIER_3,Dimension2,PATIENT_CUSTOMER_SUPPORT,1,59,Y
US_304486,US_304486,TIER_1,Dimension2,UNMET_NEED,1,60,Y
US_304486,US_304486,NON_TARGET,Dimension2,DISEASE_STATE,1,60,Y
US_304528,RHEUM,UNKNOWN,Dimension2,UNMET_NEED,0,0,Y
US_304528,RHEUM,TIER_3,Dimension2,OPERATIONAL_LOGISTICS,1,54,Y
US_304528,DERM,TIER_4,Dimension2,TREATMENT_LANDSCAPE,1,53,Y
US_304486,US_304486,TIER_5,Dimension1,VEEVA_EMAIL,3,12,Y
US_304528,DERM,UNKNOWN,Dimension2,PATIENT_TYPE_IDENTIFICATION,0,0,Y
US_304528,RHEUM,TIER_1,Dimension2,MOA,1,66,Y
US_304528,RHEUM,TIER_4,Dimension2,ACCESS_FORMULARY,1,48,Y
US_304528,DERM,TIER_1,Dimension2,DISEASE_STATE,1,71,Y
US_304528,RHEUM,UNKNOWN,Dimension1,HQ_EMAIL,0,0,Y
US_304528,DERM,TIER_2,Dimension2,EFFICACY,1,65,Y
US_304486,US_304486,TIER_3,Dimension2,RESOURCES,1,60,Y
US_304486,US_304486,NON_TARGET,Dimension2,GENERAL,1,60,Y
US_304528,DERM,TIER_4,Dimension2,SAFETY,1,53,Y
US_304486,US_304486,TIER_5,Dimension1,MEDSCAPE_EMAIL,2,6,Y
US_304486,US_304486,TIER_2,Dimension2,PRODUCT_ATTRIBUTES,1,60,Y
US_304486,US_304486,TIER_3,Dimension2,REAL_WORLD_EVIDENCE,1,60,Y
US_304528,DERM,TIER_3,Dimension2,DISEASE_STATE,1,59,Y
US_304486,US_304486,NON_TARGET,Dimension1,DOXIMITY_ALERT,4,8,Y
US_304528,DERM,TIER_2,Dimension2,EASE_OF_ADMINISTRATION,1,65,Y
US_304528,DERM,TIER_3,Dimension2,SAFETY,1,59,Y
US_304486,US_304486,NON_TARGET,Dimension1,EPOCRATES_QUIZ,0,0,Y
US_304486,US_304486,NON_TARGET,Dimension2,STUDY_DESIGN,1,60,Y
US_304528,RHEUM,TIER_3,Dimension2,DIAGNOSTIC,1,54,Y
US_304486,US_304486,TIER_3,Dimension1,MEDSCAPE_EMAIL,2,6,Y
US_304528,DERM,TIER_3,Dimension2,INITIATION,1,59,Y
US_304528,DERM,TIER_5,Dimension2,REAL_WORLD_EVIDENCE,1,53,Y
US_304486,US_304486,TIER_2,Dimension1,EPOCRATES_QUIZ,0,0,Y
US_304528,RHEUM,TIER_3,Dimension2,TREATMENT_LANDSCAPE,1,54,Y
US_304528,DERM,UNKNOWN,Dimension2,DOSING,0,0,Y
US_304528,RHEUM,TIER_3,Dimension2,PRODUCT_ATTRIBUTES,1,54,Y
US_304486,US_304486,TIER_5,Dimension2,INITIATION,1,60,Y
US_304528,DERM,UNKNOWN,Dimension2,PRODUCT_ATTRIBUTES,0,0,Y
US_304528,DERM,TIER_2,Dimension2,ACCESS_FORMULARY,1,65,Y
US_304528,RHEUM,TIER_5,Dimension2,EFFICACY,1,48,Y
US_304528,DERM,TIER_1,Dimension2,MOA,1,71,Y
US_304528,DERM,TIER_2,Dimension2,MOA,1,65,Y
US_304528,DERM,TIER_1,Dimension2,DOSING,1,71,Y
US_304528,DERM,TIER_2,Dimension2,RESOURCES,1,65,Y
US_304528,DERM,TIER_2,Dimension1,F2F_CALL,0,18,Y
US_304528,DERM,TIER_4,Dimension2,MOA,1,53,Y
US_304528,DERM,TIER_5,Dimension2,OPERATIONAL_LOGISTICS,1,53,Y
US_304528,RHEUM,UNKNOWN,Dimension2,GUIDELINES,0,0,Y
US_304486,US_304486,TIER_4,Dimension2,DIAGNOSTIC,1,60,Y
US_304528,RHEUM,TIER_1,Dimension2,GUIDELINES,1,66,Y
US_304528,DERM,UNKNOWN,Dimension2,MOA,0,0,Y
US_304528,RHEUM,TIER_1,Dimension2,DISEASE_STATE,1,66,Y
US_304528,RHEUM,TIER_3,Dimension2,EFFICACY,1,54,Y
US_304528,RHEUM,TIER_2,Dimension2,PATIENT_CUSTOMER_SUPPORT,1,60,Y
US_304528,RHEUM,TIER_5,Dimension2,MOA,1,48,Y
US_304486,US_304486,TIER_2,Dimension2,PATIENT_AFFORDABILITY,1,60,Y
US_304528,DERM,TIER_1,Dimension2,EASE_OF_ADMINISTRATION,1,71,Y
US_304528,RHEUM,TIER_5,Dimension1,EPOCRATES_QUIZ,0,0,Y
US_304528,DERM,UNKNOWN,Dimension2,DIAGNOSTIC,0,0,Y
US_304528,RHEUM,UNKNOWN,Dimension1,VEEVA_EMAIL,0,0,Y
US_304528,RHEUM,TIER_2,Dimension1,HQ_EMAIL,0,0,Y
US_304528,RHEUM,TIER_3,Dimension1,F2F_CALL,0,12,Y
US_304528,DERM,TIER_2,Dimension1,P2P,0,0,Y
US_304528,DERM,TIER_5,Dimension1,VEEVA_EMAIL,0,13,Y
US_304528,RHEUM,TIER_2,Dimension1,MEDSCAPE_EMAIL,0,5,Y
US_304528,DERM,TIER_2,Dimension1,MEDSCAPE_ALERT,0,8,Y
US_304528,DERM,TIER_4,Dimension1,EPOCRATES_QUIZ,0,0,Y
US_304528,DERM,TIER_4,Dimension2,PATIENT_TYPE_IDENTIFICATION,1,53,Y
US_304528,DERM,UNKNOWN,Dimension1,VEEVA_EMAIL,0,0,Y
US_304528,RHEUM,TIER_1,Dimension2,DIAGNOSTIC,1,66,Y
US_304528,DERM,UNKNOWN,Dimension2,STUDY_DESIGN,0,0,Y
US_304528,RHEUM,UNKNOWN,Dimension2,PATIENT_TYPE_IDENTIFICATION,0,0,Y
US_304528,RHEUM,TIER_1,Dimension1,VEEVA_EMAIL,0,11,Y
US_304528,DERM,TIER_2,Dimension2,DOSING,1,65,Y
US_304528,DERM,TIER_5,Dimension2,GUIDELINES,1,53,Y
US_304486,US_304486,TIER_5,Dimension2,OPERATIONAL_LOGISTICS,1,60,Y
US_304486,US_304486,TIER_1,Dimension2,SAFETY,1,60,Y
US_304528,RHEUM,UNKNOWN,Dimension1,P2P,0,0,Y
US_304486,US_304486,NON_TARGET,Dimension2,PATIENT_CUSTOMER_SUPPORT,1,60,Y
US_304528,DERM,TIER_3,Dimension1,EPOCRATES_QUIZ,0,0,Y
US_304528,DERM,UNKNOWN,Dimension2,RESOURCES,0,0,Y
US_304486,US_304486,NON_TARGET,Dimension2,SAFETY,1,60,Y
US_304486,US_304486,TIER_4,Dimension2,UNMET_NEED,1,60,Y
US_304528,DERM,TIER_3,Dimension2,REAL_WORLD_EVIDENCE,1,59,Y
US_304528,RHEUM,TIER_2,Dimension2,ADHERENCE,1,60,Y
US_304486,US_304486,NON_TARGET,Dimension1,VEEVA_EMAIL,0,0,Y
US_304486,US_304486,TIER_4,Dimension1,MEDSCAPE_ALERT,4,8,Y
US_304528,DERM,TIER_3,Dimension2,ACCESS_FORMULARY,1,59,Y
US_304486,US_304486,TIER_4,Dimension2,REAL_WORLD_EVIDENCE,1,60,Y
US_304528,DERM,TIER_4,Dimension2,PATIENT_AFFORDABILITY,1,53,Y
US_304528,RHEUM,TIER_2,Dimension2,DIAGNOSTIC,1,60,Y
US_304528,DERM,TIER_5,Dimension1,P2P,0,0,Y
US_304528,DERM,TIER_5,Dimension2,MOA,1,53,Y
US_304528,RHEUM,TIER_3,Dimension1,HQ_EMAIL,0,0,Y
US_304486,US_304486,TIER_4,Dimension2,PATIENT_CUSTOMER_SUPPORT,1,60,Y
US_304528,RHEUM,TIER_4,Dimension2,SAFETY,1,48,Y
US_304528,DERM,UNKNOWN,Dimension1,MEDSCAPE_EMAIL,0,0,Y
US_304528,DERM,TIER_1,Dimension1,MEDSCAPE_ALERT,0,8,Y
US_304528,RHEUM,TIER_2,Dimension2,SAFETY,1,60,Y
US_304528,DERM,TIER_5,Dimension1,HQ_EMAIL,0,0,Y
US_304528,RHEUM,TIER_5,Dimension2,PATIENT_TYPE_IDENTIFICATION,1,48,Y
US_304528,RHEUM,TIER_1,Dimension1,HQ_EMAIL,0,0,Y
US_304486,US_304486,TIER_2,Dimension1,MEDSCAPE_EMAIL,2,6,Y
US_304528,RHEUM,TIER_2,Dimension2,OPERATIONAL_LOGISTICS,1,60,Y
US_304528,RHEUM,UNKNOWN,Dimension2,INITIATION,0,0,Y
US_304528,DERM,TIER_1,Dimension1,EPOCRATES_QUIZ,0,0,Y
US_304486,US_304486,NON_TARGET,Dimension2,RESOURCES,1,60,Y
US_304528,RHEUM,TIER_5,Dimension2,PRODUCT_ATTRIBUTES,1,48,Y
US_304486,US_304486,TIER_5,Dimension2,ACCESS_FORMULARY,1,60,Y
US_304486,US_304486,NON_TARGET,Dimension1,F2F_CALL,0,0,Y
US_304528,RHEUM,TIER_5,Dimension2,STUDY_DESIGN,1,48,Y
US_304528,RHEUM,TIER_2,Dimension2,PATIENT_AFFORDABILITY,1,60,Y
US_304528,DERM,TIER_5,Dimension2,EFFICACY,1,53,Y
US_304528,RHEUM,TIER_2,Dimension1,MEDSCAPE_ALERT,0,8,Y
US_304528,RHEUM,TIER_2,Dimension2,UNMET_NEED,1,60,Y
US_304528,DERM,UNKNOWN,Dimension2,PATIENT_AFFORDABILITY,0,0,Y
US_304486,US_304486,TIER_2,Dimension2,EFFICACY,1,60,Y
US_304486,US_304486,TIER_3,Dimension2,EASE_OF_ADMINISTRATION,1,60,Y
US_304486,US_304486,NON_TARGET,Dimension2,PRODUCT_ATTRIBUTES,1,60,Y
US_304528,DERM,TIER_4,Dimension2,GUIDELINES,1,53,Y
US_304486,US_304486,TIER_1,Dimension2,EASE_OF_ADMINISTRATION,1,60,Y
US_304528,DERM,TIER_5,Dimension1,EPOCRATES_QUIZ,0,0,Y
US_304486,US_304486,TIER_2,Dimension2,INITIATION,1,60,Y
US_304486,US_304486,TIER_4,Dimension2,RESOURCES,1,60,Y
US_304528,DERM,TIER_5,Dimension2,INITIATION,1,53,Y
US_304486,US_304486,NON_TARGET,Dimension2,DOSING,1,60,Y
US_304528,DERM,TIER_3,Dimension1,MEDSCAPE_ALERT,0,8,Y
US_304528,RHEUM,TIER_3,Dimension2,RESOURCES,1,54,Y
US_304486,US_304486,NON_TARGET,Dimension2,PATIENT_AFFORDABILITY,1,60,Y
US_304528,RHEUM,TIER_4,Dimension1,EPOCRATES_QUIZ,0,0,Y
US_304528,DERM,TIER_4,Dimension1,MEDSCAPE_ALERT,0,8,Y
US_304528,RHEUM,TIER_2,Dimension2,EASE_OF_ADMINISTRATION,1,60,Y
US_304528,DERM,TIER_5,Dimension2,PATIENT_AFFORDABILITY,1,53,Y
US_304528,RHEUM,TIER_4,Dimension2,GUIDELINES,1,48,Y
US_304486,US_304486,NON_TARGET,Dimension2,TREATMENT_LANDSCAPE,1,60,Y
US_304486,US_304486,TIER_3,Dimension2,PATIENT_AFFORDABILITY,1,60,Y
US_304486,US_304486,NON_TARGET,Dimension2,REAL_WORLD_EVIDENCE,1,60,Y
US_304528,DERM,TIER_2,Dimension1,MEDSCAPE_EMAIL,0,8,Y
US_304486,US_304486,TIER_3,Dimension1,EPOCRATES_QUIZ,0,0,Y
US_304528,RHEUM,TIER_5,Dimension2,UNMET_NEED,1,48,Y
US_304528,RHEUM,TIER_4,Dimension1,HQ_EMAIL,0,0,Y
US_304528,DERM,TIER_2,Dimension1,DOXIMITY_ALERT,0,5,Y
US_304528,RHEUM,TIER_4,Dimension2,PATIENT_CUSTOMER_SUPPORT,1,48,Y
US_304486,US_304486,NON_TARGET,Dimension2,OPERATIONAL_LOGISTICS,1,60,Y
US_304528,RHEUM,TIER_4,Dimension2,PATIENT_AFFORDABILITY,1,48,Y
US_304528,RHEUM,TIER_2,Dimension2,PRODUCT_ATTRIBUTES,1,60,Y
US_304528,DERM,TIER_5,Dimension2,STUDY_DESIGN,1,53,Y
US_304486,US_304486,TIER_1,Dimension1,HQ_EMAIL,0,0,Y
US_304486,US_304486,TIER_1,Dimension2,ACCESS_FORMULARY,1,60,Y
US_304528,RHEUM,TIER_3,Dimension2,STUDY_DESIGN,1,54,Y
US_304486,US_304486,NON_TARGET,Dimension2,EASE_OF_ADMINISTRATION,1,60,Y
US_304528,RHEUM,UNKNOWN,Dimension2,SAFETY,0,0,Y
US_304486,US_304486,TIER_5,Dimension2,STUDY_DESIGN,1,60,Y
US_304528,DERM,TIER_2,Dimension2,GENERAL,1,65,Y
US_304528,RHEUM,TIER_5,Dimension1,HQ_EMAIL,0,0,Y
US_304486,US_304486,TIER_1,Dimension2,GENERAL,1,60,Y
US_304528,DERM,TIER_4,Dimension1,HQ_EMAIL,0,0,Y
US_304528,DERM,TIER_1,Dimension2,UNMET_NEED,1,71,Y
US_304528,DERM,TIER_2,Dimension2,ADHERENCE,1,65,Y
US_304528,DERM,TIER_5,Dimension2,ADHERENCE,1,53,Y
US_304528,DERM,TIER_1,Dimension2,STUDY_DESIGN,1,71,Y
US_304528,RHEUM,TIER_4,Dimension2,TREATMENT_LANDSCAPE,1,48,Y
US_304486,US_304486,TIER_1,Dimension2,TREATMENT_LANDSCAPE,1,60,Y
US_304486,US_304486,TIER_1,Dimension1,EPOCRATES_QUIZ,0,0,Y
US_304486,US_304486,NON_TARGET,Dimension2,DIAGNOSTIC,1,60,Y
US_304528,DERM,TIER_4,Dimension1,MEDSCAPE_EMAIL,0,8,Y
US_304528,DERM,TIER_3,Dimension2,TREATMENT_LANDSCAPE,1,59,Y
US_304528,DERM,UNKNOWN,Dimension2,REAL_WORLD_EVIDENCE,0,0,Y
US_304528,DERM,TIER_1,Dimension2,SAFETY,1,71,Y
US_304528,DERM,TIER_4,Dimension2,UNMET_NEED,1,53,Y
US_304528,DERM,TIER_3,Dimension2,DIAGNOSTIC,1,59,Y
US_304528,RHEUM,UNKNOWN,Dimension2,DIAGNOSTIC,0,0,Y
US_304528,DERM,TIER_3,Dimension2,STUDY_DESIGN,1,59,Y
US_304486,US_304486,TIER_1,Dimension2,PATIENT_TYPE_IDENTIFICATION,1,60,Y
US_304528,DERM,TIER_1,Dimension2,OPERATIONAL_LOGISTICS,1,71,Y
US_304486,US_304486,TIER_2,Dimension2,EASE_OF_ADMINISTRATION,1,60,Y
US_304528,RHEUM,TIER_2,Dimension1,DOXIMITY_ALERT,0,6,Y
US_304528,DERM,TIER_1,Dimension1,MEDSCAPE_EMAIL,0,8,Y
US_304528,RHEUM,UNKNOWN,Dimension1,EPOCRATES_QUIZ,0,0,Y
US_304528,RHEUM,TIER_4,Dimension2,DIAGNOSTIC,1,48,Y
US_304486,US_304486,TIER_1,Dimension1,F2F_CALL,4,12,Y
US_304528,DERM,TIER_2,Dimension2,DISEASE_STATE,1,65,Y
US_304528,RHEUM,TIER_5,Dimension1,VEEVA_EMAIL,0,11,Y
US_304528,DERM,TIER_4,Dimension2,INITIATION,1,53,Y
US_304528,RHEUM,TIER_5,Dimension1,F2F_CALL,0,6,Y
US_304528,RHEUM,TIER_3,Dimension2,SAFETY,1,54,Y
US_304486,US_304486,TIER_2,Dimension2,DISEASE_STATE,1,60,Y
US_304528,RHEUM,TIER_1,Dimension1,EPOCRATES_QUIZ,0,0,Y
US_304528,RHEUM,TIER_5,Dimension1,P2P,0,0,Y
US_304528,RHEUM,TIER_1,Dimension2,PRODUCT_ATTRIBUTES,1,66,Y
US_304528,RHEUM,UNKNOWN,Dimension2,ACCESS_FORMULARY,0,0,Y
US_304528,RHEUM,TIER_2,Dimension2,PATIENT_TYPE_IDENTIFICATION,1,60,Y
US_304486,US_304486,TIER_4,Dimension2,TREATMENT_LANDSCAPE,1,60,Y
US_304528,RHEUM,TIER_5,Dimension2,EASE_OF_ADMINISTRATION,1,48,Y
US_304486,US_304486,TIER_1,Dimension2,PATIENT_AFFORDABILITY,1,60,Y
US_304486,US_304486,TIER_2,Dimension1,VEEVA_EMAIL,4,12,Y
US_304486,US_304486,TIER_5,Dimension1,EPOCRATES_QUIZ,0,0,Y
US_304486,US_304486,TIER_5,Dimension2,DIAGNOSTIC,1,60,Y
US_304486,US_304486,TIER_5,Dimension1,P2P,0,0,Y
US_304486,US_304486,TIER_1,Dimension2,DOSING,1,60,Y
US_304528,DERM,TIER_5,Dimension2,GENERAL,1,53,Y
US_304528,DERM,TIER_3,Dimension2,PATIENT_AFFORDABILITY,1,59,Y
US_304486,US_304486,TIER_2,Dimension1,P2P,0,0,Y
US_304486,US_304486,TIER_2,Dimension1,MEDSCAPE_ALERT,4,8,Y
US_304528,RHEUM,TIER_3,Dimension2,EASE_OF_ADMINISTRATION,1,54,Y
US_304528,RHEUM,UNKNOWN,Dimension1,EPOCRATES_ALERT,0,0,Y
US_304528,DERM,TIER_4,Dimension2,ACCESS_FORMULARY,1,53,Y
US_304486,US_304486,TIER_4,Dimension2,DISEASE_STATE,1,60,Y
US_304486,US_304486,TIER_2,Dimension2,UNMET_NEED,1,60,Y
US_304528,RHEUM,TIER_4,Dimension2,DISEASE_STATE,1,48,Y
US_304528,DERM,TIER_1,Dimension2,PATIENT_CUSTOMER_SUPPORT,1,71,Y
US_304528,DERM,TIER_4,Dimension2,EFFICACY,1,53,Y
US_304486,US_304486,TIER_2,Dimension2,ADHERENCE,1,60,Y
US_304486,US_304486,NON_TARGET,Dimension1,HQ_EMAIL,0,0,Y
US_304528,DERM,TIER_3,Dimension1,DOXIMITY_ALERT,0,5,Y
US_304486,US_304486,TIER_2,Dimension2,OPERATIONAL_LOGISTICS,1,60,Y
US_304528,DERM,TIER_2,Dimension1,VEEVA_EMAIL,0,13,Y
US_304528,DERM,UNKNOWN,Dimension2,OPERATIONAL_LOGISTICS,0,0,Y
US_304528,RHEUM,TIER_4,Dimension2,ADHERENCE,1,48,Y
US_304486,US_304486,TIER_1,Dimension1,P2P,0,0,Y
US_304528,DERM,TIER_1,Dimension2,GENERAL,1,71,Y
US_304528,DERM,TIER_3,Dimension2,GUIDELINES,1,59,Y
US_304486,US_304486,TIER_2,Dimension2,RESOURCES,1,60,Y
US_304528,RHEUM,TIER_5,Dimension1,MEDSCAPE_ALERT,0,8,Y
US_304528,DERM,UNKNOWN,Dimension2,ADHERENCE,0,0,Y
US_304528,DERM,TIER_4,Dimension2,PRODUCT_ATTRIBUTES,1,53,Y
US_304528,RHEUM,TIER_4,Dimension1,DOXIMITY_ALERT,0,6,Y
US_304528,RHEUM,UNKNOWN,Dimension1,MEDSCAPE_ALERT,0,0,Y
US_304528,RHEUM,TIER_4,Dimension2,OPERATIONAL_LOGISTICS,1,48,Y
US_304528,DERM,TIER_5,Dimension2,RESOURCES,1,53,Y
US_304486,US_304486,TIER_4,Dimension2,OPERATIONAL_LOGISTICS,1,60,Y
US_304528,RHEUM,TIER_1,Dimension2,DOSING,1,66,Y
US_304528,DERM,TIER_5,Dimension2,UNMET_NEED,1,53,Y
US_304486,US_304486,NON_TARGET,Dimension2,ADHERENCE,1,60,Y
US_304528,DERM,TIER_1,Dimension1,EPOCRATES_ALERT,0,5,Y
US_304528,DERM,TIER_2,Dimension1,EPOCRATES_ALERT,0,5,Y
US_304528,DERM,TIER_3,Dimension1,EPOCRATES_ALERT,0,5,Y
US_304528,DERM,TIER_4,Dimension1,EPOCRATES_ALERT,0,5,Y
US_304528,DERM,TIER_5,Dimension1,EPOCRATES_ALERT,0,5,Y
US_304528,RHEUM,TIER_1,Dimension1,EPOCRATES_ALERT,0,1,Y
US_304528,RHEUM,TIER_2,Dimension1,EPOCRATES_ALERT,0,1,Y
US_304528,RHEUM,TIER_3,Dimension1,EPOCRATES_ALERT,0,1,Y
US_304528,RHEUM,TIER_4,Dimension1,EPOCRATES_ALERT,0,1,Y
US_304528,RHEUM,TIER_5,Dimension1,EPOCRATES_ALERT,0,1,Y
US_304486,US_304486,TIER_1,Dimension1,EPOCRATES_ALERT,4,8,Y
US_304486,US_304486,TIER_2,Dimension1,EPOCRATES_ALERT,4,8,Y
US_304486,US_304486,TIER_3,Dimension1,EPOCRATES_ALERT,4,8,Y
US_304486,US_304486,TIER_4,Dimension1,EPOCRATES_ALERT,4,8,Y
US_304486,US_304486,TIER_5,Dimension1,EPOCRATES_ALERT,4,8,Y
US_304486,US_304486,NON_TARGET,Dimension1,EPOCRATES_ALERT,4,8,Y