ID,TYPE,Identifier_Name1,Identifier_Value1,Identifier_Name2,Identifier_Value2,ParamName,ParamValue,DynamicStatements,Delimiter,File_Format,File_Name,Status
1,INPUT_FILE,customer,,,,CUSTOMER_ENTITY_Path,data/context_key=US_CONTEXT/source=customer/,,",",parquet,CUSTOMER,Active
2,INPUT_FILE,product,,,,PRODUCT_ENTITY_Path,data/context_key=US_CONTEXT/source=product/,,",",parquet,PRODUCT,Active
3,INPUT_FILE,,,,,VEEVA_CALL_Path,01_INPUT_FILES/12_VEEVA_OBJECTS/LDG_VEEVA_CALL2/,,",",parquet,LDG_VEEVA_CALL2,Active
4,INPUT_FILE,,,,,VEEVA_CALL_DETAIL_Path,01_INPUT_FILES/12_VEEVA_OBJECTS/LDG_VEEVA_CALL2_DTL/,,",",parquet,LDG_VEEVA_CALL2_DTL,Active
5,INPUT_FILE,,,,,VEEVA_PRODUCT_Path,01_INPUT_FILES/12_VEEVA_OBJECTS/LDG_VEEVA_PROD/,,",",parquet,LDG_VEEVA_PRODUCT,Active
6,INPUT_FILE,,,,,VEEVA_ACCOUNT_Path,01_INPUT_FILES/12_VEEVA_OBJECTS/LDG_VEEVA_ACCOUNTS/,,",",parquet,LDG_VEEVA_ACCOUNTS,Active
7,INPUT_FILE,,,,,VEEVA_SENT_EMAIL_Path,01_INPUT_FILES/12_VEEVA_OBJECTS/LDG_VEEVA_SENT_EMAIL/,,",",parquet,LDG_VEEVA_SENT_EMAIL,Active
8,INPUT_FILE,,,,,VEEVA_APV_DOC_Path,01_INPUT_FILES/12_VEEVA_OBJECTS/LDG_VEEVA_APV_DOC/,,",",parquet,LDG_VEEVA_APV_DOC,Active
9,INPUT_FILE,rep_alignment,,,,REP_ALIGNMENT_Path,data/context_key=US_CONTEXT/source=rep_alignment/,,",",parquet,LDG_REP_ALIGNMENT,Active
10,INPUT_FILE,,,,,TALTZ_PSA_TRIGGER_Path,02_OUTPUT_FILES/INGESTIONS/MASTER/TALTZ_PSA_TRIGGER/,,",",parquet,LDG_BMBU_TALTZ_PSA_AS_TGT,Active
11,INPUT_FILE,,,,,TALTZ_PSO_TRIGGER_Path,02_OUTPUT_FILES/INGESTIONS/MASTER/TALTZ_PSO_TRIGGER/,,",",parquet,LDG_BMBU_TALTZ_PSO_TGT,Active
12,INPUT_FILE,,,,,Metric_Config_File_Path,02_OUTPUT_FILES/INGESTIONS/METRIC_SEGMENT_ASSET/METRIC_CONFIG_FILE/,,",",parquet,Metric_Config_File,Active
13,INPUT_FILE,,,,,M_PROD_XREF_Path,02_OUTPUT_FILES/INGESTIONS/M_PROD_XREF/,,",",parquet,M_PROD_XREF,Active
14,INPUT_FILE,,,,,TALTZ_HCP_ATTRIBUTE_Path,02_OUTPUT_FILES/INGESTIONS/MASTER/TALTZ_HCP_ATTRIBUTE/,,",",parquet,LDG_TALTZ_HCP_ATTRIBUTE,Active
15,INPUT_FILE,,,,,GCCP_Path,02_OUTPUT_FILES/INGESTIONS/EXCLUSION/HCP_GCCP_CONSENTS/,,",",parquet,LDG_GCCP_CONSENTS,Active
16,INPUT_FILE,,,,,Sugg_Map_Path,03_METADATA_FILES/M_SUGG_MAPPING/,,",",csv,SUGG_MAP,Active
17,INPUT_FILE,,,,,INSIGHT_SUMMARY_Path,04_ARCHIVAL/EXTRACTS/INSIGHT_SUMMARY/*/,,|,csv,INSIGHT_SUMMARY,Active
18,OUTPUT_FILE,intermediate_output,,,,Int_Path,02_OUTPUT_FILES/METRIC_SEGMENT_ASSET/ASSET_OUTPUT/INTERMEDIATE/,,,,,Active
19,OUTPUT_FILE,npp_output,,,,NPP_Path,02_OUTPUT_FILES/METRIC_SEGMENT_ASSET/ASSET_OUTPUT/NPP_PIVOT_UP/,,,,,Active
20,OUTPUT_FILE,pp_output,,,,PP_Path,02_OUTPUT_FILES/METRIC_SEGMENT_ASSET/ASSET_OUTPUT/PP_PIVOT_UP/,,,,,Active
21,OUTPUT_FILE,seg_output,,,,SEG_Path,data/context_key=US_CONTEXT/source=entities_attributes/,,,,,Active
22,QUERY,NPP,NPP_DAYS_SINCE_LAST_VAE_CLICKED,INT_DAYS_SINCE_LAST_VAE_CLICKED,"SELECT
UNIVERSE.PROF_SK AS CUSTOMER_ID
,UNIVERSE.PROD_SK AS PRODUCT_ID
,CAST(FROM_UNIXTIME(UNIX_TIMESTAMP(CAST(UNIVERSE.time_bckt_date AS DATE ), """"yyyy-MM-dd""""), """"yyyy-MM-dd"""") AS DATE) AS START_TIME
,CAST(FROM_UNIXTIME(UNIX_TIMESTAMP(CAST(UNIVERSE.time_bckt_date AS DATE ), """"yyyy-MM-dd""""), """"yyyy-MM-dd"""") AS DATE) AS END_TIME
,'DAY' as TIME_GRAIN
,#template_string_1
FROM
(SELECT     CAST(MSTR.CUSTOMER_ID AS STRING) AS PROF_SK
           ,CAST(ATTR_VAL AS STRING)     AS PROD_SK
           ,CAST(#sugg_posted_date AS DATE)   AS TIME_BCKT_DATE 
		   ,#template_string_1
FROM       CUSTOMER MSTR 
LEFT JOIN 
           ( 
				   SELECT CAST(PROF_SK AS STRING)                     AS PROF_SK, 
                         CAST(PROD_SK AS STRING)                     AS PROD_SK, 
                         TIME_BCKT_DATE
						 ,#template_string_1
				  FROM
				  (select 
						PROF_SK
						,PROD_SK
						,#sugg_posted_date AS TIME_BCKT_DATE
						,#template_string_2
						from 
						(
						
						select 
						PROF_SK
						,PROD_SK
						,#template_string_3
						from( 
						
						SELECT 
						PROF_SK
						,PROD_SK
						,ROW_NUMBER() OVER (PARTITION BY PROF_SK,PROD_SK,VAULT_DOCUMENT_ID_VOD__C ORDER BY LAST_CLICK_DATE_VOD__C DESC) AS RNK
						,#template_string_4
						FROM 
						(
						
						SELECT 
						DISTINCT
						enterprise_reference_id__c AS PROF_SK,
						VAULT_DOCUMENT_ID_VOD__C,
						ATTR_VAL AS PROD_SK,
						CAST(SUBSTR(LAST_CLICK_DATE_VOD__C,1,10) AS DATE) AS LAST_CLICK_DATE_VOD__C,
						DATEDIFF(CAST(#sugg_posted_date AS DATE),CAST(SUBSTR(LAST_CLICK_DATE_VOD__C,1,10) AS DATE)) DAYS_DIFF,
						CONCAT(VAULT_DOCUMENT_ID_VOD__C,'_DAYS_SINCE_LAST_VAE_CLICKED') AS METRIC_SK
						FROM 
						LDG_VEEVA_SENT_EMAIL SNT
						INNER JOIN 
						LDG_VEEVA_APV_DOC DOC
						ON 
						SNT.APPROVED_EMAIL_TEMPLATE_VOD__C = DOC.ID
						INNER JOIN LDG_VEEVA_ACCOUNTS ACC 
						ON
						SNT.ACCOUNT_VOD__C=ACC.ID
						INNER JOIN 
						(
						SELECT DISTINCT CNFG_VAL,ATTR_VAL FROM Metric_Config_File WHERE UPPER(PARAM_TYPE)='VAE_TEMPLATE_IDS' 
						AND UPPER(CNFG_TYPE)='VAULT_DOCUMENT_ID_VOD__C'
						AND UPPER(ATTR_NM)='PROD_SK'
						) CNFG 
						ON 
						DOC.VAULT_DOCUMENT_ID_VOD__C=CNFG.CNFG_VAL
						WHERE TRIM(UPPER(SNT.STATUS_VOD__C)) = TRIM(UPPER('DELIVERED_VOD'))
						)A
						)AA WHERE RNK=1 GROUP BY PROF_SK,PROD_SK
						)AAA)INT_VEEVA_TEMPLATE_DAYS_SINCE_VAE_CLICKED
				  
				  )NPP 
ON 
TRIM(UPPER(MSTR.CUSTOMER_ID))=TRIM(UPPER(NPP.PROF_SK))
CROSS JOIN 
(SELECT DISTINCT ATTR_VAL FROM M_PROD_XREF WHERE ACTV='Y' AND UPPER(SRC_NM) = 'TEAM_RESP_CD' AND UPPER(ATTR_NM1)='PROD_SK')XREF
WHERE NPP.PROF_SK IS NULL

UNION ALL

SELECT
CAST(NPP.PROF_SK AS STRING) AS PROF_SK
,CAST(NPP.PROD_SK AS STRING) AS PROD_SK
,CAST(NPP.TIME_BCKT_DATE  AS DATE) AS TIME_BCKT_DATE
,#template_string_1
FROM 
           ( 
				   SELECT CAST(PROF_SK AS STRING)                     AS PROF_SK, 
                         CAST(PROD_SK AS STRING)                     AS PROD_SK, 
                         TIME_BCKT_DATE
						,#template_string_1
				  FROM 
				  (select 
						PROF_SK
						,PROD_SK
						,#sugg_posted_date AS TIME_BCKT_DATE
						,#template_string_2
						from 
						(
						
						select 
						PROF_SK
						,PROD_SK
						,#template_string_3
						from( 
						
						SELECT 
						PROF_SK
						,PROD_SK
						,ROW_NUMBER() OVER (PARTITION BY PROF_SK,PROD_SK,VAULT_DOCUMENT_ID_VOD__C ORDER BY LAST_CLICK_DATE_VOD__C DESC) AS RNK
						,#template_string_4
						FROM 
						(
						
						SELECT 
						DISTINCT
						enterprise_reference_id__c AS PROF_SK,
						VAULT_DOCUMENT_ID_VOD__C,
						ATTR_VAL AS PROD_SK,
						CAST(SUBSTR(LAST_CLICK_DATE_VOD__C,1,10) AS DATE) AS LAST_CLICK_DATE_VOD__C,
						DATEDIFF(CAST(#sugg_posted_date AS DATE),CAST(SUBSTR(LAST_CLICK_DATE_VOD__C,1,10) AS DATE)) DAYS_DIFF,
						CONCAT(VAULT_DOCUMENT_ID_VOD__C,'_DAYS_SINCE_LAST_VAE_CLICKED') AS METRIC_SK
						FROM 
						LDG_VEEVA_SENT_EMAIL SNT
						INNER JOIN 
						LDG_VEEVA_APV_DOC DOC
						ON 
						SNT.APPROVED_EMAIL_TEMPLATE_VOD__C = DOC.ID
						INNER JOIN LDG_VEEVA_ACCOUNTS ACC 
						ON
						SNT.ACCOUNT_VOD__C=ACC.ID
						INNER JOIN 
						(
						SELECT DISTINCT CNFG_VAL,ATTR_VAL FROM Metric_Config_File WHERE UPPER(PARAM_TYPE)='VAE_TEMPLATE_IDS' 
						AND UPPER(CNFG_TYPE)='VAULT_DOCUMENT_ID_VOD__C'
						AND UPPER(ATTR_NM)='PROD_SK'
						) CNFG 
						ON 
						DOC.VAULT_DOCUMENT_ID_VOD__C=CNFG.CNFG_VAL
						WHERE TRIM(UPPER(SNT.STATUS_VOD__C)) = TRIM(UPPER('DELIVERED_VOD'))
						)A
						)AA WHERE RNK=1 GROUP BY PROF_SK,PROD_SK
						)AAA)INT_VEEVA_TEMPLATE_DAYS_SINCE_VAE_CLICKED
				  
			)NPP 
INNER JOIN CUSTOMER MSTR 
ON         NPP.PROF_SK=MSTR.CUSTOMER_ID)UNIVERSE",Backfill_value,365,"VEEVA_SENT_EMAIL##metricname||VEEVA_SENT_EMAIL#COALESCE(cast(#sourcemetricname as double),365)  AS #metricname||VEEVA_SENT_EMAIL#MAX(#sourcemetricname) AS #sourcemetricname||VEEVA_SENT_EMAIL#CASE WHEN VAULT_DOCUMENT_ID_VOD__C ='#template_id'  THEN  DAYS_DIFF END AS #sourcemetricname",,,,InActive
23,QUERY,SEG,SEG_AS_COS_NBRX_30D_PYR_NM,INT_AS_COS_NBRX_30D_PYR_NM,"SELECT DISTINCT CUSTOMER_ID AS CUSTOMER_ID
,xref.ATTR_VAL as PRODUCT_ID
,#template_string_1
FROM LDG_BMBU_TALTZ_PSA_AS_TGT PSA
inner join (select distinct ATTR_VAL,SRC_PROD_NM
from M_PROD_XREF where TRIM(UPPER(attr_nm1))='PROD_SK' and TRIM(UPPER(ACTV))='Y' and
TRIM(UPPER(SRC_NM))='TALTZ_PSA_AS_NRAXSPA_TGT') xref 
on TRIM(UPPER(concat(PSA.product_id,'_',PSA.indication_id)))=TRIM(UPPER(xref.SRC_PROD_NM))",Backfill_value,NULL,TALTZ_PSA_TRIGGER##sourcename AS #metricname,,,,InActive
24,QUERY,SEG,SEG_PSA_COS_TRX_150_TO_300_30D_PYR_NM,INT_PSA_COS_TRX_150_TO_300_30D_PYR_NM,"SELECT DISTINCT CUSTOMER_ID AS CUSTOMER_ID
,xref.ATTR_VAL as PRODUCT_ID
,#template_string_1
FROM LDG_BMBU_TALTZ_PSA_AS_TGT PSA
inner join (select distinct ATTR_VAL,SRC_PROD_NM
from M_PROD_XREF where TRIM(UPPER(attr_nm1))='PROD_SK' and TRIM(UPPER(ACTV))='Y' and
TRIM(UPPER(SRC_NM))='TALTZ_PSA_AS_NRAXSPA_TGT') xref 
on TRIM(UPPER(concat(PSA.product_id,'_',PSA.indication_id)))=TRIM(UPPER(xref.SRC_PROD_NM))",Backfill_value,NULL,TALTZ_PSA_TRIGGER##sourcename AS #metricname,,,,InActive
25,QUERY,SEG,SEG_AS_COS_TRX_150_TO_300_30D_PYR_NM,INT_AS_COS_TRX_150_TO_300_30D_PYR_NM,"SELECT DISTINCT CUSTOMER_ID AS CUSTOMER_ID
,xref.ATTR_VAL as PRODUCT_ID
,#template_string_1
FROM LDG_BMBU_TALTZ_PSA_AS_TGT PSA
inner join (select distinct ATTR_VAL,SRC_PROD_NM
from M_PROD_XREF where TRIM(UPPER(attr_nm1))='PROD_SK' and TRIM(UPPER(ACTV))='Y' and
TRIM(UPPER(SRC_NM))='TALTZ_PSA_AS_NRAXSPA_TGT') xref 
on TRIM(UPPER(concat(PSA.product_id,'_',PSA.indication_id)))=TRIM(UPPER(xref.SRC_PROD_NM))",Backfill_value,NULL,TALTZ_PSA_TRIGGER##sourcename AS #metricname,,,,InActive
26,QUERY,SEG,SEG_ATTRIBUTE_FILES,INT_ATTRIBUTE_FILES,"SELECT DISTINCT CUSTOMER_ID AS CUSTOMER_ID
,xref.ATTR_VAL as PRODUCT_ID
,#template_string_1
FROM LDG_TALTZ_HCP_ATTRIBUTE TAL_ATTR 
inner join (select distinct ATTR_VAL,SRC_PROD_NM
from M_PROD_XREF where TRIM(UPPER(attr_nm1))='PROD_SK' and TRIM(UPPER(ACTV))='Y' and
TRIM(UPPER(SRC_NM)) in ('TALTZ_PSA_AS_NRAXSPA_TGT','TALTZ_PSO_TGT')
)xref
on TRIM(UPPER(concat(TAL_ATTR.product_id,'_',TAL_ATTR.indication_id)))=TRIM(UPPER(xref.SRC_PROD_NM))",Backfill_value,NULL,"HCP_ATTRIBUTE#coalesce(upper(#sourcename), 'NA') AS #metricname",,,,Active
27,QUERY,SEG,SEG_DATE_ON_VAE_CLICKED,INT_DATE_ON_VAE_CLICKED,"SELECT 
PROF_SK as customer_id
,PROD_SK as product_id
,#template_string_1
from 
(
select 
PROF_SK
,PROD_SK
,#template_string_2
from( 

SELECT 
PROF_SK
,PROD_SK
,ROW_NUMBER() OVER (PARTITION BY PROF_SK,PROD_SK,VAULT_DOCUMENT_ID_VOD__C ORDER BY LAST_CLICK_DATE_VOD__C DESC) AS RNK
,#template_string_3
FROM 
(
SELECT 
DISTINCT
enterprise_reference_id__c AS PROF_SK,
VAULT_DOCUMENT_ID_VOD__C,
ATTR_VAL AS PROD_SK,
CAST(SUBSTR(LAST_CLICK_DATE_VOD__C,1,10) AS DATE) AS LAST_CLICK_DATE_VOD__C,
CONCAT(VAULT_DOCUMENT_ID_VOD__C,'_DAYS_SINCE_LAST_VAE_CLICKED') AS METRIC_SK
FROM 
LDG_VEEVA_SENT_EMAIL SNT
INNER JOIN 
LDG_VEEVA_APV_DOC DOC
ON 
SNT.APPROVED_EMAIL_TEMPLATE_VOD__C = DOC.ID
INNER JOIN LDG_VEEVA_ACCOUNTS ACC 
ON
SNT.ACCOUNT_VOD__C=ACC.ID
INNER JOIN 
(
SELECT DISTINCT CNFG_VAL,ATTR_VAL FROM Metric_Config_File WHERE UPPER(PARAM_TYPE)='VAE_TEMPLATE_IDS' 
AND UPPER(CNFG_TYPE)='VAULT_DOCUMENT_ID_VOD__C'
AND UPPER(ATTR_NM)='PROD_SK'
) CNFG 
ON 
DOC.VAULT_DOCUMENT_ID_VOD__C=CNFG.CNFG_VAL
WHERE TRIM(UPPER(SNT.STATUS_VOD__C)) = TRIM(UPPER('DELIVERED_VOD'))
)A
)AA WHERE RNK=1 GROUP BY PROF_SK,PROD_SK
)AAA",Backfill_value,NULL,VEEVA_SENT_EMAIL##metricname||VEEVA_SENT_EMAIL#MAX(#sourcename) AS #sourcename||VEEVA_SENT_EMAIL#CASE WHEN VAULT_DOCUMENT_ID_VOD__C ='#template_id'  THEN  LAST_CLICK_DATE_VOD__C END AS #sourcename,,VEEVA_SENT_EMAIL#MAX(#sourcename) AS #sourcename,,InActive
28,INPUT_FILE,,,,,LEBRI_HCP_ATTRIBUTE_Path,02_OUTPUT_FILES/INGESTIONS/MASTER/LEBRI_HCP_ATTRIBUTES/,,",",parquet,LDG_LEBRI_HCP_ATTRIBUTE,Active
29,INPUT_FILE,,,,,LEBRI_TRIGGERS_METRICS_Path,02_OUTPUT_FILES/INGESTIONS/MASTER/LEBRI_TRIGGERS_METRICS/,,",",parquet,LDG_LEBRI_TRIGGERS_METRICS,Active
30,INPUT_FILE,,,,,LEBRI_TRIGGERS_PAYER_BR_METRICS_Path,02_OUTPUT_FILES/INGESTIONS/MASTER/LEBRI_TRIGGERS_PAYER_BR_METRICS/,,",",parquet,LEBRI_TRIGGERS_PAYER_BR_METRICS,Active
31,INPUT_FILE,,,,,P2P_SPEAKER_PROGRAM_Path,02_OUTPUT_FILES/INGESTIONS/ACTIVITY/LILLY_EVENTS/,,",",parquet,LDG_P2P_SPEAKER_PROGRAM,InActive
32,INPUT_FILE,,,,,SOA_BRAND_EMAILS_Path,02_OUTPUT_FILES/INGESTIONS/ACTIVITY/BRAND_SENT_EMAILS/,,",",parquet,LDG_SOA_BRAND_EMAILS,Active
33,INPUT_FILE,,,,,M_VERSO_CNFG_Path,02_OUTPUT_FILES/INGESTIONS/M_VERSO_CNFG/,,|,csv,M_VERSO_CNFG,InActive
34,QUERY,SEG,SEG_LEBRI_TARGET_SEGMENT,INT_LEBRI_TARGET_SEGMENT,"SELECT DISTINCT CUSTOMER_ID AS CUSTOMER_ID
,xref.ATTR_VAL as PRODUCT_ID 
,#template_string_1
FROM LDG_LEBRI_HCP_ATTRIBUTE LEBRI_ATTR 
inner join (select distinct ATTR_VAL,SRC_PROD_NM
from M_PROD_XREF where TRIM(UPPER(attr_nm1))='PROD_SK' and TRIM(UPPER(ACTV))='Y' and
TRIM(UPPER(SRC_NM)) in ('LEBRI_TGT') 
)xref
on TRIM(UPPER(concat(LEBRI_ATTR.product_id,'_',LEBRI_ATTR.indication_id)))=TRIM(UPPER(xref.SRC_PROD_NM))",Backfill_value,NULL,"LEBRI_TARGET_SEGMENT#coalesce(upper(#sourcemetricname), 'NA') AS #metricname",,,,InActive
35,QUERY,SEG,SEG_LEBRI_PAYER_NAME_TRIGGER,INT_LEBRI_PAYER_NAME_TRIGGER,"SELECT DISTINCT CUSTOMER_ID AS CUSTOMER_ID
,xref.ATTR_VAL as PRODUCT_ID
,#template_string_1
FROM LEBRI_TRIGGERS_PAYER_BR_METRICS LEBRI_PAYER 
inner join (select distinct ATTR_VAL,SRC_PROD_NM
from M_PROD_XREF where TRIM(UPPER(attr_nm1))='PROD_SK' and TRIM(UPPER(ACTV))='Y' and
TRIM(UPPER(SRC_NM)) in ('LEBRI_TGT')
)xref
on TRIM(UPPER(concat(LEBRI_PAYER.product_id,'_',LEBRI_PAYER.indication_id)))=TRIM(UPPER(xref.SRC_PROD_NM))",Backfill_value,NULL,"LEBRI_PAYER_NAME_TRIGGER#coalesce(upper(#sourcemetricname), 'NA') AS #metricname",,,,InActive
36,QUERY,PP,PP_DAYS_SINCE_LAST_CALL,INT_PP_DAYS_SINCE_LAST_CALL,"select call2_vod_master.enterprise_reference_id__c as CUSTOMER_ID,
	   call2_vod_master.prod_sk AS PRODUCT_ID,
	   call2_vod_master.ownerid as REP_ID,
	   #template_string_1 
from (
select VA.enterprise_reference_id__c,call2_vod.account_vod__c,call2_vod.ownerid,call2_vod.call_date_vod__c, xref.ATTR_VAL as prod_sk 
from LDG_VEEVA_CALL2 call2_vod 
inner join LDG_VEEVA_CALL2_DTL call_detail on call_detail.call2_vod__c = call2_vod.id 
inner join LDG_VEEVA_PRODUCT product on product.id = call_detail.product_vod__c 
inner join M_PROD_XREF xref on xref.SRC_PROD_NM = product.External_ID_vod__c
INNER JOIN LDG_VEEVA_ACCOUNTS VA ON call2_vod.account_vod__c=VA.ID
where status_vod__c in ('Submitted_vod') and account_vod__c is not null and Detail_Priority_vod__c <= 3 
and (to_date(from_unixtime(unix_timestamp(CALL_DATE_VOD__C,'yyyy-MM-dd'),'yyyy-MM-dd'))< cast(#sugg_posted_date as date))
AND UPPER(TRIM(XREF.SRC_NM))='VEEVA' AND UPPER(TRIM(XREF.ACTV))='Y' AND UPPER(TRIM(XREF.ATTR_NM1))='PROD_SK'
) call2_vod_master 
group by call2_vod_master.account_vod__c,call2_vod_master.enterprise_reference_id__c,call2_vod_master.ownerid,call2_vod_master.prod_sk",Backfill_value,365,"LEBRI_TRIGGER#nvl(datediff(cast(#sugg_posted_date as date),max(call_date_vod__c)),90) AS #metricname",,,,InActive
37,QUERY,NPP,P2P_POST_LAUNCH,INT_P2P_POST_LAUNCH,"SELECT 
PROF_SK as CUSTOMER_ID
,PROD_SK as PRODUCT_ID
,'DAY' as TIME_GRAIN
,CAST(#sugg_posted_date as DATE) AS START_TIME
,CAST(#sugg_posted_date as DATE) AS END_TIME
,#template_string_1
from(
SELECT 
DENSE_RANK() OVER(PARTITION BY PROF_SK,PROD_SK ORDER BY ACTVY_STRT_DT DESC   ) AS RNK,PROF_SK,PROD_SK,
ACTVY_STRT_DT,SUGG_POSTED_DATE from(

SELECT DISTINCT

P2P.CUSTOMER_ID AS PROF_SK,
ATTR_VAL AS PROD_SK,
product_name,
CAST(FROM_UNIXTIME(UNIX_TIMESTAMP(CAST(P2P.event_start_date AS DATE ), ""yyyy-MM-dd""), ""yyyy-MM-dd"") AS DATE)
AS ACTVY_STRT_DT,
CAST(#sugg_posted_date AS DATE ) AS SUGG_POSTED_DATE,
P2P.event_start_date

FROM 
 ldg_p2p_speaker_program P2P
INNER JOIN 
(SELECT DISTINCT ATTR_VAL,SRC_PROD_NM FROM M_PROD_XREF WHERE SRC_NM='P2P_DERM' AND ACTV='Y' AND SRC_PROD_NM = 'LEBRIKIZUMAB')XREF 
ON 
UPPER(P2P.product_name)=UPPER(XREF.SRC_PROD_NM)

WHERE

UPPER(attendee_status)='INVITED'  
AND 
(event_owner IS NOT NULL OR UPPER(event_owner)<>'NULL')
AND   CAST(P2P.event_start_date AS DATE)<= CAST( date_add(#sugg_posted_date,30) AS DATE) 

#template_string_2
AND P2P.CUSTOMER_ID IS NOT NULL
)Innr
)RK
WHERE RNK=1",Backfill_value,365,"LEBRI_P2P_TRIGGER#DATEDIFF(#sugg_posted_date,#sourcemetricname) AS #metricname||LEBRI_P2P_TRIGGER#AND  CAST(P2P.event_start_date AS DATE) > CAST('#launch_date' AS DATE)",,,,InActive
38,QUERY,NPP,P2P_PRE_LAUNCH,INT_P2P_PRE_LAUNCH,"SELECT PROF_SK as customer_id,
PROD_SK as product_id
,'DAY' as TIME_GRAIN
,CAST(FROM_UNIXTIME(UNIX_TIMESTAMP(CAST(SUGG_POSTED_DATE AS DATE ), ""yyyy-MM-dd""), ""yyyy-MM-dd"") AS DATE) AS START_TIME
,CAST(FROM_UNIXTIME(UNIX_TIMESTAMP(CAST(SUGG_POSTED_DATE AS DATE ), ""yyyy-MM-dd""), ""yyyy-MM-dd"") AS DATE) AS END_TIME
,#template_string_1
FROM 
(
SELECT 
DENSE_RANK() OVER(PARTITION BY PROF_SK ORDER BY ACTVY_STRT_DT DESC ) AS RNK,
PROF_SK,PROD_SK,ACTVY_STRT_DT,SUGG_POSTED_DATE
FROM 
(
SELECT DISTINCT
P2P.CUSTOMER_ID AS PROF_SK,
XREF1.ATTR_VAL AS PROD_SK,
product_name,
CAST(FROM_UNIXTIME(UNIX_TIMESTAMP(CAST(P2P.event_start_date AS DATE ), ""yyyy-MM-dd""), ""yyyy-MM-dd"") AS DATE) AS ACTVY_STRT_DT,
CAST(#sugg_posted_date AS DATE ) AS SUGG_POSTED_DATE,
P2P.event_start_date

FROM 
ldg_p2p_speaker_program P2P
INNER JOIN 
(SELECT DISTINCT SRC_NM,ATTR_VAL,SRC_PROD_NM FROM M_PROD_XREF 
WHERE SRC_NM='P2P_DERM' AND ACTV='Y' AND SRC_PROD_NM != 'LEBRIKIZUMAB')XREF1 
ON 
UPPER(P2P.product_name)=UPPER(XREF1.SRC_PROD_NM)

WHERE  UPPER(attendee_status)='INVITED' 
AND (event_owner IS NOT NULL OR UPPER(event_owner)<>'NULL')
AND P2P.CUSTOMER_ID IS NOT NULL
#template_string_2
)INNR
)RK
WHERE RNK=1",Backfill_value,1000,"LEBRI_P2P_TRIGGER#DATEDIFF(SUGG_POSTED_DATE,#sourcemetricname) AS #metricname||LEBRI_P2P_TRIGGER#AND  CAST(P2P.event_start_date AS DATE) > CAST(date_sub('#launch_date',365) AS DATE)",,,,InActive
39,QUERY,NPP,NPP_NOW_APPROVED,INT_NPP_NOW_APPROVED,"select CUSTOMER_ID,
product_id as PRODUCT_ID,  
'DAY' AS TIME_GRAIN,
CAST(FROM_UNIXTIME(UNIX_TIMESTAMP(CAST(#sugg_posted_date AS DATE ), ""yyyy-MM-dd""), ""yyyy-MM-dd"") AS DATE) AS START_TIME,
CAST(FROM_UNIXTIME(UNIX_TIMESTAMP(CAST(#sugg_posted_date AS DATE ), ""yyyy-MM-dd""), ""yyyy-MM-dd"") AS DATE) AS END_TIME,
#template_string_1
FROM (
select customer_id,product_id,
max(metricdays_since_last_now_approved_engagement) as metricdays_since_last_now_approved_engagement
FROM (
select customer_id,product_id,
metricDAYS_SINCE_LAST_NOW_APPROVED_ENGAGEMENT as metricdays_since_last_now_approved_engagement
FROM (
select customer_id,product_id,metricDAYS_SINCE_LAST_NOW_APPROVED_ENGAGEMENT,
rank() over(partition by customer_id,product_id order by ACTVY_DT desc) as rnk 
FROM (
select 
CAST(lilly_person_id AS string) AS customer_id,
CNFG.PRODUCT_ID,
CNFG.CAMPAIGN_ID,
--CAST(TRIM(UPPER(SOA.TACTIC_ID)) AS string) AS tactic_id,
CAST(ACTVY_DT AS DATE) AS actvy_dt, 
DATEDIFF(CAST(#sugg_posted_date AS DATE),CAST(ACTVY_DT AS DATE)) AS metricDAYS_SINCE_LAST_NOW_APPROVED_ENGAGEMENT
FROM LDG_SOA_BRAND_EMAILS SOA
LEFT JOIN
(SELECT ATTR_NM AS CAMPAIGN_ID,ATTR_VAL AS PRODUCT_ID FROM M_VERSO_CNFG WHERE PARAM_TYPE='CAMPAIGN-PROD MAPPING' and PARAM_VAL = 'LEBRIZIKUMAB') CNFG
ON UPPER(TRIM(CNFG.CAMPAIGN_ID)) = UPPER(TRIM(SOA.CAMPAIGN_ID))
WHERE UPPER(TRIM(DEPARTMENT))='RETAIL' AND UPPER(TRIM(ACTVY_TYPE))='ENGAGEMENT'
--AND upper(CAMPAIGN_ID) IN ('USA-LEB-AD-RETL-BSE-LIL-01022023','USA-LEB-AD-RETL-BSE-SOA-01022023','USA-LEB-AD-RETL-BSE-EHR-02082023')
) T1) T2  where rnk = 1 ) T3 group by customer_id,product_id
) T4",Backfill_value,365,"LEBRI_NOW_APPROVED#CAST(nvl(#metricname,999) AS INT) AS #metricname",,,,InActive
40,QUERY,NPP,NPP_LEBRI_DAYS_SINCE_LAST_VAE_OPENED,INT_NPP_LEBRI_DAYS_SINCE_LAST_VAE_OPENED,"SELECT
ACC.enterprise_reference_id__c AS customer_id,
PROD_SK as product_id,
'DAY' as TIME_GRAIN,
CAST(FROM_UNIXTIME(UNIX_TIMESTAMP(CAST(#sugg_posted_date AS DATE ), """"yyyy-MM-dd""""), """"yyyy-MM-dd"""") AS DATE) AS START_TIME
,CAST(FROM_UNIXTIME(UNIX_TIMESTAMP(CAST(#sugg_posted_date AS DATE ), """"yyyy-MM-dd""""), """"yyyy-MM-dd"""") AS DATE) AS END_TIME
,#template_string_1
from (

 

SELECT 
    ACCOUNT_VOD__C,
    LAST_OPEN_DATE_VOD__C,
    VAE_NAME,
    PRODUCT_VOD__C,
    PRODUCT_NAME,
    PROD_SK,
    RNK from (
SELECT 
    ACCOUNT_VOD__C,
    LAST_OPEN_DATE_VOD__C,
    VAE_NAME,
    PRODUCT_VOD__C,
    PRODUCT_NAME,
    PROD_SK,
    ROW_NUMBER() OVER (PARTITION BY ACCOUNT_VOD__C,PROD_SK ORDER BY LAST_OPEN_DATE_VOD__C DESC) AS RNK
FROM(
SELECT
   ACCOUNT_VOD__C,
   TO_DATE(SUBSTRING(LDG_VEEVA_SENT_EMAIL.LAST_OPEN_DATE_VOD__C, 0, 10)) AS LAST_OPEN_DATE_VOD__C,
   LDG_VEEVA_APV_DOC.NAME AS VAE_NAME,
   LDG_VEEVA_APV_DOC.PRODUCT_VOD__C,
   P.EXTERNAL_ID_VOD__C AS PRODUCT_NAME,
   XREF.ATTR_VAL AS PROD_SK
   FROM LDG_VEEVA_SENT_EMAIL INNER JOIN LDG_VEEVA_APV_DOC 
   ON LDG_VEEVA_SENT_EMAIL.APPROVED_EMAIL_TEMPLATE_VOD__C = LDG_VEEVA_APV_DOC.ID INNER JOIN LDG_VEEVA_PRODUCT P 
   ON LDG_VEEVA_APV_DOC.PRODUCT_VOD__C = P.ID 
   INNER JOIN (SELECT SRC_PROD_NM,ATTR_VAL FROM M_PROD_XREF WHERE SRC_NM = 'VEEVA' AND SRC_PROD_NM = 'US_708127') XREF ON P.EXTERNAL_ID_VOD__C=XREF.SRC_PROD_NM
   WHERE  TRIM(UPPER(LDG_VEEVA_SENT_EMAIL.STATUS_VOD__C)) = TRIM(UPPER('DELIVERED_VOD'))
   )a)b
   WHERE RNK=1
   )UNI1 inner join 
   (SELECT DISTINCT ID,enterprise_reference_id__c FROM  LDG_VEEVA_ACCOUNTS) ACC ON TRIM(UPPER(UNI1.ACCOUNT_VOD__C))=TRIM(UPPER(ACC.ID))",Backfill_value,365,"LEBRI_TRIGGER#DATEDIFF(CAST(#sugg_posted_date AS DATE),CAST(SUBSTR(#sourcemetricname,1,10) AS DATE)) AS #metricname",,,,InActive
41,INPUT_FILE,,,,,Taltz_PSA_TRIGGERS_PAYER_BR_METRICS_Path,02_OUTPUT_FILES/INGESTIONS/MASTER/TALTZ_PSA_TRIGGERS_PAYER_BR_METRICS/,,",",parquet,TALTZ_PSA_TRIGGERS_PAYER_BR_METRICS,Active
42,INPUT_FILE,,,,,Taltz_PSO_TRIGGERS_PAYER_BR_METRICS_Path,02_OUTPUT_FILES/INGESTIONS/MASTER/TALTZ_PSO_TRIGGERS_PAYER_BR_METRICS/,,",",parquet,TALTZ_PSO_TRIGGERS_PAYER_BR_METRICS,Active
43,QUERY,SEG,SEG_TALTZ_PSA_PT,INT_TALTZ_PSA_PT,"SELECT DISTINCT CUSTOMER_ID AS CUSTOMER_ID
,xref.ATTR_VAL as PRODUCT_ID
,#template_string_1
FROM LDG_BMBU_TALTZ_PSA_AS_TGT PSA 
inner join (select distinct ATTR_VAL,SRC_PROD_NM
from M_PROD_XREF where TRIM(UPPER(attr_nm1))='PROD_SK' and TRIM(UPPER(ACTV))='Y' and
TRIM(UPPER(SRC_NM)) in ('TALTZ_PSA_AS_NRAXSPA_TGT')
)xref
on TRIM(UPPER(concat(PSA.product_id,'_',PSA.indication_id)))=TRIM(UPPER(xref.SRC_PROD_NM))",Backfill_value,NULL,TALTZ_PSA_TRIGGER##sourcename AS #metricname,,,,Active
44,QUERY,SEG,SEG_TALTZ_PSO_PT,INT_TALTZ_PSO_PT,"SELECT DISTINCT CUSTOMER_ID AS CUSTOMER_ID
,xref.ATTR_VAL as PRODUCT_ID 
,#template_string_1
FROM LDG_BMBU_TALTZ_PSO_TGT PSO 
inner join (select distinct ATTR_VAL,SRC_PROD_NM
from M_PROD_XREF where TRIM(UPPER(attr_nm1))='PROD_SK' and TRIM(UPPER(ACTV))='Y' and
TRIM(UPPER(SRC_NM)) in ('TALTZ_PSO_TGT') 
)xref
on TRIM(UPPER(concat(PSO.product_id,'_',PSO.indication_id)))=TRIM(UPPER(xref.SRC_PROD_NM))",Backfill_value,NULL,TALTZ_PSO_TRIGGER##sourcename AS #metricname,,,,Active
45,INPUT_FILE,, , , ,ZEPBOUND_TRIGGER_Path,02_OUTPUT_FILES/INGESTIONS/MASTER/ZEPBOUND_TRIGGERS_METRICS/,,",",parquet,LDG_LDO_ZEP_TGT,Active
46,INPUT_FILE,, , , ,MOUNJARO_TRIGGER_Path,02_OUTPUT_FILES/INGESTIONS/MASTER/MOUNJARO_TRIGGERS_METRICS/,,",",parquet,LDG_LDO_MNJ_TGT,Active
47,INPUT_FILE,, , , ,JARDIANCE_TRIGGER_Path,02_OUTPUT_FILES/INGESTIONS/MASTER/JARDIANCE_TRIGGERS_METRICS/,,",",parquet,LDG_LDO_JAR_TGT,Active
48,INPUT_FILE,, , , ,ZEPBOUND_ATTRIBUTE_Path,02_OUTPUT_FILES/INGESTIONS/MASTER/ZEPBOUND_HCP_ATTRIBUTES/,,",",parquet,LDG_LDO_ZEP_HCP_ATTRIBUTE,Active
49,INPUT_FILE,, , , ,MOUNJARO_ATTRIBUTE_Path,02_OUTPUT_FILES/INGESTIONS/MASTER/MOUNJARO_HCP_ATTRIBUTES/,,",",parquet,LDG_LDO_MNJ_HCP_ATTRIBUTE,Active
50,INPUT_FILE,, , , ,JARDIANCE_ATTRIBUTE_Path,02_OUTPUT_FILES/INGESTIONS/MASTER/JARDIANCE_HCP_ATTRIBUTES/,,",",parquet,LDG_LDO_JAR_HCP_ATTRIBUTE,Active
51,INPUT_FILE,, , , ,OBESITY_WEEKLY_TRIGGER_Path,02_OUTPUT_FILES/INGESTIONS/MASTER/HCP_LEVEL_WEEKLY_DATA_OBESITY/,,",",parquet,LDG_LDO_OBS_WEEKLY_TRIGGER,Active
52,INPUT_FILE,,,,,DBU_WEEKLY_TRIGGER_PATH,02_OUTPUT_FILES/INGESTIONS/MASTER/HCP_LEVEL_WEEKLY_DATA_DBU/,,",",parquet,LDG_LDO_DBU_WEEKLY_TRIGGER,Active
53,INPUT_FILE,, , , ,DBU_PREDICTIVE_TRIGGERS_Path,02_OUTPUT_FILES/INGESTIONS/MASTER/DBU_PREDICTIVE_TRIGGERS/,,",",parquet,LDG_LDO_DBU_PREDICTIVE_TRIGGERS,Active
54,INPUT_FILE,,,,,ZEPBOUND_TRIGGER_PAYER_BR_PATH,02_OUTPUT_FILES/INGESTIONS/MASTER/ZEPBOUND_TRIGGERS_PAYER_BR_METRICS/,,",",parquet,LDG_LDO_ZEPBOUND_TRIGGER_PAYER_BR,Active
55,INPUT_FILE,,,,,MOUNJARO_TRIGGER_PAYER_BR_PATH,02_OUTPUT_FILES/INGESTIONS/MASTER/MOUNJARO_TRIGGERS_PAYER_BR_METRICS/,,",",parquet,LDG_LDO_MOUNJARO_TRIGGER_PAYER_BR,Active
56,QUERY,NPP,NPP_LDO_PASSTHROUGH_WEEK,INT_LDO_PASSTHROUGH_WEEK,"SELECT MSTR.CUSTOMER_ID AS CUSTOMER_ID
,XREF.ATTR_VAL AS PRODUCT_ID
,'WEEK' as TIME_GRAIN
, time_bckt_date AS START_TIME
,DATE_ADD(CAST(MSTR.time_bckt_date as DATE),6) AS END_TIME
,#template_string_1
FROM (

    SELECT DISTINCT DBU_WEEK_MNJ.CUSTOMER_ID,XREF.ATTR_VAL AS PRODUCT_ID,to_date(substring(week_st_dt, 0, 10)) as time_bckt_date
    FROM
    LDG_LDO_DBU_WEEKLY_TRIGGER DBU_WEEK_MNJ
INNER JOIN (SELECT DISTINCT ATTR_VAL,SRC_PROD_NM
FROM M_PROD_XREF WHERE UPPER(ATTR_NM1)='PROD_SK' AND UPPER(ACTV)='Y' AND
UPPER(SRC_NM) IN ('MNJ_TGT'))XREF ON 1=1


 ) MSTR

  LEFT JOIN LDG_LDO_DBU_WEEKLY_TRIGGER DBU_WEEK_MNJ
                ON UPPER(TRIM(MSTR.CUSTOMER_ID)) = UPPER(TRIM(DBU_WEEK_MNJ.CUSTOMER_ID))
  AND TRIM(MSTR.time_bckt_date) = to_date(substring(DBU_WEEK_MNJ.week_st_dt, 0, 10))
       INNER JOIN
     (SELECT DISTINCT CUSTOMER_ID FROM CUSTOMER)HCP
  ON UPPER(TRIM(MSTR.CUSTOMER_ID))=UPPER(TRIM(HCP.CUSTOMER_ID))
  INNER JOIN (SELECT DISTINCT ATTR_VAL,SRC_PROD_NM
FROM M_PROD_XREF WHERE UPPER(ATTR_NM1)='PROD_SK' AND UPPER(ACTV)='Y' AND
UPPER(SRC_NM) IN ('MNJ_TGT')) XREF
ON UPPER(TRIM(MSTR.PRODUCT_ID))=UPPER(TRIM(XREF.SRC_PROD_NM))
GROUP BY MSTR.CUSTOMER_ID,XREF.ATTR_VAL,MSTR.time_bckt_date,DATE_ADD(CAST(MSTR.time_bckt_date as DATE),6)",Backfill_value,0,"DBU_WEEKLY_FILE_PERC#COALESCE(MAX(CAST((DBU_WEEK_MNJ.#sourcemetricname*100) AS DOUBLE)), 0) AS #metricname",,,,Active
57,QUERY,NPP,NPP_LDO_PASSTHROUGH_MONTH,INT_LDO_PASSTHROUGH_MONTH,"SELECT MSTR.CUSTOMER_ID AS CUSTOMER_ID
,XREF.ATTR_VAL AS PRODUCT_ID
,'MONTH' as TIME_GRAIN
,CAST(#sugg_posted_date as DATE) AS START_TIME
,CAST(#sugg_posted_date as DATE) AS END_TIME
,#template_string_1
,#template_string_2
,#template_string_3
,#template_string_4
,#template_string_5
,#template_string_6
 
FROM (

    SELECT DISTINCT ZEP_TGT.CUSTOMER_ID, concat(ZEP_TGT.PRODUCT_ID,'_',ZEP_TGT.INDICATION_ID) AS PRODUCT_ID
    FROM
    LDG_LDO_ZEP_TGT ZEP_TGT
UNION
    SELECT DISTINCT MNJ_TGT.CUSTOMER_ID, concat(MNJ_TGT.PRODUCT_ID,'_',MNJ_TGT.INDICATION_ID) AS PRODUCT_ID
    FROM
    LDG_LDO_MNJ_TGT MNJ_TGT
UNION
    SELECT DISTINCT ZEP_OSA_TGT.CUSTOMER_ID, concat(ZEP_OSA_TGT.PRODUCT_ID,'_',ZEP_OSA_TGT.INDICATION_ID) AS PRODUCT_ID
    FROM
    LDG_LDO_ZEP_OSA_TGT ZEP_OSA_TGT
UNION
    SELECT DISTINCT ZEP_TGT.CUSTOMER_ID, 'US_708122_864716' AS PRODUCT_ID
    FROM
    LDG_LDO_ZEP_TGT ZEP_TGT
 
) MSTR
 
  LEFT JOIN LDG_LDO_ZEP_TGT ZEP_TGT
                ON UPPER(TRIM(MSTR.CUSTOMER_ID)) = UPPER(TRIM(ZEP_TGT.CUSTOMER_ID))
                AND (UPPER(TRIM(MSTR.PRODUCT_ID)) = UPPER(TRIM(concat(ZEP_TGT.PRODUCT_ID,'_',ZEP_TGT.INDICATION_ID))) OR UPPER(TRIM(MSTR.PRODUCT_ID)) = 'US_708122_864716')
  LEFT JOIN LDG_LDO_MNJ_TGT MNJ_TGT
                ON UPPER(TRIM(MSTR.CUSTOMER_ID)) = UPPER(TRIM(MNJ_TGT.CUSTOMER_ID))
                AND UPPER(TRIM(MSTR.PRODUCT_ID)) = UPPER(TRIM(concat(MNJ_TGT.PRODUCT_ID,'_',MNJ_TGT.INDICATION_ID)))
  LEFT JOIN LDG_LDO_ZEP_OSA_TGT ZEP_OSA_TGT
                ON UPPER(TRIM(MSTR.CUSTOMER_ID)) = UPPER(TRIM(ZEP_OSA_TGT.CUSTOMER_ID))
                AND UPPER(TRIM(MSTR.PRODUCT_ID)) = UPPER(TRIM(concat(ZEP_OSA_TGT.PRODUCT_ID,'_',ZEP_OSA_TGT.INDICATION_ID)))
  INNER JOIN
     (SELECT DISTINCT CUSTOMER_ID FROM CUSTOMER)HCP
  ON UPPER(TRIM(MSTR.CUSTOMER_ID))=UPPER(TRIM(HCP.CUSTOMER_ID))
  INNER JOIN (SELECT DISTINCT ATTR_VAL,SRC_PROD_NM
FROM M_PROD_XREF WHERE UPPER(ATTR_NM1)='PROD_SK' AND UPPER(ACTV)='Y' AND
UPPER(SRC_NM) IN ('ZEP_TGT','MNJ_TGT','ZEP_OSA_TGT')) XREF
ON UPPER(TRIM(MSTR.PRODUCT_ID))=UPPER(TRIM(XREF.SRC_PROD_NM))
GROUP BY MSTR.CUSTOMER_ID,XREF.ATTR_VAL",Backfill_value,0,"ZEPBOUND_TRIGGER#COALESCE(MAX(CAST(ZEP_TGT.#sourcemetricname AS DOUBLE)), 0) AS #metricname||ZEPBOUND_TRIGGER_PERC#COALESCE(MAX(CAST((ZEP_TGT.#sourcemetricname *100) AS DOUBLE)), 0) AS #metricname||MOUNJARO_TRIGGER#COALESCE(MAX(CAST(MNJ_TGT.#sourcemetricname  AS DOUBLE)), 0) AS #metricname||MOUNJARO_TRIGGER_PERC#COALESCE(MAX(CAST((MNJ_TGT.#sourcemetricname*100)  AS DOUBLE)), 0) AS #metricname||ZEPBOUND_TRIGGER_PERC_ABS#ABS(COALESCE(MAX(CAST((ZEP_TGT.#sourcemetricname*100) AS DOUBLE)), 0)) AS #metricname||ZEPBOUND_OSA_TRIGGER#COALESCE(MAX(CAST(ZEP_OSA_TGT.#sourcemetricname AS DOUBLE)), 0) AS #metricname",,,,Active
58,QUERY,SEG,SEG_LDO,INT_LDO_SEG,"SELECT DISTINCT CUSTOMER_ID AS CUSTOMER_ID
,xref.ATTR_VAL as PRODUCT_ID
,#template_string_1
FROM LDG_LDO_JAR_TGT JAR_TGT
inner join (select distinct ATTR_VAL,SRC_PROD_NM
from M_PROD_XREF where TRIM(UPPER(attr_nm1))='PROD_SK' and TRIM(UPPER(ACTV))='Y' and
TRIM(UPPER(SRC_NM)) in ('JAR_TGT')
)xref
on TRIM(UPPER(concat(JAR_TGT.product_id,'_',JAR_TGT.indication_id)))=TRIM(UPPER(xref.SRC_PROD_NM))",Backfill_value,NULL,"JARDIANCE_TRIGGER_SEG#coalesce(upper(JAR_TGT.#sourcemetricname), 'NA') AS #metricname",,,,InActive
59,QUERY,NPP,NPP_LDO_PASSTHROUGH_PREDICTED_WEEK,INT_LDO_PASSTHROUGH_PREDICTED_WEEK,"SELECT
CUSTOMER_ID,
PRODUCT_ID,
'WEEK' as TIME_GRAIN
,CAST(#sugg_posted_date as DATE) AS START_TIME
,CAST(#sugg_posted_date as DATE) AS END_TIME
,#template_string_1
FROM
(
SELECT
MSTR.CUSTOMER_ID,
MSTR.PROD_SK AS PRODUCT_ID,
MSTR.REPORT_DATE,
                #template_string_2
FROM LDG_LDO_DBU_PREDICTIVE_TRIGGERS MSTR
INNER JOIN (SELECT DISTINCT CUSTOMER_ID FROM CUSTOMER) HCP ON TRIM(UPPER(MSTR.CUSTOMER_ID)) = TRIM(UPPER(HCP.CUSTOMER_ID))
) A
GROUP BY A.CUSTOMER_ID,A.PRODUCT_ID",Backfill_value,0,"PREDICTED_TRIGGER#CAST(MAX(COALESCE(#sourcemetricname,0)) AS DOUBLE) AS #metricname||PREDICTED_TRIGGER#CAST(COALESCE(MSTR.#sourcemetricname,0) AS DOUBLE) AS #sourcemetricname",,,,InActive
60,QUERY,NPP,NPP_LDO_PASSTHROUGH_OBESITY_WEEKLY,INT_LDO_PASSTHROUGH_OBESITY_WEEKLY,"SELECT
MSTR.prof_sk as CUSTOMER_ID,
MSTR.prod_sk as PRODUCT_ID,
'WEEK' as TIME_GRAIN,
MSTR.time_bckt_date as START_TIME,
DATE_ADD(CAST(MSTR.time_bckt_date as DATE),6) as END_TIME
,#template_string_1
FROM
  (
  SELECT distinct TZPO.prof_sk,
                    TZPO.PROD_SK,
   TZPO.time_bckt_date
   FROM (
SELECT
LPAD(TRIM(CUSTOMER_ID),11,0) as prof_sk,
XREF.ATTR_VAL as prod_sk,
to_date(substring(week_st_dt,0,10)) as time_bckt_date
,#template_string_2
from LDG_LDO_OBS_WEEKLY_TRIGGER
INNER JOIN (SELECT DISTINCT ATTR_VAL,SRC_PROD_NM
FROM M_PROD_XREF WHERE UPPER(ATTR_NM1)='PROD_SK' AND UPPER(ACTV)='Y' AND
UPPER(SRC_NM) IN ('ZEP_TGT'))XREF ON 1=1
) TZPO
   ) MSTR
LEFT JOIN
(
SELECT
LPAD(TRIM(CUSTOMER_ID),11,0) as prof_sk,
XREF.ATTR_VAL as prod_sk,
to_date(substring(week_st_dt,0,10)) as time_bckt_date
,#template_string_2
from LDG_LDO_OBS_WEEKLY_TRIGGER
INNER JOIN (SELECT DISTINCT ATTR_VAL,SRC_PROD_NM
FROM M_PROD_XREF WHERE UPPER(ATTR_NM1)='PROD_SK' AND UPPER(ACTV)='Y' AND
UPPER(SRC_NM) IN ('ZEP_TGT'))XREF ON 1=1
 )TZPO ON MSTR.prof_sk=TZPO.prof_sk
AND MSTR.PROD_SK=TZPO.PROD_SK AND MSTR.time_bckt_date = TZPO.time_bckt_date
INNER JOIN
(SELECT DISTINCT CUSTOMER_ID FROM CUSTOMER)HCP
ON MSTR.PROF_SK=HCP.CUSTOMER_ID
group by MSTR.prof_sk,MSTR.prod_sk, MSTR.time_bckt_date,DATE_ADD(CAST(MSTR.time_bckt_date as DATE),6)",Backfill_value,0,"OBESITY_WEEKLY_PERC#CAST(MAX(COALESCE((TZPO.#sourcemetricname*100),0)) AS DOUBLE) AS #metricname||OBESITY_WEEKLY_PERC#cast(#sourcemetricname as DOUBLE) as #sourcemetricname",,,,InActive
61,QUERY,SEG,SEG_LDO_MOUNJARO,INT_LDO_MOUNJARO,"SELECT DISTINCT CUSTOMER_ID AS CUSTOMER_ID
,xref.ATTR_VAL as PRODUCT_ID
,#template_string_1
FROM LDG_LDO_MNJ_HCP_ATTRIBUTE MNJ_HCP
inner join (select distinct ATTR_VAL,SRC_PROD_NM
from M_PROD_XREF where TRIM(UPPER(attr_nm1))='PROD_SK' and TRIM(UPPER(ACTV))='Y' and
TRIM(UPPER(SRC_NM)) in ('MNJ_TGT')
)xref
on TRIM(UPPER(concat(MNJ_HCP.product_id,'_',MNJ_HCP.indication_id)))=TRIM(UPPER(xref.SRC_PROD_NM))",Backfill_value,NULL,"LDO_MOUNJARO_SEG#coalesce(upper(MNJ_HCP.#sourcemetricname), 'NA') AS #metricname",,,,Active
62,QUERY,PP,PP_MNJ_COUNT_CALL,INT_PP_MNJ_COUNT_CALL,"select prof_sk as CUSTOMER_ID,
    rep_sk as REP_ID,
   xref.ATTR_VAL AS PRODUCT_ID,
   #template_string_1
from
(
select distinct call2_vod.ID,call2_vod.call_date_vod__c, VA.enterprise_reference_id__c AS prof_sk, call2_vod.ownerid AS rep_sk
from
(
select id,ownerid,call_date_vod__c,account_vod__c
from LDG_VEEVA_CALL2 where upper(status_vod__c) in ('SUBMITTED_VOD')
) call2_vod
inner join
(select call2_vod__c, product_vod__c from LDG_VEEVA_CALL2_DTL where Detail_Priority_vod__c <= 3) call_detail
on UPPER(TRIM(call_detail.call2_vod__c)) = UPPER(TRIM(call2_vod.id))
INNER JOIN (select id,enterprise_reference_id__c from LDG_VEEVA_ACCOUNTS) VA ON UPPER(TRIM(call2_vod.account_vod__c)) = UPPER(TRIM(VA.ID))
inner join LDG_VEEVA_PRODUCT product on product.id = call_detail.product_vod__c
where account_vod__c is not null
and cast(#sugg_posted_date as date) >= to_date(from_unixtime(unix_timestamp(CALL_DATE_VOD__C,'yyyy-MM-dd'),'yyyy-MM-dd'))
and datediff(cast(#sugg_posted_date as date),to_date(from_unixtime(unix_timestamp(CALL_DATE_VOD__C,'yyyy-MM-dd'),'yyyy-MM-dd'))) <= 56
AND UPPER(product.NAME) NOT LIKE '%WEIGHT%' AND PRODUCT.External_ID_vod__c LIKE
'%613009%'
) call2_vod_master
cross join (select distinct ATTR_VAL from M_PROD_XREF where upper(src_nm) = 'VEEVA' AND
UPPER(TRIM(actv))='Y' AND UPPER(TRIM(attr_nm1)) = 'PROD_SK' AND UPPER(TRIM(tgt_prod_nm))='MOUNJARO') xref
on 1=1
group by call2_vod_master.prof_sk, call2_vod_master.rep_sk,xref.ATTR_VAL",Backfill_value,0,MNJ_CALL_COUNT_8W#cast(count(DISTINCT call2_vod_master.#sourcemetricname) as double) AS #metricname,,,,Active
63,INPUT_FILE,,,,,VERZENIO_EBC_PATH,02_OUTPUT_FILES/INGESTIONS/MASTER/VERZENIO_EBC_TRIGGERS_METRICS/MASTER/,,",",parquet,VERZENIO_EBC,Active
64,INPUT_FILE,,,,,VERZENIO_MBC_PATH,02_OUTPUT_FILES/INGESTIONS/MASTER/VERZENIO_MBC_TRIGGERS_METRICS/MASTER/,,",",parquet,VERZENIO_MBC,Active
65,INPUT_FILE,,,,,JAYPIRCA_CLL_PATH,02_OUTPUT_FILES/INGESTIONS/MASTER/JAYPIRCA_CLL_TRIGGERS_METRICS/MASTER/,,",",parquet,JAYPIRCA_CLL,Active
66,INPUT_FILE,,,,,JAYPIRCA_MCL_PATH,02_OUTPUT_FILES/INGESTIONS/MASTER/JAYPIRCA_MCL_TRIGGERS_METRICS/MASTER/,,",",parquet,JAYPIRCA_MCL,Active
67,INPUT_FILE,,,,,AIML_Path,02_OUTPUT_FILES/INGESTIONS/MASTER/AIML_TRIGGERS_METRICS/,,",",parquet,AIML_TRIGGERS_METRICS,Active
68,INPUT_FILE,,,,,VERZENIO_EBC_SEG_PATH,02_OUTPUT_FILES/INGESTIONS/MASTER/VERZENIO_HCP_ATTRIBUTES/,,",",parquet,VERZENIO_HCP_ATTRIBUTES,Active
69,QUERY,NPP,NPP_OBU_MASTER_PASSTHROUGH,INT_OBU_MASTER_VERZENIO_EBC_PASSTHROUGH,"SELECT 
   CUSTOMER_ID,
   XREF.ATTR_VAL as PRODUCT_ID,
  'DAY' as TIME_GRAIN,
   CAST(trigger_date as DATE) AS START_TIME,
   CAST(trigger_date as DATE) AS END_TIME,
   #template_string_1  
FROM (
  SELECT 
   CUSTOMER_ID, 
   trigger_date,
   trigger_name,
   concat(brand,'_',tumor) as product
   FROM VERZENIO_EBC
) MSTR
inner join M_PROD_XREF XREF on UPPER(TRIM(SRC_PROD_NM)) = MSTR.product 
and UPPER(TRIM(SRC_NM)) = 'OBU_TGT' and ATTR_NM1 = 'PROD_SK'
GROUP BY  CUSTOMER_ID,trigger_date,ATTR_VAL",Backfill Value,0,"MASTER_VERZENIO_EBC_TRIGGER#COALESCE(COUNT(CASE WHEN MSTR.TRIGGER_NAME = '#sourcemetricname' THEN 1 END), 0) as #metricname",,,,Active
70,QUERY,NPP,NPP_OBU_MASTER_DERIVED,INT_OBU_MASTER_VERZENIO_EBC_DERIVED,"select 
CUSTOMER_ID,
PRODUCT_ID,
TIME_GRAIN,
START_TIME,
END_TIME,
round(nvl(a.derived_concordant_pats/(a.derived_concordant_pats + a.derived_nonconcordant_pats)*100,0),2) as  metricMASTER_CONCORDANT_PATS_PERC,
nvl(a.derived_concordant_pats + a.derived_nonconcordant_pats,0) as metricMASTER_TOT_CON_NONCON_PAT
from (
SELECT 
   CUSTOMER_ID,
   XREF.ATTR_VAL as PRODUCT_ID,
   'DAY' as TIME_GRAIN,
   CAST(#sugg_posted_date as DATE) AS START_TIME,
   CAST(#sugg_posted_date as DATE) AS END_TIME,
   #template_string_1
FROM (
  SELECT 
   CUSTOMER_ID, 
   trigger_date,
   trigger_name,
   concat(brand,'_',tumor) as product
   FROM VERZENIO_EBC 
   where CAST(trigger_date as DATE) > date_add(CAST(#sugg_posted_date as DATE), -180)
) MSTR
inner join M_PROD_XREF XREF on UPPER(TRIM(SRC_PROD_NM)) = MSTR.product 
and UPPER(TRIM(SRC_NM)) = 'OBU_TGT' and ATTR_NM1 = 'PROD_SK'
GROUP BY  CUSTOMER_ID,ATTR_VAL)a",Backfill Value,9999,"MASTER_VERZENIO_EBC_DERIVED_TRIGGER#COALESCE(COUNT(CASE WHEN MSTR.TRIGGER_NAME = '#sourcemetricname' THEN 1 END), 0) as #metricname",,,,Active
71,QUERY,NPP,NPP_OBU_MASTER_PASSTHROUGH,INT_OBU_MASTER_JAYPIRCA_CLL_PASSTHROUGH,"SELECT 
   CUSTOMER_ID,
   XREF.ATTR_VAL as PRODUCT_ID,
  'DAY' as TIME_GRAIN,
   CAST(trigger_date as DATE) AS START_TIME,
   CAST(trigger_date as DATE) AS END_TIME,
   #template_string_1   
FROM (
  SELECT 
   CUSTOMER_ID, 
   trigger_date,
   trigger_name,
   concat(brand,'_',tumor) as product
   FROM JAYPIRCA_CLL
) MSTR
inner join M_PROD_XREF XREF on UPPER(TRIM(SRC_PROD_NM)) = MSTR.product 
and UPPER(TRIM(SRC_NM)) = 'OBU_TGT' and ATTR_NM1 = 'PROD_SK'
GROUP BY  CUSTOMER_ID,trigger_date,ATTR_VAL",Backfill Value,0,"MASTER_JAYPRICA_CLL_TRIGGER#COALESCE(COUNT(CASE WHEN MSTR.TRIGGER_NAME = '#sourcemetricname' THEN 1 END), 0) as #metricname",,,,Active
72,QUERY,NPP,NPP_OBU_MASTER_PASSTHROUGH,INT_OBU_MASTER_VERZENIO_MBC_PASSTHROUGH,"SELECT 
   CUSTOMER_ID,
   XREF.ATTR_VAL as PRODUCT_ID,
  'DAY' as TIME_GRAIN,
   CAST(trigger_date as DATE) AS START_TIME,
   CAST(trigger_date as DATE) AS END_TIME,
   #template_string_1  
FROM (
  SELECT 
   CUSTOMER_ID, 
   trigger_date,
   trigger_name,
   concat(brand,'_',tumor) as product
   FROM VERZENIO_MBC
) MSTR
inner join M_PROD_XREF XREF on UPPER(TRIM(SRC_PROD_NM)) = MSTR.product 
and UPPER(TRIM(SRC_NM)) = 'OBU_TGT' and ATTR_NM1 = 'PROD_SK'
GROUP BY  CUSTOMER_ID,trigger_date,ATTR_VAL",Backfill Value,0,"MASTER_VERZENIO_MBC_TRIGGER#COALESCE(COUNT(CASE WHEN MSTR.TRIGGER_NAME = '#sourcemetricname' THEN 1 END), 0) as #metricname",,,,Active
73,QUERY,NPP,NPP_OBU_MASTER_PASSTHROUGH,INT_OBU_MASTER_JAYPIRCA_MCL_PASSTHROUGH,"SELECT 
   CUSTOMER_ID,
   XREF.ATTR_VAL as PRODUCT_ID,
  'DAY' as TIME_GRAIN,
   CAST(trigger_date as DATE) AS START_TIME,
   CAST(trigger_date as DATE) AS END_TIME,
   #template_string_1   
FROM (
  SELECT 
   CUSTOMER_ID, 
   trigger_date,
   trigger_name,
   concat(brand,'_',tumor) as product
   FROM JAYPIRCA_MCL
) MSTR
inner join M_PROD_XREF XREF on UPPER(TRIM(SRC_PROD_NM)) = MSTR.product 
and UPPER(TRIM(SRC_NM)) = 'OBU_TGT' and ATTR_NM1 = 'PROD_SK'
GROUP BY  CUSTOMER_ID,trigger_date,ATTR_VAL",Backfill Value,0,"MASTER_JAYPRICA_MCL_TRIGGER#COALESCE(COUNT(CASE WHEN MSTR.TRIGGER_NAME = '#sourcemetricname' THEN 1 END), 0) as #metricname",,,,Active
74,QUERY,NPP,NPP_OBU_MASTER_DERIVED,INT_OBU_MASTER_VERZENIO_MBC_KISQALI_NBRX_DERIVED,"SELECT 
   CUSTOMER_ID,
   XREF.ATTR_VAL as PRODUCT_ID,
   'DAY' as TIME_GRAIN,
   metricMASTER_kisqali_nbrx_latest,
   tdate AS START_TIME,
   tdate AS END_TIME
FROM ( 
  SELECT  
      kisqali_nbrx_latest as metricMASTER_kisqali_nbrx_latest,
      CUSTOMER_ID,
      trigger_name,
      tdate,product
FROM (
  SELECT 
      COUNT(*) as kisqali_nbrx_latest,
      TBL1.CUSTOMER_ID,
      trigger_name,
      CAST(trigger_date as DATE) AS tdate,
      concat(brand,'_',tumor) as product
FROM verzenio_mbc TBL1
INNER JOIN (
SELECT 
      MAX_VER_NBRX_TRIGGER_DATE,
      CUSTOMER_ID,
      trigger_name as tnm
FROM  (
SELECT 
   CUSTOMER_ID,
   trigger_name,
  COALESCE(MAX(CASE WHEN MSTR.trigger_name = 'verzenio_nbrx' THEN MSTR.trigger_date END) ,'01-01-1900')as MAX_VER_NBRX_TRIGGER_DATE
FROM (
  SELECT 
   CUSTOMER_ID,
   trigger_date,
   trigger_name
   FROM VERZENIO_MBC
   where trigger_name in ('verzenio_nbrx')
) MSTR
GROUP BY CUSTOMER_ID,trigger_name ) A) TBL2
WHERE  TBL2.CUSTOMER_ID=TBL1.CUSTOMER_ID
AND TBL1.trigger_date > TBL2.MAX_VER_NBRX_TRIGGER_DATE 
AND TBL1.trigger_name = 'kisqali_nbrx'
GROUP BY TBL1.CUSTOMER_ID,trigger_name,TBL1.trigger_date,brand,tumor) abc)cde
inner join M_PROD_XREF XREF on UPPER(TRIM(XREF.SRC_PROD_NM)) = cde.product 
and UPPER(TRIM(XREF.SRC_NM)) = 'OBU_TGT' and XREF.ATTR_NM1 = 'PROD_SK'
GROUP BY  CUSTOMER_ID,XREF.ATTR_VAL,metricMASTER_kisqali_nbrx_latest,tdate",Backfill Value,0,,,,,Active
75,QUERY,NPP,NPP_OBU_MASTER_DERIVED,INT_OBU_MASTER_VERZENIO_MBC_IBRANCE_NBRX_DERIVED,"SELECT 
   CUSTOMER_ID,
   XREF.ATTR_VAL as PRODUCT_ID,
   'DAY' as TIME_GRAIN,
   metricMASTER_ibrance_nbrx_latest,
   tdate AS START_TIME,
   tdate AS END_TIME
FROM ( 
  SELECT  
      ibrance_nbrx_latest as metricMASTER_ibrance_nbrx_latest,
      CUSTOMER_ID,
      trigger_name,
      tdate,product
FROM (
  SELECT 
      COUNT(*) as ibrance_nbrx_latest,
      TBL1.CUSTOMER_ID,
      trigger_name,
      CAST(trigger_date as DATE) AS tdate,
      concat(brand,'_',tumor) as product
FROM verzenio_mbc TBL1
INNER JOIN (
SELECT 
      MAX_VER_NBRX_TRIGGER_DATE,
      CUSTOMER_ID,
      trigger_name as tnm
FROM  (
SELECT 
   CUSTOMER_ID,
   trigger_name,
  COALESCE(MAX(CASE WHEN MSTR.trigger_name = 'verzenio_nbrx' THEN MSTR.trigger_date END) ,'01-01-1900')as MAX_VER_NBRX_TRIGGER_DATE
FROM (
  SELECT 
   CUSTOMER_ID,
   trigger_date,
   trigger_name
   FROM VERZENIO_MBC
   where trigger_name in ('verzenio_nbrx')
) MSTR
GROUP BY CUSTOMER_ID,trigger_name ) A) TBL2
WHERE  TBL2.CUSTOMER_ID=TBL1.CUSTOMER_ID
AND TBL1.trigger_date > TBL2.MAX_VER_NBRX_TRIGGER_DATE 
AND TBL1.trigger_name = 'ibrance_nbrx'
GROUP BY TBL1.CUSTOMER_ID,trigger_name,TBL1.trigger_date,brand,tumor) abc)cde
inner join M_PROD_XREF XREF on UPPER(TRIM(XREF.SRC_PROD_NM)) = cde.product 
and UPPER(TRIM(XREF.SRC_NM)) = 'OBU_TGT' and XREF.ATTR_NM1 = 'PROD_SK'
GROUP BY  CUSTOMER_ID,XREF.ATTR_VAL,metricMASTER_ibrance_nbrx_latest,tdate",Backfill Value,0,,,,,Active
76,QUERY,NPP,NPP_OBU_MASTER_PASSTHROUGH,INT_OBU_MASTER_VERZENIO_MBC_AIML_PASSTHROUGH,"SELECT 
  AIML.customer_id AS CUSTOMER_ID,
       ATTR_VAL AS PRODUCT_ID,
  'DAY' as TIME_GRAIN,
       CAST(#sugg_posted_date as DATE) AS START_TIME,
   CAST(#sugg_posted_date as DATE) AS END_TIME,
      #template_string_1 
	  FROM AIML_TRIGGERS_METRICS AIML 
INNER JOIN
   (SELECT DISTINCT ATTR_VAL
    FROM M_PROD_XREF
    WHERE UPPER(ATTR_NM1)='PROD_SK'
      AND UPPER(ACTV)='Y'
      AND UPPER(SRC_NM)='AIML_TRIGGERS') XREF
	  on UPPER(TRIM(concat(AIML.PRODUCT_ID,'_',AIML.indication_id)))=UPPER(TRIM(XREF.ATTR_VAL))
INNER JOIN 
    (SELECT DISTINCT CUSTOMER_ID FROM CUSTOMER)HCP 
    ON UPPER(TRIM(AIML.CUSTOMER_ID))=UPPER(TRIM(HCP.CUSTOMER_ID))
    GROUP BY AIML.customer_id,ATTR_VAL",Backfill Value,0,MASTER_AIML_TRIGGER#SUM(AIML.#sourcemetricname) as #metricname,,,,InActive
77,QUERY,SEG,SEG_OBU_VERZENIO_EBC,INT_OBU_VERZENIO_EBC_SEG,"SELECT DISTINCT CUSTOMER_ID AS CUSTOMER_ID
,xref.ATTR_VAL as PRODUCT_ID
,#template_string_1
FROM VERZENIO_HCP_ATTRIBUTES EBC_HCP
inner join (select distinct ATTR_VAL,SRC_PROD_NM
from M_PROD_XREF where TRIM(UPPER(attr_nm1))='PROD_SK' and TRIM(UPPER(ACTV))='Y' and
TRIM(UPPER(SRC_NM)) in ('OBU_TGT') and src_prod_nm = 'VERZENIO_EBC'
)xref
on TRIM(UPPER(concat(EBC_HCP.product_id,'_',EBC_HCP.indication_id)))=TRIM(UPPER(xref.ATTR_VAL))",Backfill Value,NULL,MASTER_VERZENIO_EBC_SEGMENT##sourcename as #metricname,,,,Active
78,QUERY,NPP,NPP_OBU_MASTER_DERIVED,INT_OBU_MASTER_JAYPIRCA_DERIVED_CLL_MCL,"SELECT 
   CUSTOMER_ID,
   'US_708086_430015' as PRODUCT_ID,
   'DAY' as TIME_GRAIN,
   CAST(trigger_date as DATE) AS START_TIME,
   CAST(trigger_date as DATE) AS END_TIME,
   #template_string_1
   FROM JAYPIRCA_MCL
   where trigger_name = 'MCL_BTK_NTS'
   GROUP BY CUSTOMER_ID,trigger_date",Backfill Value,0,"MASTER_JAYPRICA_DERIVED_CLL_MCL_TRIGGER#COALESCE(COUNT(CASE WHEN TRIGGER_NAME = '#sourcemetricname' THEN 1 END), 0) as #metricname",,,,Active
79,INPUT_FILE,,,,,ALZ_path,02_OUTPUT_FILES/INGESTIONS/MASTER/AD_TRIGGER_METRICS,,|,parquet,AD_TRIGGER_METRICS,Active
80,QUERY,NPP,NPP_ALZ_PASSTHROUGH_Week,INT_ALZ_PASSTHROUGH_Week,"SELECT   
HCP.CUSTOMER_ID as CUSTOMER_ID,
NVL(XREF.ATTR_VAL,'US_708120_708233') as PRODUCT_ID,
'WEEK' as TIME_GRAIN, 
CAST(#sugg_posted_date as DATE) AS START_TIME,
CAST(#sugg_posted_date as DATE) AS END_TIME,
#template_string_1
FROM CUSTOMER HCP
LEFT JOIN
(SELECT * FROM AD_TRIGGER_METRICS)AD_PORT 
ON AD_PORT.CUSTOMER_ID=HCP.CUSTOMER_ID 
LEFT JOIN 
(SELECT DISTINCT ATTR_VAL,SRC_PROD_NM
		FROM M_PROD_XREF WHERE UPPER(ATTR_NM1)='PROD_SK' AND UPPER(ACTV)='Y' AND
		UPPER(SRC_NM) = 'ALZ_TGT') XREF 
on TRIM(UPPER(concat(AD_PORT.product_id,'_',AD_PORT.indication_id)))=TRIM(UPPER(xref.SRC_PROD_NM))
group by HCP.CUSTOMER_ID, XREF.ATTR_VAL",Backfill_value,999,"ALZ_week_Triggers#COALESCE(MAX(CAST(AD_PORT.#sourcemetricname AS INTEGER)), 999) AS #metricname",,,,Active
81,QUERY,NPP,NPP_ALZ_PASSTHROUGH_Week_BackfillZero,INT_ALZ_PASSTHROUGH_Week_BackfillZero,"SELECT   
HCP.CUSTOMER_ID as CUSTOMER_ID,
NVL(XREF.ATTR_VAL,'US_708120_708233') as PRODUCT_ID,
'WEEK' as TIME_GRAIN, 
CAST(#sugg_posted_date as DATE) AS START_TIME,
CAST(#sugg_posted_date as DATE) AS END_TIME,
#template_string_1
FROM CUSTOMER HCP
LEFT JOIN
(SELECT * FROM AD_TRIGGER_METRICS)AD_PORT 
ON AD_PORT.CUSTOMER_ID=HCP.CUSTOMER_ID 
LEFT JOIN 
(SELECT DISTINCT ATTR_VAL,SRC_PROD_NM
		FROM M_PROD_XREF WHERE UPPER(ATTR_NM1)='PROD_SK' AND UPPER(ACTV)='Y' AND
		UPPER(SRC_NM) = 'ALZ_TGT') XREF 
on TRIM(UPPER(concat(AD_PORT.product_id,'_',AD_PORT.indication_id)))=TRIM(UPPER(xref.SRC_PROD_NM))
group by HCP.CUSTOMER_ID, XREF.ATTR_VAL",Backfill_value,0,"ALZ_week_Triggers_BackfillZero#COALESCE(MAX(CAST(AD_PORT.#sourcemetricname AS INTEGER)), 0) AS #metricname",,,,Active
82,QUERY,SEG,SEG_ALZ_KISUNLA,INT_ALZ_KISUNLA,"SELECT DISTINCT CUSTOMER_ID AS CUSTOMER_ID
,xref.ATTR_VAL as PRODUCT_ID
,#template_string_1
FROM AD_TRIGGER_METRICS AD_PORT 
inner join (select distinct ATTR_VAL,SRC_PROD_NM
from M_PROD_XREF where TRIM(UPPER(attr_nm1))='PROD_SK' and TRIM(UPPER(ACTV))='Y' and
TRIM(UPPER(SRC_NM))='ALZ_TGT') xref 
on TRIM(UPPER(concat(AD_PORT.product_id,'_',AD_PORT.indication_id)))=TRIM(UPPER(xref.SRC_PROD_NM))",Backfill Value,NULL,ALZ_SEG_TRIGGER##sourcename AS #metricname,,,,Active
83,QUERY,NPP,NPP_ALZ_MASTER_DERIVED,INT_ALZ_MASTER_DERIVED,"SELECT  
    MSTR_FINAL.CUSTOMER_ID AS CUSTOMER_ID,
    NVL(XREF.ATTR_VAL,'US_708120_708233') as PRODUCT_ID,
    'DAY' AS TIME_GRAIN,
    CAST(#sugg_posted_date as DATE) AS START_TIME,
    CAST(#sugg_posted_date as DATE) AS END_TIME,    NVL(metricDAYS_SINCE_HCP_ENGAGED_WITH_KIS_SOA, 999) AS metricDAYS_SINCE_HCP_ENGAGED_WITH_KIS_SOA
FROM (
    SELECT 
        CUSTOMER_ID,
        brnd, 
        DATEDIFF(CAST(#sugg_posted_date AS DATE), actvy_dt) AS metricDAYS_SINCE_HCP_ENGAGED_WITH_KIS_SOA
    FROM 
        (SELECT DISTINCT CUSTOMER_ID FROM CUSTOMER) HCP
    LEFT JOIN 
        (SELECT * FROM LDG_SOA_BRAND_EMAILS
         WHERE UPPER(TRIM(DEPARTMENT)) = 'RETAIL'
         AND UPPER(TRIM(actvy_type)) = 'ENGAGEMENT' 
         AND brnd IN ('DONANEMAB', 'KISUNLA')
        ) MSTR
    ON HCP.CUSTOMER_ID = MSTR.lilly_person_id
) MSTR_FINAL
LEFT JOIN
    (SELECT DISTINCT ATTR_VAL, SRC_PROD_NM
     FROM M_PROD_XREF 
     WHERE UPPER(ATTR_NM1) = 'PROD_SK' 
       AND UPPER(ACTV) = 'Y' 
       AND UPPER(SRC_NM) = 'ALZ_TGT'
    ) XREF
ON UPPER(TRIM(MSTR_FINAL.brnd)) = UPPER(TRIM(XREF.SRC_PROD_NM))
GROUP BY 
    MSTR_FINAL.CUSTOMER_ID, 
    XREF.ATTR_VAL, 
    metricDAYS_SINCE_HCP_ENGAGED_WITH_KIS_SOA",Backfill Value,999,,,,,Active
84,QUERY,NPP,NPP_BMBU_PASSTHROUGH_DAY,INT_BMBU_PASSTHROUGH_DAY,"SELECT MSTR.CUSTOMER_ID AS CUSTOMER_ID
,XREF.ATTR_VAL AS PRODUCT_ID
,'DAY' as TIME_GRAIN
,CAST(#sugg_posted_date as DATE) AS START_TIME
,CAST(#sugg_posted_date as DATE) AS END_TIME
,#template_string_1
,#template_string_2

	FROM (
	SELECT DISTINCT TALTZ_PSA_AS_MSTR.CUSTOMER_ID,concat(TALTZ_PSA_AS_MSTR.PRODUCT_ID,'_',TALTZ_PSA_AS_MSTR.INDICATION_ID) AS PRODUCT_ID
	FROM
	LDG_BMBU_TALTZ_PSA_AS_TGT TALTZ_PSA_AS_MSTR
	UNION
	SELECT DISTINCT TALTZ_PSO_MSTR.CUSTOMER_ID,concat(TALTZ_PSO_MSTR.PRODUCT_ID,'_',TALTZ_PSO_MSTR.INDICATION_ID) AS PRODUCT_ID
	FROM
	LDG_BMBU_TALTZ_PSO_TGT TALTZ_PSO_MSTR
	   
																																					  
		
								 
     ) MSTR 
	  LEFT JOIN LDG_BMBU_TALTZ_PSA_AS_TGT TALTZ_PSA_AS_MSTR
	  ON UPPER(TRIM(MSTR.CUSTOMER_ID)) = UPPER(TRIM(TALTZ_PSA_AS_MSTR.CUSTOMER_ID))
                 AND UPPER(TRIM(MSTR.PRODUCT_ID)) = UPPER(TRIM(concat(TALTZ_PSA_AS_MSTR.PRODUCT_ID,'_',TALTZ_PSA_AS_MSTR.INDICATION_ID)))
	  LEFT JOIN LDG_BMBU_TALTZ_PSO_TGT TALTZ_PSO_MSTR
	  ON UPPER(TRIM(MSTR.CUSTOMER_ID)) = UPPER(TRIM(TALTZ_PSO_MSTR.CUSTOMER_ID))
                AND UPPER(TRIM(MSTR.PRODUCT_ID)) = UPPER(TRIM(concat(TALTZ_PSO_MSTR.PRODUCT_ID,'_',TALTZ_PSO_MSTR.INDICATION_ID)))
										  
																					 
																																								
	  INNER JOIN 
     (SELECT DISTINCT CUSTOMER_ID FROM CUSTOMER)HCP 
	  ON UPPER(TRIM(MSTR.CUSTOMER_ID))=UPPER(TRIM(HCP.CUSTOMER_ID))
	  INNER JOIN (SELECT DISTINCT ATTR_VAL,SRC_PROD_NM
		FROM M_PROD_XREF WHERE UPPER(ATTR_NM1)='PROD_SK' AND UPPER(ACTV)='Y' AND
		UPPER(SRC_NM) IN ('TALTZ_PSO_TGT','TALTZ_PSA_AS_NRAXSPA_TGT')) XREF 
		ON UPPER(TRIM(MSTR.PRODUCT_ID))=UPPER(TRIM(XREF.SRC_PROD_NM))
		GROUP BY MSTR.CUSTOMER_ID,XREF.ATTR_VAL",Backfill_value,0,"TALTZ_PSA_TRIGGER#COALESCE(MAX(CAST(TALTZ_PSA_AS_MSTR.#sourcemetricname AS INTEGER)), 0) AS  #metricname||TALTZ_PSO_TRIGGER_SPECIFIC#COALESCE(MAX(CAST(TALTZ_PSO_MSTR.#sourcemetricname AS INTEGER)), 0) AS #metricname",,,,Active
85,QUERY,NPP,NPP_BMBU_PASSTHROUGH_WEEK,INT_BMBU_PASSTHROUGH_WEEK,"SELECT MSTR.CUSTOMER_ID AS CUSTOMER_ID
,XREF.ATTR_VAL AS PRODUCT_ID
,'WEEK' as TIME_GRAIN
,CAST(#sugg_posted_date as DATE) AS START_TIME
,CAST(#sugg_posted_date as DATE) AS END_TIME
,#template_string_1
,#template_string_2
,#template_string_3
,#template_string_4
,#template_string_5




	FROM (
	SELECT DISTINCT TALTZ_PSA_AS_MSTR.CUSTOMER_ID,concat(TALTZ_PSA_AS_MSTR.PRODUCT_ID,'_',TALTZ_PSA_AS_MSTR.INDICATION_ID) AS PRODUCT_ID
	FROM
	LDG_BMBU_TALTZ_PSA_AS_TGT TALTZ_PSA_AS_MSTR
	UNION
	SELECT DISTINCT TALTZ_PSO_MSTR.CUSTOMER_ID,concat(TALTZ_PSO_MSTR.PRODUCT_ID,'_',TALTZ_PSO_MSTR.INDICATION_ID) AS PRODUCT_ID
	FROM
	LDG_BMBU_TALTZ_PSO_TGT TALTZ_PSO_MSTR 
	UNION
	SELECT DISTINCT TALTZ_PAYER_PSA_MSTR.CUSTOMER_ID, concat(TALTZ_PAYER_PSA_MSTR.PRODUCT_ID,'_',TALTZ_PAYER_PSA_MSTR.INDICATION_ID) AS PRODUCT_ID
    FROM
    TALTZ_PSA_TRIGGERS_PAYER_BR_METRICS TALTZ_PAYER_PSA_MSTR 
	UNION 
    SELECT DISTINCT TALTZ_PAYER_PSO_MSTR.CUSTOMER_ID, concat(TALTZ_PAYER_PSO_MSTR.PRODUCT_ID,'_',TALTZ_PAYER_PSO_MSTR.INDICATION_ID) AS PRODUCT_ID
    FROM
    TALTZ_PSO_TRIGGERS_PAYER_BR_METRICS TALTZ_PAYER_PSO_MSTR 
	UNION 
    SELECT DISTINCT LEBRI_MSTR.CUSTOMER_ID, concat(LEBRI_MSTR.PRODUCT_ID,'_',LEBRI_MSTR.INDICATION_ID) AS PRODUCT_ID
    FROM
    LDG_LEBRI_TRIGGERS_METRICS LEBRI_MSTR 
	
	UNION 
    SELECT DISTINCT LEBRI_PAYER_BR_MSTR.CUSTOMER_ID, concat(LEBRI_PAYER_BR_MSTR.PRODUCT_ID,'_',LEBRI_PAYER_BR_MSTR.INDICATION_ID) AS PRODUCT_ID
    FROM
    LEBRI_TRIGGERS_PAYER_BR_METRICS LEBRI_PAYER_BR_MSTR 
	UNION 
    SELECT DISTINCT OMVOH_TRIGGER.CUSTOMER_ID, concat(OMVOH_TRIGGER.PRODUCT_ID,'_',OMVOH_TRIGGER.INDICATION_ID) AS PRODUCT_ID
    FROM
    LDG_OMVOH_TRIGGERS_METRICS OMVOH_TRIGGER 
	UNION 
    SELECT DISTINCT OMVOH_PAYER_BR_MSTR.CUSTOMER_ID, concat(OMVOH_PAYER_BR_MSTR.PRODUCT_ID,'_',OMVOH_PAYER_BR_MSTR.INDICATION_ID) AS PRODUCT_ID
    FROM
    LDG_OMVOH_TRIGGERS_PAYER_BR_METRICS OMVOH_PAYER_BR_MSTR 
	
    
	
 ) MSTR 
	  LEFT JOIN LDG_BMBU_TALTZ_PSA_AS_TGT TALTZ_PSA_AS_MSTR
	  ON UPPER(TRIM(MSTR.CUSTOMER_ID)) = UPPER(TRIM(TALTZ_PSA_AS_MSTR.CUSTOMER_ID))
      AND UPPER(TRIM(MSTR.PRODUCT_ID)) = UPPER(TRIM(concat(TALTZ_PSA_AS_MSTR.PRODUCT_ID,'_',TALTZ_PSA_AS_MSTR.INDICATION_ID)))
	  LEFT JOIN LDG_BMBU_TALTZ_PSO_TGT TALTZ_PSO_MSTR
	  ON UPPER(TRIM(MSTR.CUSTOMER_ID)) = UPPER(TRIM(TALTZ_PSO_MSTR.CUSTOMER_ID))
      AND UPPER(TRIM(MSTR.PRODUCT_ID)) = UPPER(TRIM(concat(TALTZ_PSO_MSTR.PRODUCT_ID,'_',TALTZ_PSO_MSTR.INDICATION_ID)))
	  LEFT JOIN TALTZ_PSA_TRIGGERS_PAYER_BR_METRICS TALTZ_PAYER_PSA_MSTR
      ON UPPER(TRIM(MSTR.CUSTOMER_ID)) = UPPER(TRIM(TALTZ_PAYER_PSA_MSTR.CUSTOMER_ID))
      AND UPPER(TRIM(MSTR.PRODUCT_ID)) = UPPER(TRIM(concat(TALTZ_PAYER_PSA_MSTR.PRODUCT_ID,'_',TALTZ_PAYER_PSA_MSTR.INDICATION_ID))) 
	  LEFT JOIN TALTZ_PSO_TRIGGERS_PAYER_BR_METRICS TALTZ_PAYER_PSO_MSTR
      ON UPPER(TRIM(MSTR.CUSTOMER_ID)) = UPPER(TRIM(TALTZ_PAYER_PSO_MSTR.CUSTOMER_ID))
	  AND UPPER(TRIM(MSTR.PRODUCT_ID)) = UPPER(TRIM(concat(TALTZ_PAYER_PSO_MSTR.PRODUCT_ID,'_',TALTZ_PAYER_PSO_MSTR.INDICATION_ID))) 
      LEFT JOIN LDG_LEBRI_TRIGGERS_METRICS LEBRI_MSTR
      ON UPPER(TRIM(MSTR.CUSTOMER_ID)) = UPPER(TRIM(LEBRI_MSTR.CUSTOMER_ID))
      AND UPPER(TRIM(MSTR.PRODUCT_ID)) = UPPER(TRIM(concat(LEBRI_MSTR.PRODUCT_ID,'_',LEBRI_MSTR.INDICATION_ID))) 
	  LEFT JOIN LEBRI_TRIGGERS_PAYER_BR_METRICS LEBRI_PAYER_BR_MSTR
      ON UPPER(TRIM(MSTR.CUSTOMER_ID)) = UPPER(TRIM(LEBRI_PAYER_BR_MSTR.CUSTOMER_ID))
      AND UPPER(TRIM(MSTR.PRODUCT_ID)) = UPPER(TRIM(concat(LEBRI_PAYER_BR_MSTR.PRODUCT_ID,'_',LEBRI_PAYER_BR_MSTR.INDICATION_ID)))
	  
	   LEFT JOIN LDG_OMVOH_TRIGGERS_METRICS OMVOH_TRIGGER
      ON UPPER(TRIM(MSTR.CUSTOMER_ID)) = UPPER(TRIM(OMVOH_TRIGGER.CUSTOMER_ID))
      AND UPPER(TRIM(MSTR.PRODUCT_ID)) = UPPER(TRIM(concat(OMVOH_TRIGGER.PRODUCT_ID,'_',OMVOH_TRIGGER.INDICATION_ID)))

		 LEFT JOIN LDG_OMVOH_TRIGGERS_PAYER_BR_METRICS OMVOH_PAYER_BR_MSTR
      ON UPPER(TRIM(MSTR.CUSTOMER_ID)) = UPPER(TRIM(OMVOH_PAYER_BR_MSTR.CUSTOMER_ID))
      AND UPPER(TRIM(MSTR.PRODUCT_ID)) = UPPER(TRIM(concat(OMVOH_PAYER_BR_MSTR.PRODUCT_ID,'_',OMVOH_PAYER_BR_MSTR.INDICATION_ID)))

	  
	  INNER JOIN 
     (SELECT DISTINCT CUSTOMER_ID FROM CUSTOMER)HCP 
	  ON UPPER(TRIM(MSTR.CUSTOMER_ID))=UPPER(TRIM(HCP.CUSTOMER_ID))
	  INNER JOIN (SELECT DISTINCT ATTR_VAL,SRC_PROD_NM
		FROM M_PROD_XREF WHERE UPPER(ATTR_NM1)='PROD_SK' AND UPPER(ACTV)='Y' AND
		UPPER(SRC_NM) IN ('TALTZ_PSO_TGT','TALTZ_PSA_AS_NRAXSPA_TGT','LEBRI_TGT','OMVOH_TGT')) XREF 
		ON UPPER(TRIM(MSTR.PRODUCT_ID))=UPPER(TRIM(XREF.SRC_PROD_NM))
																																																								   
		GROUP BY MSTR.CUSTOMER_ID,XREF.ATTR_VAL",Backfill_value,0,"TALTZ_PSO_TRIGGER_SPECIFIC#COALESCE(MAX(CAST(TALTZ_PSO_MSTR.#sourcemetricname AS INTEGER)), 0) AS #metricname
||TALTZ_PSA_TRIGGER#COALESCE(MAX(CAST(TALTZ_PSA_AS_MSTR.#sourcemetricname AS INTEGER)), 0) AS #metricname
||LEBRI_TRIGGER#COALESCE(MAX(CAST(LEBRI_MSTR.#sourcemetricname AS INTEGER)), 0) AS #metricname
||OMVOH_TRIGGER#COALESCE(MAX(CAST(OMVOH_TRIGGER.#sourcemetricname AS INTEGER)), 0) AS #metricname
||OMVOH_PAYER#COALESCE(MAX(CAST(OMVOH_PAYER_BR_MSTR.#sourcemetricname AS INTEGER)), 0) AS #metricname",,,,Active
86,QUERY,PP,PP_DAYS_SINCE_LAST_SUGG_GENERATED,INT_DAYS_SINCE_LAST_SUGG_GENERATED,"with temp as 
(SELECT
PROF_SK as CUSTOMER_ID
,XREF.ATTR_VAL AS PRODUCT_ID
,REP_SK as REP_ID
,#template_string_1
from
(
	select prof_sk
	,rep_sk
	,#template_string_2
	from
	(
		select prof_sk
		,rep_sk
		,#template_string_3
		from
		(
			select prof_sk,rep_sk,sugg_key,max(sugg_posted_date) as last_sugg_posted_date
			from
			(
				SELECT distinct 
				INSIGHT_SUMMARY.CUSTOMER_ID1 as prof_sk,
				INSIGHT_SUMMARY.rep_id as rep_sk,
				INSIGHT_SUMMARY.generated_date as sugg_posted_date,
				M.sugg_key
				FROM
				(SELECT *,RX.winner_hcp_reference_id  as CUSTOMER_ID1 FROM
INSIGHT_SUMMARY T1
inner join  HCP_REFERENCE_XREF  RX
on T1.eph_reference_id = RX.loser_hcp_reference_id) INSIGHT_SUMMARY
				INNER JOIN (select distinct sugg_key,metric_sk from SUGG_MAP) M 
				ON UPPER(TRIM(M.sugg_key)) = UPPER(TRIM(INSIGHT_SUMMARY.suggestion_key)) 
			) a	
			group by prof_sk,rep_sk,sugg_key
		) b
	) ABC 
	GROUP BY prof_sk,rep_sk	
) ABCD
cross join (select distinct ATTR_VAL from M_PROD_XREF where BUS_UNIT IN ('BMBU','BMBU_IMM') and SRC_PROD_NM IN ('US_708127_420004')) XREF on 1=1)
select * from temp WHERE concat_ws('-',CUSTOMER_ID, REP_ID) IN (
    SELECT concat_ws('-',CUSTOMER_ID, REP_ID) AS PK
    FROM (
        SELECT CUSTOMER_ID, REP_ID, COUNT(*) AS C
        FROM temp T1
        GROUP BY CUSTOMER_ID, REP_ID
    ) subquery
    WHERE C = 1
) ",Backfill_value,1000,"INSIGHT_SUMMARY##metricname||INSIGHT_SUMMARY#cast(COALESCE(min(#sourcemetricname),1000) as double) as #metricname||INSIGHT_SUMMARY#case when UPPER(TRIM(sugg_key))='#suggestion_name' then DATEDIFF(CAST(#sugg_posted_date AS DATE),last_sugg_posted_date) end as #sourcemetricname",,,,Active
87,QUERY,NPP,NPP_OBU_MASTER_DERIVED,INT_OBU_MASTER_JAYPIRCA_CLL_DERIVED,"select 
CUSTOMER_ID,
PRODUCT_ID,
TIME_GRAIN,
START_TIME,
END_TIME,
round(nvl(a.derived_jay_cll_concordant_pts/(a.derived_jay_cll_concordant_pts + a.derived_jay_cll_nonconcordant_pts)*100,9999),2) as  metricMASTER_CONCORDANT_CLL_PATS_PERC,
nvl(a.derived_jay_cll_concordant_pts + a.derived_jay_cll_nonconcordant_pts,0) as metricMASTER_TOT_CLL_CON_NONCON_PATS
from (
SELECT 
   CUSTOMER_ID,
   XREF.ATTR_VAL as PRODUCT_ID,
   'DAY' as TIME_GRAIN,
   CAST(#sugg_posted_date as DATE) AS START_TIME,
   CAST(#sugg_posted_date as DATE) AS END_TIME,
   #template_string_1
FROM (
  SELECT 
   CUSTOMER_ID, 
   trigger_date,
   trigger_name,
   concat(brand,'_',tumor) as product
   FROM JAYPIRCA_CLL 
   where CAST(trigger_date as DATE) > date_add(CAST(#sugg_posted_date as DATE), -180)
) MSTR
inner join M_PROD_XREF XREF on UPPER(TRIM(SRC_PROD_NM)) = MSTR.product 
and UPPER(TRIM(SRC_NM)) = 'OBU_TGT' and ATTR_NM1 = 'PROD_SK'
GROUP BY  CUSTOMER_ID,ATTR_VAL)a",Backfill Value,9999,"MASTER_JAYPIRCA_CLL_DERIVED_TRIGGER#COALESCE(COUNT(CASE WHEN MSTR.TRIGGER_NAME = '#sourcemetricname' THEN 1 END), 0) as #metricname",,,,Active
88,QUERY,NPP,NPP_OBU_MASTER_DERIVED,INT_OBU_MASTER_JAYPIRCA_CLL_ZIP_DERIVED,"select 
CUSTOMER_ID,
PRODUCT_ID,
TIME_GRAIN,
START_TIME,
END_TIME,
round(nvl(a.derived_jay_cll_concordant_pts_zip/(a.derived_jay_cll_concordant_pts_zip + a.derived_jay_cll_nonconcordant_pts_zip)*100,0),2) as  metricMASTER_CONCORDANT_CLL_PATS_ZIP_PERC,
nvl(a.derived_jay_cll_concordant_pts_zip + a.derived_jay_cll_nonconcordant_pts_zip,0) as metricMASTER_TOT_CLL_CON_NONCON_PATS_ZIP
from (
SELECT 
   CUSTOMER_ID,
   XREF.ATTR_VAL as PRODUCT_ID,
   'DAY' as TIME_GRAIN,
   CAST(#sugg_posted_date as DATE) AS START_TIME,
   CAST(#sugg_posted_date as DATE) AS END_TIME,
   #template_string_1
FROM (
  SELECT 
   CUSTOMER_ID, 
   trigger_date,
   trigger_name,
   concat(brand,'_',tumor) as product
   FROM JAYPIRCA_CLL 
   where CAST(trigger_date as DATE) > date_add(CAST(#sugg_posted_date as DATE), -180)
) MSTR
inner join M_PROD_XREF XREF on UPPER(TRIM(SRC_PROD_NM)) = MSTR.product 
and UPPER(TRIM(SRC_NM)) = 'OBU_TGT' and ATTR_NM1 = 'PROD_SK'
GROUP BY  CUSTOMER_ID,ATTR_VAL)a",Backfill Value,9999,"MASTER_JAYPIRCA_CLL_ZIP_DERIVED_TRIGGER#COALESCE(COUNT(CASE WHEN MSTR.TRIGGER_NAME = '#sourcemetricname' THEN 1 END), 0) as #metricname",,,,Active
89,QUERY,NPP,NPP_OBU_MASTER_DERIVED,INT_OBU_MASTER_VERZENIO_EBC_RISK_DERIVED,"select 
CUSTOMER_ID,
PRODUCT_ID,
TIME_GRAIN,
START_TIME,
END_TIME,
nvl(a.derived_high_risk_vz_nbrx_1_3_node + a.derived_high_risk_vz_nbrx_4_plus_node + a.derived_non_high_risk_vz_nbrx + a.derived_high_risk_kq_nbrx_1_3_node + a.derived_high_risk_kq_nbrx_4_plus_node + a.derived_non_high_risk_kq_nbrx + a.derived_high_risk_ib_nbrx_1_3_node + a.derived_high_risk_ib_nbrx_4_plus_node + a.derived_non_high_risk_ib_nbrx, 0) as metricMASTER_TOTAL_HIGH_RISK_VZ_KQ_IB_NBRX,
nvl(a.derived_high_risk_vz_nbrx_1_3_node + a.derived_high_risk_vz_nbrx_4_plus_node, 0) as metricMASTER_TOTAL_HIGH_RISK_VZ_NBRX,
nvl(a.derived_high_risk_kq_nbrx_1_3_node + a.derived_high_risk_kq_nbrx_4_plus_node, 0) as metricMASTER_TOTAL_HIGH_RISK_KQ_NBRX,
nvl(a.derived_high_risk_ib_nbrx_1_3_node + a.derived_high_risk_ib_nbrx_4_plus_node, 0) as metricMASTER_TOTAL_HIGH_RISK_IB_NBRX
from (
SELECT 
   CUSTOMER_ID,
   XREF.ATTR_VAL as PRODUCT_ID,
   'DAY' as TIME_GRAIN,
   CAST(#sugg_posted_date as DATE) AS START_TIME,
   CAST(#sugg_posted_date as DATE) AS END_TIME,
   #template_string_1
FROM (
  SELECT 
   CUSTOMER_ID, 
   trigger_date,
   trigger_name,
   concat(brand,'_',tumor) as product
   FROM VERZENIO_EBC 
   where CAST(trigger_date as DATE) > date_add(CAST(#sugg_posted_date as DATE), -365)
) MSTR
inner join M_PROD_XREF XREF on UPPER(TRIM(SRC_PROD_NM)) = MSTR.product 
and UPPER(TRIM(SRC_NM)) = 'OBU_TGT' and ATTR_NM1 = 'PROD_SK'
GROUP BY  CUSTOMER_ID,ATTR_VAL)a",Backfill Value,0,"MASTER_VERZENIO_EBC_RISK_DERIVED_TRIGGER#COALESCE(COUNT(CASE WHEN MSTR.TRIGGER_NAME = '#sourcemetricname' THEN 1 END), 0) as #metricname",,,,Active
90,INPUT_FILE,,,,,HCP_REFERENCE_XREF_path,02_OUTPUT_FILES/INGESTIONS/HCP_REFERENCE_XREF/,,",",parquet,HCP_REFERENCE_XREF,Active
91,QUERY,NPP,NPP_DAYS_SINCE_LAST_VAE_SENT,INT_DAYS_SINCE_LAST_VAE_SENT,"Select 
UNIVERSE.PROF_SK as CUSTOMER_ID
,UNIVERSE.PROD_SK as PRODUCT_ID
,CAST(FROM_UNIXTIME(UNIX_TIMESTAMP(CAST(UNIVERSE.time_bckt_date AS DATE ), """"yyyy-MM-dd""""), """"yyyy-MM-dd"""") AS DATE) AS START_TIME
,CAST(FROM_UNIXTIME(UNIX_TIMESTAMP(CAST(UNIVERSE.time_bckt_date AS DATE ), """"yyyy-MM-dd""""), """"yyyy-MM-dd"""") AS DATE) AS END_TIME
,'DAY' as TIME_GRAIN
,#template_string_1
FROM
(SELECT     CAST(MSTR.CUSTOMER_ID AS STRING) AS PROF_SK 
           ,CAST(ATTR_VAL AS STRING)     AS PROD_SK
           ,CAST(#sugg_posted_date AS DATE)   AS TIME_BCKT_DATE 
		   ,#template_string_1
FROM       CUSTOMER MSTR 
LEFT JOIN 
           ( 
                  SELECT CAST(PROF_SK AS STRING)                      AS PROF_SK, 
                         CAST(PROD_SK AS STRING)                      AS PROD_SK, 
                         TIME_BCKT_DATE
						,#template_string_1
                  FROM   (select 
								PROF_SK
								,PROD_SK
								,#sugg_posted_date AS TIME_BCKT_DATE
								,#template_string_2
								FROM 
								(
								SELECT 
								PROF_SK,PROD_SK
								,#template_string_3
								FROM (
								SELECT 
								PROF_SK
								,PROD_SK
								,ROW_NUMBER() OVER (PARTITION BY PROF_SK,PROD_SK,VAULT_DOCUMENT_ID_VOD__C ORDER BY EMAIL_SENT_DATE_VOD__C DESC) AS RNK
								,#template_string_4
								FROM 
								(
								SELECT 
								DISTINCT
								enterprise_reference_id__c AS PROF_SK,
								VAULT_DOCUMENT_ID_VOD__C,
								ATTR_VAL AS PROD_SK,
								CAST(SUBSTR(EMAIL_SENT_DATE_VOD__C,1,10) AS DATE) AS EMAIL_SENT_DATE_VOD__C,
								DATEDIFF(CAST(#sugg_posted_date AS DATE),CAST(SUBSTR(EMAIL_SENT_DATE_VOD__C,1,10) AS DATE)) DAYS_DIFF,
								CONCAT(VAULT_DOCUMENT_ID_VOD__C,'_DAYS_SINCE_LAST_VAE_SENT') AS METRIC_SK
								FROM 
								LDG_VEEVA_SENT_EMAIL SNT
								INNER JOIN 
								LDG_VEEVA_APV_DOC DOC
								ON 
								SNT.APPROVED_EMAIL_TEMPLATE_VOD__C = DOC.ID
								INNER JOIN LDG_VEEVA_ACCOUNTS ACC 
								ON
								SNT.ACCOUNT_VOD__C=ACC.ID
								INNER JOIN 
								(SELECT DISTINCT CNFG_VAL,ATTR_VAL FROM Metric_Config_File WHERE UPPER(PARAM_TYPE)='VAE_TEMPLATE_IDS' 
								AND UPPER(CNFG_TYPE)='VAULT_DOCUMENT_ID_VOD__C'
								and UPPER(ATTR_NM)='PROD_SK') CNFG 
								ON 
								DOC.VAULT_DOCUMENT_ID_VOD__C=CNFG.CNFG_VAL
								WHERE TRIM(UPPER(SNT.STATUS_VOD__C)) = TRIM(UPPER('DELIVERED_VOD'))
								)A
								)AA WHERE RNK=1 GROUP BY PROF_SK,PROD_SK
								)AAA)INT_VEEVA_VAE_TEMPLATES_DAYS_SINCE                   
				  )NPP 
ON 
TRIM(UPPER(MSTR.CUSTOMER_ID))=TRIM(UPPER(NPP.PROF_SK))
CROSS JOIN 
(SELECT DISTINCT ATTR_VAL FROM M_PROD_XREF WHERE ACTV='Y' AND UPPER(SRC_NM) ='TEAM_RESP_CD' AND UPPER(ATTR_NM1)='PROD_SK')XREF
WHERE NPP.PROF_SK IS NULL

UNION ALL

SELECT
CAST(NPP.PROF_SK AS STRING) AS PROF_SK
,CAST(NPP.PROD_SK AS STRING) AS PROD_SK
,CAST(NPP.TIME_BCKT_DATE  AS DATE) AS TIME_BCKT_DATE
,#template_string_1
FROM 
           ( 
                  SELECT CAST(PROF_SK AS STRING)                     AS PROF_SK, 
                         CAST(PROD_SK AS STRING)                     AS PROD_SK, 
                         TIME_BCKT_DATE 
						 ,#template_string_1
                  FROM   (select 
								PROF_SK
								,PROD_SK
								,#sugg_posted_date AS TIME_BCKT_DATE
								,#template_string_2
								FROM 
								(
								SELECT 
								PROF_SK,PROD_SK
								,#template_string_3
								FROM (
								SELECT 
								PROF_SK
								,PROD_SK
								,ROW_NUMBER() OVER (PARTITION BY PROF_SK,PROD_SK,VAULT_DOCUMENT_ID_VOD__C ORDER BY EMAIL_SENT_DATE_VOD__C DESC) AS RNK
								,#template_string_4
								FROM 
								(
								SELECT 
								DISTINCT
								enterprise_reference_id__c AS PROF_SK,
								VAULT_DOCUMENT_ID_VOD__C,
								ATTR_VAL AS PROD_SK,
								CAST(SUBSTR(EMAIL_SENT_DATE_VOD__C,1,10) AS DATE) AS EMAIL_SENT_DATE_VOD__C,
								DATEDIFF(CAST(#sugg_posted_date AS DATE),CAST(SUBSTR(EMAIL_SENT_DATE_VOD__C,1,10) AS DATE)) DAYS_DIFF,
								CONCAT(VAULT_DOCUMENT_ID_VOD__C,'_DAYS_SINCE_LAST_VAE_SENT') AS METRIC_SK
								FROM 
								LDG_VEEVA_SENT_EMAIL SNT
								INNER JOIN 
								LDG_VEEVA_APV_DOC DOC
								ON 
								SNT.APPROVED_EMAIL_TEMPLATE_VOD__C = DOC.ID
								INNER JOIN LDG_VEEVA_ACCOUNTS ACC 
								ON
								SNT.ACCOUNT_VOD__C=ACC.ID
								INNER JOIN 
								(SELECT DISTINCT CNFG_VAL,ATTR_VAL FROM Metric_Config_File WHERE UPPER(PARAM_TYPE)='VAE_TEMPLATE_IDS' 
								AND UPPER(CNFG_TYPE)='VAULT_DOCUMENT_ID_VOD__C'
								and UPPER(ATTR_NM)='PROD_SK') CNFG 
								ON 
								DOC.VAULT_DOCUMENT_ID_VOD__C=CNFG.CNFG_VAL
								WHERE TRIM(UPPER(SNT.STATUS_VOD__C)) = TRIM(UPPER('DELIVERED_VOD'))
								)A
								)AA WHERE RNK=1 GROUP BY PROF_SK,PROD_SK
								)AAA)INT_VEEVA_VAE_TEMPLATES_DAYS_SINCE 
                  
			)NPP 
INNER JOIN CUSTOMER MSTR 
ON         NPP.PROF_SK=MSTR.CUSTOMER_ID)UNIVERSE",Backfill_value,365,"VEEVA_SENT_EMAIL##metricname||VEEVA_SENT_EMAIL#COALESCE(cast(#sourcemetricname as double),365)  AS #metricname||VEEVA_SENT_EMAIL#MAX(#sourcemetricname) AS #sourcemetricname||VEEVA_SENT_EMAIL#CASE WHEN VAULT_DOCUMENT_ID_VOD__C ='#template_id'  THEN  DAYS_DIFF END AS #sourcemetricname",,,,InActive
92,QUERY,NPP,NPP_DAYS_SINCE_LAST_VAE_OPENED,INT_DAYS_SINCE_LAST_VAE_OPENED,"SELECT
UNIVERSE.PROF_SK AS CUSTOMER_ID
,UNIVERSE.PROD_SK AS PRODUCT_ID
,CAST(FROM_UNIXTIME(UNIX_TIMESTAMP(CAST(UNIVERSE.time_bckt_date AS DATE ), """"yyyy-MM-dd""""), """"yyyy-MM-dd"""") AS DATE) AS START_TIME
,CAST(FROM_UNIXTIME(UNIX_TIMESTAMP(CAST(UNIVERSE.time_bckt_date AS DATE ), """"yyyy-MM-dd""""), """"yyyy-MM-dd"""") AS DATE) AS END_TIME
,'DAY' as TIME_GRAIN
,#template_string_1
FROM
(SELECT     CAST(MSTR.CUSTOMER_ID AS STRING) AS PROF_SK
			,CAST(ATTR_VAL AS STRING)     AS PROD_SK
			,CAST(#sugg_posted_date AS DATE)   AS TIME_BCKT_DATE
			,#template_string_1
FROM       CUSTOMER MSTR 
LEFT JOIN 
           ( 
				   SELECT CAST(PROF_SK AS STRING)                     AS PROF_SK, 
                         CAST(PROD_SK AS STRING)                     AS PROD_SK, 
                         TIME_BCKT_DATE
						,#template_string_1
				  FROM 
				  
				  (select 
						PROF_SK
						,PROD_SK
						,#sugg_posted_date AS TIME_BCKT_DATE
						,#template_string_2
						
						FROM 
						(
						select 
						PROF_SK
						,PROD_SK
						,#template_string_3
						
						FROM(
						SELECT 
						PROF_SK
						,PROD_SK
						,ROW_NUMBER() OVER (PARTITION BY PROF_SK,PROD_SK,VAULT_DOCUMENT_ID_VOD__C ORDER BY LAST_OPEN_DATE_VOD__C DESC) AS RNK
						,#template_string_4
						FROM 
						(
						SELECT 
						DISTINCT
						enterprise_reference_id__c AS PROF_SK,
						VAULT_DOCUMENT_ID_VOD__C,
						ATTR_VAL AS PROD_SK,
						CAST(SUBSTR(LAST_OPEN_DATE_VOD__C,1,10) AS DATE) AS LAST_OPEN_DATE_VOD__C,
						DATEDIFF(CAST(#sugg_posted_date AS DATE),CAST(SUBSTR(LAST_OPEN_DATE_VOD__C,1,10) AS DATE)) DAYS_DIFF,
						CONCAT(VAULT_DOCUMENT_ID_VOD__C,'_DAYS_SINCE_LAST_VAE_OPENED') AS METRIC_SK
						FROM 
						LDG_VEEVA_SENT_EMAIL SNT
						INNER JOIN 
						LDG_VEEVA_APV_DOC DOC
						ON 
						SNT.APPROVED_EMAIL_TEMPLATE_VOD__C = DOC.ID
						INNER JOIN LDG_VEEVA_ACCOUNTS ACC 
						ON
						SNT.ACCOUNT_VOD__C=ACC.ID
						INNER JOIN 
						(
						SELECT DISTINCT CNFG_VAL,ATTR_VAL FROM Metric_Config_File WHERE UPPER(PARAM_TYPE)='VAE_TEMPLATE_IDS' 
						AND UPPER(CNFG_TYPE)='VAULT_DOCUMENT_ID_VOD__C'
						AND UPPER(ATTR_NM)='PROD_SK'
						) CNFG 
						ON 
						DOC.VAULT_DOCUMENT_ID_VOD__C=CNFG.CNFG_VAL
						WHERE TRIM(UPPER(SNT.STATUS_VOD__C)) = TRIM(UPPER('DELIVERED_VOD'))
						)A
						)AA WHERE RNK=1 GROUP BY PROF_SK,PROD_SK
						)AAA)INT_VEEVA_TEMPLATE_DAYS_SINCE_VAE_OPENED

				  )NPP 
ON 
TRIM(UPPER(MSTR.CUSTOMER_ID))=TRIM(UPPER(NPP.PROF_SK))
CROSS JOIN 
(SELECT DISTINCT ATTR_VAL FROM M_PROD_XREF WHERE ACTV='Y' AND UPPER(SRC_NM) = 'TEAM_RESP_CD' AND UPPER(ATTR_NM1)='PROD_SK')XREF
WHERE NPP.PROF_SK IS NULL

UNION ALL

SELECT
CAST(NPP.PROF_SK AS STRING) AS PROF_SK
,CAST(NPP.PROD_SK AS STRING) AS PROD_SK
,CAST(NPP.TIME_BCKT_DATE  AS DATE) AS TIME_BCKT_DATE
,#template_string_1
FROM 
           ( 
				   SELECT CAST(PROF_SK AS STRING)                     AS PROF_SK, 
                         CAST(PROD_SK AS STRING)                     AS PROD_SK, 
                         TIME_BCKT_DATE 
						 ,#template_string_1
				  FROM 
				  (select 
						PROF_SK
						,PROD_SK
						,#sugg_posted_date AS TIME_BCKT_DATE
						,#template_string_2
						
						FROM 
						(
						select 
						PROF_SK
						,PROD_SK
						,#template_string_3
						
						FROM(
						SELECT 
						PROF_SK
						,PROD_SK
						,ROW_NUMBER() OVER (PARTITION BY PROF_SK,PROD_SK,VAULT_DOCUMENT_ID_VOD__C ORDER BY LAST_OPEN_DATE_VOD__C DESC) AS RNK
						,#template_string_4
						FROM 
						(
						SELECT 
						DISTINCT
						enterprise_reference_id__c AS PROF_SK,
						VAULT_DOCUMENT_ID_VOD__C,
						ATTR_VAL AS PROD_SK,
						CAST(SUBSTR(LAST_OPEN_DATE_VOD__C,1,10) AS DATE) AS LAST_OPEN_DATE_VOD__C,
						DATEDIFF(CAST(#sugg_posted_date AS DATE),CAST(SUBSTR(LAST_OPEN_DATE_VOD__C,1,10) AS DATE)) DAYS_DIFF,
						CONCAT(VAULT_DOCUMENT_ID_VOD__C,'_DAYS_SINCE_LAST_VAE_OPENED') AS METRIC_SK
						FROM 
						LDG_VEEVA_SENT_EMAIL SNT
						INNER JOIN 
						LDG_VEEVA_APV_DOC DOC
						ON 
						SNT.APPROVED_EMAIL_TEMPLATE_VOD__C = DOC.ID
						INNER JOIN LDG_VEEVA_ACCOUNTS ACC 
						ON
						SNT.ACCOUNT_VOD__C=ACC.ID
						INNER JOIN 
						(
						SELECT DISTINCT CNFG_VAL,ATTR_VAL FROM Metric_Config_File WHERE UPPER(PARAM_TYPE)='VAE_TEMPLATE_IDS' 
						AND UPPER(CNFG_TYPE)='VAULT_DOCUMENT_ID_VOD__C'
						AND UPPER(ATTR_NM)='PROD_SK'
						) CNFG 
						ON 
						DOC.VAULT_DOCUMENT_ID_VOD__C=CNFG.CNFG_VAL
						WHERE TRIM(UPPER(SNT.STATUS_VOD__C)) = TRIM(UPPER('DELIVERED_VOD'))
						)A
						)AA WHERE RNK=1 GROUP BY PROF_SK,PROD_SK
						)AAA)INT_VEEVA_TEMPLATE_DAYS_SINCE_VAE_OPENED
				  
			)NPP 
INNER JOIN CUSTOMER MSTR 
ON         NPP.PROF_SK=MSTR.CUSTOMER_ID)UNIVERSE",Backfill_value,365,"VEEVA_SENT_EMAIL##metricname||VEEVA_SENT_EMAIL#COALESCE(cast(#sourcemetricname as double),365)  AS #metricname||VEEVA_SENT_EMAIL#MAX(#sourcemetricname) AS #sourcemetricname||VEEVA_SENT_EMAIL#CASE WHEN VAULT_DOCUMENT_ID_VOD__C ='#template_id'  THEN  DAYS_DIFF END AS #sourcemetricname",,,,InActive
93,QUERY,SEG,SEG_TALTZ_PSA_PAYER_NAME_TRIGGER,INT_TALTZ_PSA_PAYER_NAME_TRIGGER,"SELECT DISTINCT CUSTOMER_ID AS CUSTOMER_ID
,xref.ATTR_VAL as PRODUCT_ID
,#template_string_1
FROM TALTZ_PSA_TRIGGERS_PAYER_BR_METRICS TALTZ_PSA_PAYER 
inner join (select distinct ATTR_VAL,SRC_PROD_NM
from M_PROD_XREF where TRIM(UPPER(attr_nm1))='PROD_SK' and TRIM(UPPER(ACTV))='Y' and
TRIM(UPPER(SRC_NM)) in ('TALTZ_PSA_AS_NRAXSPA_TGT')
)xref
on TRIM(UPPER(concat(TALTZ_PSA_PAYER .product_id,'_',TALTZ_PSA_PAYER .indication_id)))=TRIM(UPPER(xref.SRC_PROD_NM))",Backfill_value,NULL,"TALTZ_PSA_PAYER_NAME_TRIGGER#coalesce(upper(#sourcename), 'NA') AS #metricname",,,,InActive
94,QUERY,SEG,SEG_TALTZ_PSO_PAYER_NAME_TRIGGER,INT_TALTZ_PSO_PAYER_NAME_TRIGGER,"SELECT DISTINCT CUSTOMER_ID AS CUSTOMER_ID
,xref.ATTR_VAL as PRODUCT_ID
,#template_string_1
FROM TALTZ_PSO_TRIGGERS_PAYER_BR_METRICS TALTZ_PSO_PAYER 
inner join (select distinct ATTR_VAL,SRC_PROD_NM
from M_PROD_XREF where TRIM(UPPER(attr_nm1))='PROD_SK' and TRIM(UPPER(ACTV))='Y' and
TRIM(UPPER(SRC_NM)) in ('TALTZ_PSO_TGT')
)xref
on TRIM(UPPER(concat(TALTZ_PSO_PAYER .product_id,'_',TALTZ_PSO_PAYER .indication_id)))=TRIM(UPPER(xref.SRC_PROD_NM))",Backfill_value,NULL,"TALTZ_PSO_PAYER_NAME_TRIGGER#coalesce(upper(#sourcename), 'NA') AS #metricname",,,,InActive
95,INPUT_FILE,, , , ,ZEPBOUND_OSA_TRIGGER_Path,02_OUTPUT_FILES/INGESTIONS/MASTER/ZEPBOUND_OSA_TRIGGERS_METRICS/,,",",parquet,LDG_LDO_ZEP_OSA_TGT,Active
96,QUERY,SEG,SEG_LDO_ZEPBOUND,INT_LDO_ZEPBOUND,"SELECT DISTINCT MSTR.CUSTOMER_ID AS CUSTOMER_ID
,xref.ATTR_VAL as PRODUCT_ID
,#template_string_1
FROM
(SELECT DISTINCT ZEP_HCP.CUSTOMER_ID, concat(ZEP_HCP.PRODUCT_ID,'_',ZEP_HCP.INDICATION_ID) AS PRODUCT_ID
FROM
LDG_LDO_ZEP_HCP_ATTRIBUTE ZEP_HCP
UNION
SELECT DISTINCT ZEP_HCP.CUSTOMER_ID, 'US_708122_864716' AS PRODUCT_ID
FROM
LDG_LDO_ZEP_HCP_ATTRIBUTE ZEP_HCP
) MSTR
LEFT JOIN LDG_LDO_ZEP_HCP_ATTRIBUTE ZEP_HCP
ON UPPER(TRIM(MSTR.CUSTOMER_ID)) = UPPER(TRIM(ZEP_HCP.CUSTOMER_ID))
AND (UPPER(TRIM(MSTR.PRODUCT_ID)) = UPPER(TRIM(concat(ZEP_HCP.PRODUCT_ID,'_',ZEP_HCP.INDICATION_ID))) OR UPPER(TRIM(MSTR.PRODUCT_ID)) = 'US_708122_864716')
inner join (select distinct ATTR_VAL,SRC_PROD_NM
from M_PROD_XREF where TRIM(UPPER(attr_nm1))='PROD_SK' and TRIM(UPPER(ACTV))='Y' and
TRIM(UPPER(SRC_NM)) in ('ZEP_TGT','ZEP_OSA_TGT')
)xref",Backfill_value,NULL,"LDO_ZEPBOUND_SEG#coalesce(upper(ZEP_HCP.#sourcemetricname), 'NA') AS #metricname",,,,Active
97,INPUT_FILE,,,,,HCP_GA_TRIGGERS_path,02_OUTPUT_FILES/INGESTIONS/MASTER/US_HCP_GA_ANALYTICS/,,",",parquet,hcp_ga_triggers,Active
98,QUERY,NPP,NPP_MNJ_GA_PASSTHROUGH,INT_MNJ_GA_PASSTHROUGH,"SELECT 
   CUSTOMER_ID,
   XREF.ATTR_VAL as PRODUCT_ID,
  'DAY' as TIME_GRAIN,
  CAST(#sugg_posted_date as DATE) AS START_TIME,
  CAST(#sugg_posted_date as DATE) AS END_TIME,
  #template_string_1
  FROM (
  SELECT 
   customer_id as CUSTOMER_ID, 
   event_date as trigger_date,
   event_name as trigger_name,
   product_id as product
   FROM hcp_ga_triggers where CAST(event_date as DATE) > date_add(CAST(#sugg_posted_date as DATE), -70)
) MSTR
inner join M_PROD_XREF XREF on UPPER(TRIM(SRC_PROD_NM)) = MSTR.product 
and UPPER(TRIM(SRC_NM)) = 'MNJ_TGT' and ATTR_NM1 = 'PROD_SK'
GROUP BY  CUSTOMER_ID,ATTR_VAL",Backfill Value,0,"MNJ_GA_VST_FLAG_TRIGGER#COALESCE(MAX(CASE WHEN MSTR.TRIGGER_NAME = '#sourcemetricname' THEN 1 END), 0) as #metricname",,,,Active
99,QUERY,SEG,NPP_MNJ_GA_SEG,INT_MNJ_GA_SEG,"SELECT 
   CUSTOMER_ID,
   XREF.ATTR_VAL as PRODUCT_ID,  
 #template_string_1 
FROM (
  SELECT 
   customer_id as CUSTOMER_ID, 
   event_date as trigger_date,
   event_name as trigger_name,
   product_id as product
   FROM hcp_ga_triggers
) MSTR
inner join M_PROD_XREF XREF on UPPER(TRIM(SRC_PROD_NM)) = MSTR.product 
and UPPER(TRIM(SRC_NM)) = 'MNJ_TGT' and ATTR_NM1 = 'PROD_SK'
GROUP BY  CUSTOMER_ID,ATTR_VAL",Backfill Value,'9999-12-31',"MNJ_GA_VST_DATE_TRIGGER#COALESCE(MAX(CASE WHEN MSTR.TRIGGER_NAME = '#sourcemetricname' then CAST(trigger_date as DATE) END), '9999-12-31') as #metricname",,,,Active
100,QUERY,SEG,SEG_OMVOH_TRIGGER,INT_OMVOH_TRIGGER,"SELECT DISTINCT CUSTOMER_ID AS CUSTOMER_ID
,xref.ATTR_VAL as PRODUCT_ID
,#template_string_1
FROM LDG_OMVOH_TRIGGERS_METRICS OMVOH_TRIGGER 
inner join (select distinct ATTR_VAL,SRC_PROD_NM
from M_PROD_XREF where TRIM(UPPER(attr_nm1))='PROD_SK' and TRIM(UPPER(ACTV))='Y' and
TRIM(UPPER(SRC_NM)) in ('OMVOH_TGT')
)xref
on TRIM(UPPER(concat(OMVOH_TRIGGER.product_id,'_',OMVOH_TRIGGER.indication_id)))=TRIM(UPPER(xref.SRC_PROD_NM))",Backfill_value,NULL,"OMVOH_TRIGGER#coalesce(upper(#sourcename), 'NA') AS #metricname",,,,Active
101,QUERY,SEG,SEG_OMVOH_PAYER,INT_OMVOH_PAYER,"SELECT DISTINCT CUSTOMER_ID AS CUSTOMER_ID
,xref.ATTR_VAL as PRODUCT_ID
,#template_string_1
FROM LDG_OMVOH_TRIGGERS_PAYER_BR_METRICS OMVOH_PAYER_BR_MSTR
inner join (select distinct ATTR_VAL,SRC_PROD_NM
from M_PROD_XREF where TRIM(UPPER(attr_nm1))='PROD_SK' and TRIM(UPPER(ACTV))='Y' and
TRIM(UPPER(SRC_NM)) in ('OMVOH_TGT')
)xref
on TRIM(UPPER(concat(OMVOH_PAYER_BR_MSTR.product_id,'_',OMVOH_PAYER_BR_MSTR.indication_id)))=TRIM(UPPER(xref.SRC_PROD_NM))",Backfill_value,NULL,"OMVOH_PAYER#coalesce(upper(#sourcename), 'NA') AS #metricname",,,,Active
102,INPUT_FILE,,,,,OMVOH_TRIGGER_PATH,02_OUTPUT_FILES/INGESTIONS/MASTER/OMVOH_TRIGGERS_METRICS/,,",",parquet,LDG_OMVOH_TRIGGERS_METRICS,Active
103,INPUT_FILE,,,,,OMVOH_PAYER_PATH,02_OUTPUT_FILES/INGESTIONS/MASTER/OMVOH_TRIGGERS_PAYER_BR_METRICS/,,",",parquet,LDG_OMVOH_TRIGGERS_PAYER_BR_METRICS,Active
104,QUERY,SEG,SEG_LEBRI_TRIGGER,INT_LEBRI_TRIGGER,"SELECT DISTINCT CUSTOMER_ID AS CUSTOMER_ID
,xref.ATTR_VAL as PRODUCT_ID
,#template_string_1
FROM LDG_LEBRI_TRIGGERS_METRICS LEBRI_TRIGGER_METRICS
inner join (select distinct ATTR_VAL,SRC_PROD_NM
from M_PROD_XREF where TRIM(UPPER(attr_nm1))='PROD_SK' and TRIM(UPPER(ACTV))='Y' and
TRIM(UPPER(SRC_NM)) in ('LEBRI_TGT')
)xref
on TRIM(UPPER(concat(LEBRI_TRIGGER_METRICS.product_id,'_',LEBRI_TRIGGER_METRICS.indication_id)))=TRIM(UPPER(xref.SRC_PROD_NM))",Backfill_value,NULL,"LEBRI_TRIGGER#coalesce(upper(#sourcename), 'NA') AS #metricname",,,,Active
105,QUERY,PP,PP_ZEP_COUNT_CALL,INT_PP_ZEP_COUNT_CALL,"select prof_sk as CUSTOMER_ID,
    rep_sk as REP_ID,
   xref.ATTR_VAL AS PRODUCT_ID,
   #template_string_1
from
(
select distinct call2_vod.ID,call2_vod.call_date_vod__c, VA.enterprise_reference_id__c AS prof_sk, call2_vod.ownerid AS rep_sk
from
(
select id,ownerid,call_date_vod__c,account_vod__c
from LDG_VEEVA_CALL2 where upper(status_vod__c) in ('SUBMITTED_VOD')
) call2_vod
inner join
(select call2_vod__c, product_vod__c from LDG_VEEVA_CALL2_DTL where Detail_Priority_vod__c <= 3) call_detail
on UPPER(TRIM(call_detail.call2_vod__c)) = UPPER(TRIM(call2_vod.id))
INNER JOIN (select id,enterprise_reference_id__c from LDG_VEEVA_ACCOUNTS) VA ON UPPER(TRIM(call2_vod.account_vod__c)) = UPPER(TRIM(VA.ID))
inner join LDG_VEEVA_PRODUCT product on product.id = call_detail.product_vod__c
where account_vod__c is not null
and cast(#sugg_posted_date as date) >= to_date(from_unixtime(unix_timestamp(CALL_DATE_VOD__C,'yyyy-MM-dd'),'yyyy-MM-dd'))
and datediff(cast(#sugg_posted_date as date),to_date(from_unixtime(unix_timestamp(CALL_DATE_VOD__C,'yyyy-MM-dd'),'yyyy-MM-dd'))) <= 56
AND PRODUCT.External_ID_vod__c LIKE
'%708122%'
) call2_vod_master
cross join (select distinct ATTR_VAL from M_PROD_XREF where upper(src_nm) = 'VEEVA' AND
UPPER(TRIM(actv))='Y' AND UPPER(TRIM(attr_nm1)) = 'PROD_SK' AND UPPER(TRIM(tgt_prod_nm))='ZEPBOUND') xref
on 1=1
group by call2_vod_master.prof_sk, call2_vod_master.rep_sk,xref.ATTR_VAL",Backfill_value,0,ZEP_CALL_COUNT_8W#cast(count(DISTINCT call2_vod_master.#sourcemetricname) as double) AS #metricname,,,,Active