SOURCE_NAME|SOURCE_PRODUCT_NAME|TARGET_NAME|TARGET_PRODUCT_NAME|ATTRIBUTE_NAME1|ATTRIBUTE_VALUE1|BUSINESS_UNIT|ACTIVE
ACCESS_AFFINITY|TALTZ|ZS|TALTZ|PROD_SK|US_304528_DS152|BMBU|Y
ACCESS_AFFINITY|TALTZ|ZS|TALTZ|PROD_SK|US_304528_DS150|BMBU|Y
ACCESS_AFFINITY|OLUMIANT|ZS|OLUMIANT|PROD_SK|US_304547_598010|BMBU|N
CAP|TALTZ|ZS|TALTZ_PSORIASIS|PROD_SK|US_304528_DS150|BMBU_IMM|Y
CAP|TALTZ|ZS|TALTZ_PSORIATIC ARTHRITIS|PROD_SK|US_304528_DS152|BMBU_IMM|Y
HIBBERT|TALTZ|ZS|TALTZ|PROD_SK|US_304528_DS152|BMBU_IMM|Y
HIBBERT|TALTZ|ZS|TALTZ|PROD_SK|US_304528_DS150|BMBU_IMM|Y
HIBBERT|OLUMIANT|ZS|OLUMIANT|PROD_SK|US_304547_598010|BMBU_IMM|N
OLUM_AD_TGT|US_304547_420004|ZS|OLUMIANT|PROD_SK|US_304547_420004|BMBU_IMM|N
OLUM_RA_TGT|US_304547_DS158|ZS|OLUMIANT|PROD_SK|US_304547_DS158|BMBU_IMM|N
SOA_BRAND_EMAILS|TALTZ_PSORIASIS|ZS|TALTZ_PSORIASIS|PROD_SK|US_304528_DS150|BMBU_IMM|Y
SOA_BRAND_EMAILS|TALTZ_PSORIATIC ARTHRITIS|ZS|TALTZ_PSORIATIC ARTHRITIS|PROD_SK|US_304528_DS152|BMBU_IMM|Y
SOA_BRAND_EMAILS|TALTZ|ZS|TALTZ|PROD_SK|US_304528_DS152|BMBU_IMM|Y
SOA_BRAND_EMAILS|TALTZ|ZS|TALTZ|PROD_SK|US_304528_DS150|BMBU_IMM|Y
TALTZ_PSA_AS_NRAXSPA_TGT|US_304528_DS152|ZS|TALTZ|PROD_SK|US_304528_DS152|BMBU_IMM|Y
TALTZ_PSO_TGT|US_304528_DS150|ZS|TALTZ|PROD_SK|US_304528_DS150|BMBU_IMM|Y
TEAM_RESP_CD|USV8_US_304528|ZS|TALTZ|PROD_SK|US_304528_DS152|BMBU_IMM|Y
TEAM_RESP_CD|USV8_US_304528|ZS|TALTZ|PROD_SK|US_304528_DS150|BMBU_IMM|Y
TEAM_RESP_CD|USV4_US_304528|ZS|TALTZ|PROD_SK|US_304528_DS150|BMBU_IMM|Y
TEAM_RESP_CD|USV5_US_304528|ZS|TALTZ|PROD_SK|US_304528_DS150|BMBU_IMM|Y
TEAM_RESP_CD|USV6_US_304528|ZS|TALTZ|PROD_SK|US_304528_DS152|BMBU_IMM|Y
TEAM_RESP_CD|USV7_US_304528|ZS|TALTZ|PROD_SK|US_304528_DS152|BMBU_IMM|Y
VAE_INPUT_FORM|TALTZ|ZS|TALTZ_PSORIASIS|PROD_SK|US_304528_DS150|BMBU_IMM|Y
VAE_INPUT_FORM|TALTZ|ZS|TALTZ_PSORIATIC ARTHRITIS|PROD_SK|US_304528_DS152|BMBU_IMM|Y
VEEVA|US_304528_DS152|ZS|TALTZ|PROD_SK|US_304528_DS152|BMBU_IMM|Y
VEEVA|US_304528_DS150|ZS|TALTZ|PROD_SK|US_304528_DS150|BMBU_IMM|Y
VEEVA_ML|US_304528|ZS|TALTZ_PSORIASIS|PROD_SK|US_304528|BMBU_IMM|Y
VEEVA_ML|US_304528|ZS|TALTZ_PSORIATIC ARTHRITIS|PROD_SK|US_304528|BMBU_IMM|Y
P2P|TALTZ DERMATOLOGY|ZS|TALTZ_PSORIASIS|PROD_SK|US_304528|BMBU_IMM|Y
P2P|TALTZ RHEUMATOLOGY|ZS|TALTZ_PSORIATIC ARTHRITIS|PROD_SK|US_304528|BMBU_IMM|Y
LEBRI_TGT|US_708127_420004|ZS|LEBRI|PROD_SK|US_708127_420004|BMBU_IMM|Y
VEEVA|US_708127|ZS|LEBRI|PROD_SK|US_708127_420004|BMBU_IMM|Y
P2P_DERM|LEBRIKIZUMAB|ZS|LEBRI|PROD_SK|US_708127_420004|BMBU_IMM|Y
P2P_DERM|TALTZ DERMATOLOGY|ZS|TALTZ_PSORIASIS|PROD_SK|US_304528_DS150|BMBU_IMM|Y
TEAM_RESP_CD|USV4_US_708127|ZS|EBGLYSS|PROD_SK|US_708127_420004|BMBU_IMM|Y
TEAM_RESP_CD|USV5_US_708127|ZS|EBGLYSS|PROD_SK|US_708127_420004|BMBU_IMM|Y
TEAM_RESP_CD|USV8_US_708127|ZS|EBGLYSS|PROD_SK|US_708127_420004|BMBU_IMM|Y
SOA_ACTIVITY_FI|EBGLYSS|ZS|ATOPIC DERMATITIS|PROD_SK|US_708127_420004|BMBU_IMM|Y
TEAM_RESP_CD|USV4_US_304547|ZS|OLUMIANT|PROD_SK|US_304547_598010|BMBU_IMM|N
TEAM_RESP_CD|USV5_US_304547|ZS|OLUMIANT|PROD_SK|US_304547_598010|BMBU_IMM|N
ACCESS_AFFINITY|JARDIANCE|ZS|JARDIANCE|PROD_SK|US_304544_DS057|LDO|Y
ACCESS_AFFINITY|MOUNJARO|ZS|MOUNJARO|PROD_SK|US_613009_DS057|LDO|Y
ACCESS_AFFINITY|ZEPBOUND|ZS|ZEPBOUND|PROD_SK|US_708122_723224|LDO|Y
JAR_TGT|US_304544_DS057|ZS|JARDIANCE|PROD_SK|US_304544_DS057|LDO|N
MNJ_TGT|US_613009_DS057|ZS|MOUNJARO|PROD_SK|US_613009_DS057|LDO|Y
ZEP_TGT|US_708122_723224|ZS|ZEPBOUND|PROD_SK|US_708122_723224|LDO|Y
CALL_ACTIVITY_FIA|PSORIASIS|ZS|DS150|PROD_SK||BMBU_IMM|Y
CALL_ACTIVITY_FIA|PSORIATIC ARTHRITIS|ZS|DS152|PROD_SK||BMBU_IMM|Y
FIA_METRICS|MOUNJARO|PROD|US_613009|||LDO|Y
FIA_METRICS|MOUNJARO T2D|PROD_IND_SK|US_613009_DS057|||LDO|Y
FIA_METRICS|TALTZ|PROD|US_304528|||BMBU_IMM|Y
FIA_METRICS|TALTZ PSA|PROD_IND_SK|US_304528_DS152|||BMBU_IMM|Y
FIA_METRICS|TALTZ PSO|PROD_IND_SK|US_304528_DS150|||BMBU_IMM|Y
FIA_METRICS|ZEPBOUND|PROD|US_708122|||LDO|Y
FIA_METRICS|ZEPBOUND CWM|PROD_IND_SK|US_708122_723224|||LDO|Y
FIA_METRICS|JAYPIRCA|PROD|US_708086|||OBU|Y
FIA_METRICS|VERZENIO|PROD|US_304521|||OBU|Y
FIA_SYNC_INDICATION|PSORIASIS|ZS|DS150|PROD_SK||BMBU_IMM|Y
FIA_SYNC_INDICATION|PSORIATIC ARTHRITIS|ZS|DS152|PROD_SK||BMBU_IMM|Y
FIA_SYNC_PRODUCTS|a000f00000YAds7AAD|ZS|TALTZ PSA|PROD_SK|US_304528_DS152|BMBU_IMM|Y
FIA_SYNC_PRODUCTS|a000f00000YAds7AAD|ZS|TALTZ PSO|PROD_SK|US_304528_DS150|BMBU_IMM|Y
FIA_SYNC_PRODUCTS|a004R00000pB5hNQAS|ZS|MOUNJARO|PROD_SK|US_613009_DS057|LDO|Y
FIA_SYNC_PRODUCTS|a000f00000YAdsDAAT|ZS|VERZENIO|PROD_SK|US_304521|OBU|Y
FIA_SYNC_PRODUCTS|a004R00000oZS7YQAW|ZS|JAYPIRCA|PROD_SK|US_708086|OBU|Y
FIA_SYNC_PRODUCTS|NA|ZS|JAYPIRCA CLL|PROD_SK|US_708086_430015|OBU|Y
FIA_SYNC_PRODUCTS|NA|ZS|JAYPIRCA MCL|PROD_SK|US_708086_708087|OBU|Y
FIA_SYNC_PRODUCTS|NA|ZS|VERZENIO EBC|PROD_SK|US_304521_558393|OBU|Y
FIA_SYNC_PRODUCTS|NA|ZS|VERZENIO MBC|PROD_SK|US_304521_DS162|OBU|Y
P2P_ACTIVITY_FI|MOUNJARO|ZS|MOUNJARO T2D|PROD_SK|US_613009_DS057|LDO|Y
P2P_ACTIVITY_FI|TALTZ - DERMATOLOGY|ZS|TALTZ PSORIASIS|PROD_SK|US_304528_DS150|BMBU_IMM|Y
P2P_ACTIVITY_FI|TALTZ - RHEUMATOLOGY|ZS|TALTZ PSORIATIC ARTHRITIS|PROD_SK|US_304528_DS152|BMBU_IMM|Y
P2P_ACTIVITY_FI|JAYPIRCA|ZS|JAYPIRCA|PROD_SK|US_708086|OBU|Y
P2P_ACTIVITY_FI|VERZENIO BREAST|ZS|VERZENIO|PROD_SK|US_304521|OBU|Y
SOA_ACTIVITY_FI|MOUNJARO|ZS|TYPE 2 DIABETES|PROD_SK|US_613009_DS057|LDO|Y
SOA_ACTIVITY_FI|TALTZ|ZS|PSORIASIS|PROD_SK|US_304528_DS150|BMBU_IMM|Y
SOA_ACTIVITY_FI|TALTZ|ZS|PSORIATIC ARTHRITIS|PROD_SK|US_304528_DS152|BMBU_IMM|Y
SOA_ACTIVITY_FI|ZEPBOUND|ZS|CHRONIC WEIGHT MANAGEMENT|PROD_SK|US_708122_723224|LDO|Y
SOA_ACTIVITY_FI|JAYPIRCA|ZS|CHRONIC LYMPHOCYTIC LEUKEMIA|PROD_SK|US_708086_430015|OBU|Y
SOA_ACTIVITY_FI|JAYPIRCA|ZS|MANTLE CELL LYMPHOMA|PROD_SK|US_708086_708087|OBU|Y
SOA_ACTIVITY_FI|VERZENIO|ZS|BREAST CANCER - EARLY|PROD_SK|US_304521_558393|OBU|Y
SOA_ACTIVITY_FI|VERZENIO|ZS|BREAST CANCER - METASTATIC|PROD_SK|US_304521_DS162|OBU|Y
SUGG_ENGAGEMENT|US_304521|ZS|VERZENIO|PROD_SK|US_304521|OBU|Y
SUGG_ENGAGEMENT|US_304528_DS150|ZS|TALTZ PSO|PROD_IND_SK|US_304528_DS150|BMBU_IMM|Y
SUGG_ENGAGEMENT|US_304528_DS152|ZS|TALTZ PSA|PROD_IND_SK|US_304528_DS152|BMBU_IMM|Y
SUGG_ENGAGEMENT|US_613009_DS057|ZS|MOUNJARO|PROD_IND_SK|US_613009_DS057|LDO|Y
SUGG_ENGAGEMENT|US_708086|ZS|JAYPIRCA|PROD_SK|US_708086|OBU|Y
VEEVA|US_613009_DS057|ZS|MOUNJARO|PROD_SK|US_613009_DS057|LDO|Y
P2P_ACTIVITY_FI|EBGLYSS|ZS|EBGLYSS AD|PROD_SK|US_708127_420004|BMBU_IMM|Y
SUGG_ENGAGEMENT|US_708127_420004|ZS|EBGLYSS AD|PROD_IND_SK|US_708127_420004|BMBU_IMM|Y
FIA_METRICS|EBGLYSS AD|PROD_IND_SK|US_708127_420004|||BMBU_IMM|Y
FIA_METRICS|EBGLYSS|PROD|US_708127|||BMBU_IMM|Y
CALL_ACTIVITY_FIA|ATOPIC DERMATITIS|ZS|420004|PROD_SK||BMBU_IMM|Y
CALL_ACTIVITY_FIA|HR+/HER2 – MBC IN COMBINATION WITH FULVESTRANT|ZS|DS162|PROD_SK||OBU|Y
CALL_ACTIVITY_FIA|HR+/HER2 – MBC MONOTHERAPY|ZS|DS162|PROD_SK||OBU|Y
CALL_ACTIVITY_FIA|HR+/HER2- EBC IN COMBINATION WITH ENDOCRINE THERAPY (ET)|ZS|558393|PROD_SK||OBU|Y
CALL_ACTIVITY_FIA|HR+/HER2- MBC IN COMBINATION WITH AN AROMATASE|ZS|DS162|PROD_SK||OBU|Y
CALL_ACTIVITY_FIA|RELAPSED OR REFRACTORY MANTLE CELL LYMPHOMA - ADULT|ZS|708087|PROD_SK||OBU|Y
CALL_ACTIVITY_FIA|RELAPSED/REFRACTORY CHRONIC LYMPHOCYTIC LEUKEMIA (CLL)|ZS|430015|PROD_SK||OBU|Y
FIA_SYNC_PRODUCTS|a00R700000I0sAzIAJ|ZS|EBGLYSS AD|PROD_SK|US_708127_420004|BMBU_IMM|Y
FIA_PRODUCT_MAPPING|US_304521_558393||VERZENIO_EBC|Q|US_304521|OBU|Y
FIA_PRODUCT_MAPPING|US_304521_DS162||VERZENIO_MBC|Q|US_304521|OBU|Y
FIA_PRODUCT_MAPPING|US_304528_DS150||TALTZ PSO|M|US_304528_DS150|IMM|Y
FIA_PRODUCT_MAPPING|US_304528_DS152||TALTZ PSA|M|US_304528_DS152|IMM|Y
FIA_PRODUCT_MAPPING|US_613009_DS057||MOUNJARO|M|US_613009_DS057|LDO|Y
FIA_PRODUCT_MAPPING|US_708086_430015||JAYPIRCA CLL|Q|US_708086|OBU|Y
FIA_PRODUCT_MAPPING|US_708086_708087||JAYPIRCA MCL|Q|US_708086|OBU|Y
FIA_PRODUCT_MAPPING|US_708121_713022||OMVOH|M|US_708121|GI|N
FIA_PRODUCT_MAPPING|US_708127_420004||EBGLYSS AD|M|US_708127_420004|IMM|Y
AIML_TRIGGERS|VERZENIO_EBC|ZS|VERZENIO_EBC|PROD_SK|US_304521_558393|OBU|Y
AIML_TRIGGERS|VERZENIO_MBC|ZS|VERZENIO_MBC|PROD_SK|US_304521_DS162|OBU|Y
OBU_TGT|JAYPIRCA_CLL|ZS|JAYPIRCA_CLL|PROD_SK|US_708086_430015|OBU|Y
OBU_TGT|JAYPIRCA_MCL|ZS|JAYPIRCA_MCL|PROD_SK|US_708086_708087|OBU|Y
OBU_TGT|VERZENIO_EBC/MBC|ZS|VERZENIO_EBC|PROD_SK|US_304521_558393|OBU|Y
OBU_TGT|VERZENIO_EBC/MBC|ZS|VERZENIO_MBC|PROD_SK|US_304521_DS162|OBU|Y
OBU_TGT|VERZENIO_EBC|ZS|VERZENIO_EBC|PROD_SK|US_304521_558393|OBU|Y
OBU_TGT|VERZENIO_MBC|ZS|VERZENIO_MBC|PROD_SK|US_304521_DS162|OBU|Y
PRI_SUGG_POST_BR|US_304521_558393||VERZENIO_EBC|VERZENIO|US_304521|OBU|Y
PRI_SUGG_POST_BR|US_304521_DS162||VERZENIO_MBC|VERZENIO|US_304521|OBU|Y
PRI_SUGG_POST_BR|US_708086_430015||JAYPIRCA CLL|JAYPIRCA|US_708086|OBU|Y
PRI_SUGG_POST_BR|US_708086_708087||JAYPIRCA MCL|JAYPIRCA|US_708086|OBU|Y
ALZ_TGT|DONANEMAB|ZS|KISUNLA|PROD_SK|US_708120_708233|ALZ|Y
ALZ_TGT|KISUNLA|ZS|KISUNLA|PROD_SK|US_708120_708233|ALZ|Y
ALZ_TGT|US_708120_708233|ZS|KISUNLA|PROD_SK|US_708120_708233|ALZ|Y
ALZ_TGT|US_708120|ZS|KISUNLA|PROD_SK|US_708120_708233|ALZ|Y
TEAM_RESP_CD|US1U_US_708120|ZS|KISUNLA|PROD_SK|US_708120_708233|ALZ|Y
TEAM_RESP_CD|US7P_US_304521|ZS|VERZENIO|PROD_SK|US_304521_558393|OBU|Y
TEAM_RESP_CD|US7P_US_304521|ZS|VERZENIO|PROD_SK|US_304521_DS162|OBU|Y
TEAM_RESP_CD|US7P_US_708086|ZS|JAYPIRCA|PROD_SK|US_708086_430015|OBU|Y
TEAM_RESP_CD|US7P_US_708086|ZS|JAYPIRCA|PROD_SK|US_708086_708087|OBU|Y
OLUM_AA_TGT|US_304547_598010|ZS|OLUMIANT|PROD_SK|US_304547_598010|BMBU_IMM|N
P2P|OLUMIANT AA|ZS|OLUMIANT|PROD_SK|US_304547_598010|BMBU_IMM|N
P2P_DERM|OLUMIANT AA|ZS|OLUMIANT|PROD_SK|US_304547_598010|BMBU_IMM|N
SOA_BRAND_EMAILS|OLUMIANT|ZS|OLUMIANT|PROD_SK|US_304547_598010|BMBU_IMM|N
SUGG_ENGAGEMENT|US_304547_598010|ZS|OLUMIANT AA|PROD_IND_SK|US_304547_598010|BMBU_IMM|N
TEAM_RESP_CD|USV6_US_304547|ZS|OLUMIANT|PROD_SK|US_304547_598010|BMBU_IMM|N
TEAM_RESP_CD|USV7_US_304547|ZS|OLUMIANT|PROD_SK|US_304547_598010|BMBU_IMM|N
TEAM_RESP_CD|USV8_US_304547|ZS|OLUMIANT|PROD_SK|US_304547_598010|BMBU_IMM|N
VEEVA|US_304547_598010|ZS|OLUMIANT|PROD_SK|US_304547_598010|BMBU_IMM|N
ZEP_OSA_TGT|US_708122_864716|ZS|ZEPBOUND|PROD_SK|US_708122_864716|LDO|Y
TEAM_RESP_CD|US8D_US_708122|ZS|ZEPBOUND|PROD_SK|US_708122_864716|LDO|Y
TEAM_RESP_CD|US8E_US_708122|ZS|ZEPBOUND|PROD_SK|US_708122_864716|LDO|Y
TEAM_RESP_CD|US8F_US_708122|ZS|ZEPBOUND|PROD_SK|US_708122_864716|LDO|Y
TEAM_RESP_CD|US8D_US_613009|ZS|MOUNJARO|PROD_SK|US_613009_DS057|LDO|Y
TEAM_RESP_CD|US8D_US_708122|ZS|ZEPBOUND|PROD_SK|US_708122_723224|LDO|Y
TEAM_RESP_CD|US8E_US_613009|ZS|MOUNJARO|PROD_SK|US_613009_DS057|LDO|Y
TEAM_RESP_CD|US8E_US_708122|ZS|ZEPBOUND|PROD_SK|US_708122_723224|LDO|Y
TEAM_RESP_CD|US8F_US_708122|ZS|ZEPBOUND|PROD_SK|US_708122_723224|LDO|Y
TEAM_RESP_CD|US8F_US_613009|ZS|MOUNJARO|PROD_SK|US_613009_DS057|LDO|Y
FIA_PRODUCT_MAPPING|US_304544_DS057||JARDIANCE|M|US_304544_DS057|LDO|N
FIA_PRODUCT_MAPPING|US_708120_708233||KISUNLA ALZ|M|US_708120_708233|ALZ|Y
FIA_PRODUCT_MAPPING|US_708122_723224||ZEPBOUND|M|US_708122|LDO|Y
FIA_PRODUCT_MAPPING|US_708122_864716||ZEPBOUND|M|US_708122|LDO|Y
FIA_PRODUCT_MAPPING|US_304547_598010||OLUMIANT|M|US_304547_598010|IMM|N
CALL_ACTIVITY_FIA|CHRONIC WEIGHT MANAGEMENT|ZS|723224|PROD_SK||LDO|Y
CALL_ACTIVITY_FIA|ALOPECIA AREATA|ZS|598010|PROD_SK||BMBU_IMM|N
FIA_METRICS|JARDIANCE T2D|PROD_IND_SK|US_304544_DS057|||LDO|N
FIA_METRICS|JARDIANCE|PROD|US_304544|||LDO|N
FIA_METRICS|KISUNLA ALZ|PROD_IND_SK|US_708120_708233|||ALZ|Y
FIA_METRICS|KISUNLA|PROD_SK|US_708120|||ALZ|Y
FIA_METRICS|ZEPBOUND OSA|PROD_IND_SK|US_708122_864716|||LDO|N
FIA_METRICS|OLUMIANT AA|PROD_IND_SK|US_304547_598010|||BMBU_IMM|N
FIA_METRICS|OLUMIANT|PROD|US_304547|||BMBU_IMM|N
FIA_SYNC_PRODUCTS|a000f00000YAdwGAAT|ZS|JARDIANCE|PROD_SK|US_304544_DS057|LDO|N
FIA_SYNC_PRODUCTS|a004R00000rzYmJQAU|ZS|ZEPBOUND|PROD_SK|US_708122|LDO|Y
FIA_SYNC_PRODUCTS|a00R700000CwJUuIAN|ZS|KISUNLA|PROD_SK|US_708120_708233|ALZ|Y
FIA_SYNC_PRODUCTS|a000f00000YAds2AAD|ZS|OLUMIANT AA|PROD_SK|US_304547_598010|BMBU_IMM|N
FIA_SYNC_INDICATION|ALOPECIA AREATA|ZS|598010|PROD_SK||BMBU_IMM|N
P2P_ACTIVITY_FI|JARDIANCE|ZS|JARDIANCE T2D|PROD_SK|US_304544_DS057|LDO|N
P2P_ACTIVITY_FI|KISUNLA|ZS|KISUNLA ALZ|PROD_SK|US_708120_708233|ALZ|Y
P2P_ACTIVITY_FI|ZEPBOUND|ZS|ZEPBOUND|PROD_SK|US_708122|LDO|Y
P2P_ACTIVITY_FI|ZEPBOUND CWM|ZS|ZEPBOUND CWM|PROD_SK|US_708122_723224|LDO|N
P2P_ACTIVITY_FI|ZEPBOUND OSA|ZS|ZEPBOUND OSA|PROD_SK|US_708122_864716|LDO|N
P2P_ACTIVITY_FI|OLUMIANT - AA|ZS|OLUMIANT AA|PROD_SK|US_304547_598010|BMBU_IMM|N
PRODUCT_MAPPING_FIA_ACTIVITY|US_304521_558393||VERZENIO_EBC||US_304521|OBU|Y
PRODUCT_MAPPING_FIA_ACTIVITY|US_304521_DS162||VERZENIO_MBC||US_304521|OBU|Y
PRODUCT_MAPPING_FIA_ACTIVITY|US_304528_DS150||TALTZ PSO||US_304528_DS150|IMM|Y
PRODUCT_MAPPING_FIA_ACTIVITY|US_304528_DS152||TALTZ PSA||US_304528_DS152|IMM|Y
PRODUCT_MAPPING_FIA_ACTIVITY|US_304544_DS057||JARDIANCE||US_304544_DS057|LDO|N
PRODUCT_MAPPING_FIA_ACTIVITY|US_304547_598010||OLUMIANT||US_304547_598010|IMM|N
PRODUCT_MAPPING_FIA_ACTIVITY|US_613009_DS057||MOUNJARO||US_613009_DS057|LDO|Y
PRODUCT_MAPPING_FIA_ACTIVITY|US_708086_430015||JAYPIRCA CLL||US_708086|OBU|Y
PRODUCT_MAPPING_FIA_ACTIVITY|US_708086_708087||JAYPIRCA MCL||US_708086|OBU|Y
PRODUCT_MAPPING_FIA_ACTIVITY|US_708120_708233||KISUNLA ALZ||US_708120_708233|ALZ|Y
PRODUCT_MAPPING_FIA_ACTIVITY|US_708122_723224||ZEPBOUND CWM||US_708122|LDO|Y
PRODUCT_MAPPING_FIA_ACTIVITY|US_708127_420004||EBGLYSS AD||US_708127_420004|IMM|Y
SOA_ACTIVITY_FI|JARDIANCE|ZS|TYPE 2 DIABETES|PROD_SK|US_304544_DS057|LDO|N
SOA_ACTIVITY_FI|KISUNLA|ZS|ALZHEIMERS DISEASE|PROD_SK|US_708120_708233|ALZ|Y
SOA_ACTIVITY_FI|OLUMIANT|ZS|ALOPECIA AREATA|PROD_SK|US_304547_598010|BMBU_IMM|N
SUGG_ENGAGEMENT|US_304544_DS057|ZS|JARDIANCE|PROD_IND_SK|US_304544_DS057|LDO|N
SUGG_ENGAGEMENT|US_708120_708233|ZS|KISUNLA|PROD_IND_SK|US_708120_708233|ALZ|Y
SUGG_ENGAGEMENT|US_708122|ZS|ZEPBOUND|PROD_SK|US_708122|LDO|Y
OMVOH_TGT|US_708121_864734|ZS|OMVOH|PROD_SK|US_708121_864734|BMBU_IMM|Y
TEAM_RESP_CD|US6M_US_708121|ZS|OMVOH|PROD_SK|US_708121_864734|BMBU_IMM|Y
TEAM_RESP_CD|US6L_US_708121|ZS|OMVOH|PROD_SK|US_708121_864734|BMBU_IMM|Y
TEAM_RESP_CD|US6N_US_708121|ZS|OMVOH|PROD_SK|US_708121_864734|BMBU_IMM|Y
GA_ACTIVITY_FI|MOUNJARO|ZS|MOUNJARO|PROD_SK|US_613009_DS057|LDO|Y
CALL_ACTIVITY_FIA|OBSTRUCTIVE SLEEP APNEA|ZS|864716|PROD_SK||LDO|Y
FIA_SYNC_PRODUCTS|NA|ZS|ZEPBOUND CWM|PROD_SK|US_708122_723224|LDO|Y
FIA_SYNC_PRODUCTS|NA|ZS|ZEPBOUND OSA|PROD_SK|US_708122_864716|LDO|Y
PRODUCT_MAPPING_FIA_ACTIVITY|US_708122_864716||ZEPBOUND OSA||US_708122|LDO|Y
SOA_ACTIVITY_FI|ZEPBOUND|ZS|SLEEP APNEA|PROD_SK|US_708122_864716|LDO|Y
OMVOH_TGT|US_708121_864734|ZS|OMVOH|PROD_SK|US_708121_864734|BMBU_IMM|Y
TEAM_RESP_CD|US6M_US_708121|ZS|OMVOH|PROD_SK|US_708121_864734|BMBU_IMM|Y
TEAM_RESP_CD|US6L_US_708121|ZS|OMVOH|PROD_SK|US_708121_864734|BMBU_IMM|Y
TEAM_RESP_CD|US6N_US_708121|ZS|OMVOH|PROD_SK|US_708121_864734|BMBU_IMM|Y
PRI_SUGG_POST_BR|US_708121_864734|OMVOH|IBD|OMVOH|US_708121|BMBU_IMM|Y
FIA_METRICS|OMVOH|PROD|US_708121|||GI|N
FIA_SYNC_PRODUCTS|a004R00000rzVIwQAM|ZS|OMVOH|PROD_SK|US_708121|GI|N
FIA_SYNC_PRODUCTS|NA|ZS|OMVOH UC|PROD_SK|US_708121_713022|GI|N
FIA_SYNC_PRODUCTS|NA|ZS|OMVOH CD|PROD_SK|US_708121_713021|GI|N
P2P_ACTIVITY_FI|OMVOH|ZS|OMVOH|PROD_SK|US_708121|GI|N
SOA_ACTIVITY_FI|OMVOH|ZS|CROHNS DISEASE|PROD_SK|US_708121_713021|GI|N
SOA_ACTIVITY_FI|OMVOH|ZS|ULCERATIVE COLITIS|PROD_SK|US_708121_713022|GI|N
SUGG_ENGAGEMENT|US_708121|ZS|OMVOH|PROD_SK|US_708121|GI|N
CALL_ACTIVITY_FIA|CROHNS DISEASE|ZS|713021|PROD_SK||GI|N
CALL_ACTIVITY_FIA|ULCERATIVE COLITIS|ZS|713022|PROD_SK||GI|N
PRODUCT_MAPPING_FIA_ACTIVITY|US_708121_713021||OMVOH CD||US_708121|GI|N
PRODUCT_MAPPING_FIA_ACTIVITY|US_708121_713022||OMVOH UC||US_708121|GI|N
TEAM_RESP_CD|US6M_US_708121|ZS|OMVOH|PROD_SK|US_708121_713021|GI|N
TEAM_RESP_CD|US6M_US_708121|ZS|OMVOH|PROD_SK|US_708121_713022|GI|N
TEAM_RESP_CD|US6N_US_708121|ZS|OMVOH|PROD_SK|US_708121_713021|GI|N
TEAM_RESP_CD|US6N_US_708121|ZS|OMVOH|PROD_SK|US_708121_713022|GI|N
TEAM_RESP_CD|US6L_US_708121|ZS|OMVOH|PROD_SK|US_708121_713021|GI|N
TEAM_RESP_CD|US6L_US_708121|ZS|OMVOH|PROD_SK|US_708121_713022|GI|N