PARAMETER_TYPE|PARAMETER_VALUE|CONFIG_TYPE|CONFIG_VALUE|ATTRIBUTE_NAME1|ATTRIBUTE_VALUE1|ACTIVE|DESCRIPTION|ATTRIBUTE_NAME2|ATTRIBUTE_VALUE2|ATTRIBUTE_NAME3|ATTRIBUTE_VALUE3
ACTION_TEXTS_DT||BU|LDO|Placeholder_text|LDODT_MNJ_DT_01|Y||Actual_text|<br><b>Recommended Discussion Topics:</b><br><ul><li>Consider utilizing unbranded section to create tension to treat early and intensively<br><li>Uncover next steps and goals for patients with T2D on metformin<br><li>Share every dose is SUPERIOR to Ozempic 1mg for A1C reduction, starting at 5mg dose<br><li>Share the SUPERIOR weight reduction<br><li>Share the A1C Threshold data (<7%, <=6.5%, <5.7%)</ul><br><b>Recommended Resources:</b><br><ul><li>A1C/Weight Core VAE<br><li> A1C 7% and 6.5% Core VAE</ul>||
ACTION_TEXTS_DT||BU|LDO|Placeholder_text|LDODT_MNJ_DT_02|Y||Actual_text|<b>Call Goal: Prescribe Mounjaro first after metformin instead of Ozempic</b><br><ul><li> Uncover limiting beliefs by asking: "In your experience, for a patient like this with an A1C of 7.5-8.5%, how different is Mounjaro's A1C and weight reduction compared to Ozempic 1mg?"<br><li> Share the following and confirm value back to the next eligible patient:<br><ul><li> 6.5% and 5.7% Composite Data</ul></ul>||
ACTION_TEXTS_DT||BU|LDO|Placeholder_text|LDODT_MNJ_DT_03|Y||Actual_text|<br><b>Recommended Discussion Topics:</b><br><ul><li>Ask how the results for this patient could've been different if they were started on Mounjaro first<br><li>Every dose is SUPERIOR to Ozempic 1mg* for A1C reduction, starting at 5mg dose<br><li>SUPERIOR weight reduction<br><li>Share Mounjaro WORKS DIFFERENTLY than a GLP-1 RA<br><li>Share 6.5% and 5.7% Composite Data</ul><br><b>Recommended Resources:</b><br><ul><li>A1C <7% and <=5.7% Core VAE<br><li>MOA Core VAE<br><li>MOA Video</ul>||
ACTION_TEXTS_DT||BU|LDO|Placeholder_text|LDODT_MNJ_DT_04|Y||Actual_text|<br><b>Recommended Discussion Topics:</b><br><ul><li>Share Mounjaro WORKS DIFFERENTLY than a GLP-1 RA<br><li>Every dose is SUPERIOR to Ozempic 1mg for A1C reduction, starting at 5mg dose<br><li>SUPERIOR weight reduction<br><li>Share the A1C Threshold data (<7%,<=6.5%, <5.7%)</ul><br><b>Recommended Resources:</b><br><ul><li>A1C/Weight Core VAE<br><li>Send A1C 7% and 6.5% Core VAE<br><li>Consider inviting HCP to a P2P program</ul>||
ACTION_TEXTS_DT||BU|LDO|Placeholder_text|LDODT_MNJ_DT_08|Y||Actual_text|<br><b>Recommended Discussion Topics:</b><br><ul><li>Uncover any efficacy limiting beliefs for a patient with an A1C of 7.5-8.5%<br><li>Share Mounjaro WORKS DIFFERENTLY than a GLP-1 RA<br><li>Every dose is SUPERIOR to Ozempic 1mg* for A1C reduction, starting at 5mg dose<br><li>SUPERIOR weight reduction<br><li>Share the A1C Threshold data (<7%,<=6.5%, <5.7%)</ul><br><b>Recommended Resources:</b><br><ul><li>A1C/weight Core VAE<br><li>For Staff : Utilize your formulary IVA to call out top plans and build confidence in the HCPs % PREFERRED access</ul>||
ACTION_TEXTS_DT||BU|LDO|Placeholder_text|LDODT_MNJ_DT_10|Y||Actual_text|<br><b>Recommended Discussion Topics:</b><br><ul><li>Uncover why HCP reaches for Ozempic after metformin for a patient with a 7.5-8.5% A1C<br><li>Share every dose is SUPERIOR to Ozempic 1mg for A1C reduction, starting at 5mg dose<br><li>Share the SUPERIOR weight reduction<br><li>Share the A1C Threshold data (<7%,<=6.5%, <5.7%)</ul><br><b>Recommended Resources:</b><br><ul><li>A1C <7% and <=6.5% Core VAE<br><li>A1C/Weight Core VAE</ul>||
ACTION_TEXTS_DT||BU|LDO|Placeholder_text|LDODT_ES4_MNJ_T2D_03|Y||Actual_text|<br><b>Recommended Discussion Topics:</b><br><ul><li>Ask how the results for this patient could've been different if they were started on Mounjaro first<br><li>Every dose is SUPERIOR to Ozempic 1mg for A1C reduction, starting at 5mg dose<br><li>SUPERIOR weight reduction<br><li>Share Mounjaro WORKS DIFFERENTLY than a GLP-1 RA<br><li>Share 6.5% and 5.7% Composite Data</ul><br><b>Recommended Resources:</b><br><ul><li>A1C <7% and <5.7% Core VAE<br><li>MOA Core VAE<br><li>MOA Video</ul>||
ACTION_TEXTS_DT||BU|LDO|Placeholder_text|LDODT_ES4_MNJ_T2D_05|Y||Actual_text|<b>Call Goal: Prescribe Mounjaro first after metformin (or as preferred incretin for SPEC) instead of Ozempic</b><br><ul><li> The HCP might attribute it to supply issues, but underlying this is an efficacy-limiting belief<br><li> Uncover the efficacy limiting belief for a patient with an A1C of 7.5-8.5% by asking "Is there any reason why you wouldn’t choose Mounjaro over Ozempic for this patient?"<br><li> Share the following to uncover an opportunity and expand where HCP currently uses Mounjaro:<br><ul><li> Unbranded Section - create tension & urgency to treat early<br><li> A1C threshold data (<=6.5%, <5.7%), weight data, & <=6.5% & <5.7% composite data</ul></ul>||
ACTION_TEXTS_DT||BU|LDO|Placeholder_text|LDODT_ES4_MNJ_T2D_08|Y||Actual_text|<b>Call Goal: Prescribe Mounjaro first after metformin instead of their currently preferred 2nd line treatment</b><br><ul><li> Uncover if the HCP believes Mounjaro has SUPERIOR A1C and weight reduction by asking: "In your experience, how different is Mounjaro's A1C & weight reduction compared to Ozempic 1mg for a patient like this with an A1C of 7.5-8.5%?"<br><li> Share the following and confirm value back to next eligible patient:<br><ul><li> A1C Threshold data, Absolute weight reduction, Composite endpoints</ul><li> For Staff: Utilize your formulary IVA to share top plans and build confidence in the HCP's % PREFERRED access<br>||
ACTION_TEXTS_DT||BU|LDO|Placeholder_text|LDODT_ES4_MNJ_T2D_12|Y||Actual_text|<b>Call Goal: Prescribe Mounjaro first after metformin</b><br><ul><li> Set up brand patient and uncover limiting beliefs by asking: "In your experience, for a patient like this with an A1C of 7.5-8.5%, what’s your next treatment of choice?"<br><li> Utilize the most compelling and differentiating pieces of Efficacy data- A1C Threshold data, Absolute weight reduction, composite endpoints and uncover the opportunity to expand where the HCP is currently prescribing Mounjaro</ul>||
ACTION_TEXTS_DT||BU|LDO|Placeholder_text|LDODT_ES4_MNJ_T2D_13|Y||Actual_text|<br><b>Recommended Discussion Topics:</b><br><ul><li>After engaging in an efficacy discussion utilize your formulary IVA to call out top plans and build confidence in the HCP's % PREFERRED access<br><li>Look at Tableau and call out HCP's top two plans with the biggest opportunity</ul><br><b>Recommended Resources:</b><br><ul><li>Mounjaro - Medicare for IVA<br><li>Follow up with plan specific VAE for biggest opportunity plan</ul>||
ACTION_TEXTS_DT||BU|LDO|Placeholder_text|LDODT_ZEP_DT_03|Y||Actual_text|<b>Call Goal: Prescribe Zepbound first as AOM of choice over Wegovy and Saxenda</b><br><ul><li> After setting up the brand patient, ask "What are your treatment goals for this patient? What AOM would be your first choice?"<br><li> Reminder, since there is not head-to-head data, you must not compare Zepbound to other products<br><li> If Zepbound is being chosen, ask about and reinforce HCP’s positive clinical experience<br><li> If competitor is being chosen, uncover, clarify and address any HCP limiting beliefs regarding Zepbound. Share efficacy data from SURMOUNT 1 paired with pooled AE summary. Confirm value back to the next eligible patient</ul><br><b>Resources:</b><br><ul><li> Access solutions including parity to Wegovy for commercially insured patients<br><li> Zepbound savings program, Lilly Support Services, and Zepbound vial solution</ul>||
ACTION_TEXTS_DT||BU|LDO|Placeholder_text|LDODT_ZEP_DT_05|Y||Actual_text|<br><b>Recommended Discussion Topics:</b><br><ul><li>Seek to understand the preferred patient type and treatment<br><li>Be prepared to clarify and address any HCP concern regarding Zepbound and expand on Zepbound's efficacy<br><li>Reminder, since we do not have head-to-head data, do not compare Zepbound to other products</ul><br><b>Recommended Resources:</b><br><ul><li>Consider sending a VAE with an efficacy fragment</ul>||
ACTION_TEXTS_DT||BU|LDO|Placeholder_text|LDODT_ZEP_DT_08|Y||Actual_text|<br><b>Recommended Discussion Topics:</b><br><ul><li>Lead with the core dialog and leverage formulary sell sheets. Do not lead with formulary coverage information in your call as we seek to address "Connecting B.M.I. to Zepbound" and "Establish the Efficacy" first<br><li>Keep the "Partner on the Start" message with the HCP high-level and brief. Work with the office staff to communicate the details of top plans</ul><br><b>Recommended Resources:</b><br><ul><li>Consider sending the Favorable Access VAE as a follow up</ul>||
ACTION_TEXTS_DT||BU|LDO|Placeholder_text|LDODT_ZEP_DT_09|Y||Actual_text|<br><b>Recommended Discussion Topics:</b><br><ul><li>Ask about the HCP's recent experience starting patients on injectable AOMs<br><li>Be prepared to clarify and address any HCP concern regarding Zepbound and expand on Zepbound's efficacy and safety<br><li>Reminder, since we do not have head-to-head data," do not compare Zepbound to other products</ul><br><b>Recommended Resources:</b><br><ul><li>Provide any relevant formulary information and the Prior Authorization Resource Guide<br><li>You may consider sending a VAE with the "Partner on the Start" or PA guide fragment</ul>||
ACTION_TEXTS_DT||BU|IMM|Placeholder_text|Ebglyss_AD_01|Y||Actual_text|<br><br><b>Recommended Discussion Topics:</b><ul><li>Seek to <b>understand the patient type (new therapy or switches)</b> and alignment with the EBGLYSS target patient<li>Seek to understand <b>patient payer and status of PA</b><li>Ensure HCP/KOS <b>awareness of patient support</b> and consider setting up <b>KOS program</b></ul><br><b>Recommended VAEs:</b><ul><li>Getting Started Resources<li>EBGLYSS Resources</ul>||
ACTION_TEXTS_DT||BU|IMM|Placeholder_text|Ebglyss_AD_02|Y||Actual_text|<br><br><b>Recommended Discussion Topics:</b><br><ul><li>Understand <b>drivers for switching therapy</b> and considerations for selecting next treatment<br><li>Seek to understand <b>dosing/delivery preference</b> and seek to understand <b>HCP beliefs around JAK class</b><br><li>Reinforce EBGLYSS's differentiators with the <b>SLAM story</b></ul><br><b>Recommended VAEs</b><br><ul><li>Target Patient<li>Safety<li>Monotherapy Efficacy</ul>||
ACTION_TEXTS_DT||BU|IMM|Placeholder_text|Ebglyss_AD_04|Y||Actual_text|<br><br><b>Recommended Discussion Topics:</b><ul><li>Ensure HCP has <b>awareness that EBGLYSS</b> is an option for patients with atopic dermatitis<li>Understand any beliefs around different treatment options and <b>reinforce EBGLYSS target patient</b><li>Consider setting up a <b>P2P program</b> with this HCP </ul><br><b>Recommended VAEs</b>:<br><ul><li>Target Patient<li>Now Approved</ul>||
ACTION_TEXTS_DT||BU|IMM|Placeholder_text|Ebglyss_AD_05|Y||Actual_text|<br><br><b>Recommended Discussion Topics:</b><ul><li>Seek to understand <b>how samples are being utilized</b><li>Check in on how patients are responding to therapy and where they are with the <b>Prior Authorization process.</b><li>Communicate <b>getting started resources </b>& reinforce the access messaging for EBGLYSS<li>Consider setting up a<b> KOS program</b> with the office</ul><br><b>Recommended VAEs:</b><ul><li>Getting Started Resources<li>Lebri Resources<li>Monotherapy Efficacy</ul>||
ACTION_TEXTS_DT||BU|IMM|Placeholder_text|Ebglyss_AD_06|Y||Actual_text|<br><br><b>Recommended Discussion Topics:</b><ul><li>Provide any additional information around <b>recent formulary upgrade</b><li><b>Set up Alex, discuss core message elements</b> and formulary upgrade<li>Seek to understand how important formulary coverage is in <b>making treatment decisions</b>. Engage with both HCP and KOS.</ul><br><b>Recommended VAEs:</b><ul><li>Target Patient (PP-LK-US-0008)<li>Monotherapy Efficacy (PP-LK-US-0327)</ul>||
ACTION_TEXTS_DT||BU|IMM|Placeholder_text|Olumiant_AA_01|Y||Actual_text|<br><br><b>Recommended Discussion Topics:</b><br><ul><li>Seek to understand how they <b>assess the severity</b> of patients and <b>where Olumiant fits</b> in the treatment algorithm<br><li>Using <b>GROW</b>, Consider the <b>Patient Profile</b> or the <b>Subgroup Analysis</b> in the IVA (PP-BA-US-2259) to support patient identification</ul><br><b>Recommended VAEs</b>:<br><ul><li>Target Patient (PP-BA-US-1646)<li>Meaningful Efficacy (PP-BA-US-1679)</ul>||
ACTION_TEXTS_DT||BU|IMM|Placeholder_text|Olumiant_AA_02|Y||Actual_text|<br><br><b>Recommended Discussion Topics:</b><br> <ul> <li>Seek to understand how often they see adults with severe alopecia areata & how they <b>assess the severity</b><li>Consider educating the clinician on severity assessment tools, such as AASc</li> <li>Using <b>GROW</b>, Consider the Patient Profile in the IVA to support patient identification </ul> <br> <b>Recommended VAEs:</b><br> <ul> <li>Relevant Thought Leader Video (Efficacy or Safety) <li>Target Patient </ul>||
ACTION_TEXTS_DT||BU|IMM|Placeholder_text|Olumiant_AA_03|Y||Actual_text|<br><br><b>Recommended Discussion Topics:</b><br><ul><li>Seek to understand the <b>key drivers</b> to prescribing a JAKi for adults with severe AA, including <b>perceptions</b> of Litfulo and Olumiant<li><b>Address</b> the belief & <b>expand the value gap</b> by sharing the relevant <b>differentiation attributes</b> of Olumiant through <b>GROW</b> dialogue:<br> <ul> <li>- Meaningful hair regrowth across 3 areas of hair loss</li> <li>- Established Safety Profile - 3 years</li> <li>- Flexible Once daily dosing</li> <li>- Best in Class commercial access</li></ul></ul> <br><b>Recommended VAEs:</b><br> <ul><li>Target Patient (PP-BA-US-1646)<li>Meaningful Efficacy (PP-BA-US-1679)<li>Eyebrow & Eyelash Efficacy (PP-BA-US-1682)<li>Sustained response Rates (PP-BA-US-2115)</ul>||
ACTION_TEXTS_DT||BU|IMM|Placeholder_text|Olumiant_AA_04|Y||Actual_text|<br><br><b>Recommended Discussion Topics:</b><br> <ul> <li>Uncover the <b>beliefs that are driving the Olumiant</b> NBRx <li>Provide <b>support and resources</b> to enable a positive <b>START</b>, including treatment expectations for onset of improvement <li>Future Interactions - consider sharing long term <b>maintenance, dose titration & withdrawal data</b> to enable <b>STAY</b> through patient management </ul> <br><b>Recommended VAEs:</b><br> <ul> <li>Getting Patients Started (PP-BA-US-1683) <li>Meaningful Efficacy (PP-BA-US-1679) <li>Dose Titration (PP-BA-US-2113) </ul>||
ACTION_TEXTS_DT||BU|IMM|Placeholder_text|Olumiant_AA_05|Y||Actual_text|<br><br><b>Recommended Discussion Topics:</b><br> <ul> <li>Seek to understand the HCP & KOS perspective on accessing Olumiant <li>Consider sharing <b>"Best in class commercial access"</b> messaging by using <b>Formulary IVA (PP-BA-US-2231)</b> </ul><br> <b>Recommended VAE:</b><br> <ul> <li>Getting Patients Started (PP-BA-US-1683) <li>Commercial Access (PP-BA-US-2120) </ul>||
ACTION_TEXTS_DT||BU|IMM|Placeholder_text|Taltz_PsA_06|Y||Actual_text|<br><br>Utilize the dual target patient setup to convey Daniel's need for rapid and sustained relief.<br><br>If you have not done so previously, dialogue about how Taltz provides rapid and sustained efficacy across the joints, skin and spine that Daniel needs.<br><br>Confirm that when the HCP sees a patient with AS who needs a medication that offers rapid and sustained efficacy that they will choose Taltz.<br><br>Send the Rapid and Sustained Joint AS Efficacy VAE (free text or other), the Favorable Access VAE or the MOA VAE if applicable.||
ACTION_TEXTS_DT||BU|IMM|Placeholder_text|Taltz_PsA_08|Y||Actual_text|<br><br>Utilize the dual target patient setup to convey Michelle's need for rapid and sustained relief.<br><br>If you have not done so previously, dialogue about how Taltz provides rapid and sustained efficacy across the joints, skin and spine that Michelle needs.<br><br>Confirm that when the HCP sees a patient with PsA who needs a medication that offers rapid and sustained efficacy that they will choose Taltz.<br><br>Send the Rapid and Sustained Joint and Skin PsA Efficacy VAE (free text or other), the Favorable Access VAE or the MOA VAE if applicable.||
ACTION_TEXTS_DT||BU|IMM|Placeholder_text|Taltz_PsA_09|Y||Actual_text|<br><br>Utilize the dual target patient setup to convey Daniel's need for rapid and sustained relief.<br><br>If you have not done so previously, dialogue about how Taltz provides rapid and sustained efficacy across the joints, skin and spine that Daniel needs.<br><br>Confirm that when the HCP sees a patient with AS who needs a medication that offers rapid and sustained efficacy that they will choose Taltz.<br><br>Send the Rapid and Sustained Joint AS Efficacy VAE (free text or other), the Favorable Access VAE or the MOA VAE if applicable.||
ACTION_TEXTS_DT||BU|IMM|Placeholder_text|Taltz_PsA_10|Y||Actual_text|<br><br><b>Recommended Discussion Topics:</b><ul><li>Ensure HCP is aware of the Zepbound Savings for Taltz Patients program<li>Reinforce that the eligibility criteria must be met, which means that only patients with commercial coverage, which covers Taltz, are eligible for the program and governmental beneficiaries are excluded (in addition to all other requirements).</ul><br><b>Recommended VAE:</b><ul><li>Zepbound Savings for Taltz Patients</ul>||
ACTION_TEXTS_DT||BU|IMM|Placeholder_text|Taltz_PsO_01|Y||Actual_text|<br><br><b>Recommended Discussion Topics:</b><ul><li>Seek to understand when the HCP is choosing Cosentyx and Taltz and for which patients <li>Use the <b>MOA IVA</b> to show differences in the IL-17 class, followed by <b>rapid and durable data</b> and the <b>real-world study</b></ul><br><b>Recommended VAEs:</b><ul><li>Free Text with Challenging Body Areas attachment <li>Favorable Access</ul>||
ACTION_TEXTS_DT||BU|IMM|Placeholder_text|Taltz_PsO_02|Y||Actual_text|<br><br><b>Recommended Discussion Topics:</b><br><ul><li>Remind HCP that <b>Taltz is #1 prescribed IL-17</b> in Derm and has the <b>best access</b> in the iL-17 class in Dermatology<li>Use the <b>Formulary IVA</b> to show the HCP their local access for Taltz<li>Set up <b>Taylor</b> and build on recent engagements</ul><br><b>Recommended VAEs:</b><br><ul><li>Favorable Access<li>H2H Efficacy with Humira attachment</ul>||
ACTION_TEXTS_DT||BU|IMM|Placeholder_text|Taltz_PsO_03_A|Y||Actual_text|<br><br><b>Recommended Discussion Topics:</b><ul><li>Seek to understand when the HCP is choosing Cosentyx, Bimzelx, and Taltz and for which patients <li>Use the <b>MOA IVA</b> to show differences in the IL-17 class, followed by <b>rapid and durable data</b> and the <b>real world study</b></ul><br><b>Recommended VAEs:</b><ul><li>Free Text with Challenging Body Areas attachment<li>Favorable Access</ul>||
ACTION_TEXTS_DT||BU|IMM|Placeholder_text|Taltz_PsO_03_B|Y||Actual_text|<br><br><b>Recommended Discussion Topics:</b><ul><li>Discover what is causing the HCP to<b> write more Cosentyx</b><li>Consider using the <b>MOA IVA or Formulary IVA</b><li>Remind the HCP that Taltz is <b>#1 prescribed IL-17</b> in Derm and has the <b>best access</b> in the IL-17 class in Dermatology</ul><br><b>Recommended VAEs:</b><br><ul><li>Scalp and Nail<li>Efficacy H2H with the Humira attachment</ul>||
ACTION_TEXTS_DT||BU|IMM|Placeholder_text|Taltz_PsO_03_C|Y||Actual_text|<br><br><b>Recommended Discussion Topics:</b><ul><li>Discover<b> how the HCP is making treatment decisions</b><li>Ensure HCP understands who the right patient is for Taltz and the need for<b> rapid relief today and durable results tomorrow</b><li>Reinforce mean percent improvement data at week 2 and year 5 and then <b>differentiate from Tremfya on skin efficacy</b> using the H2H trial data and real world data</ul><br><b>Recommended VAEs:</b><ul><li>Patient Profile (and Challenging Body Areas)<li>Efficacy H2H with the Tremfya attachment</ul>||
ACTION_TEXTS_DT||BU|IMM|Placeholder_text|Taltz_PsO_03_D|Y||Actual_text|<br><br><b>Recommended Discussion Topics:</b><ul><li>Uncover <b>why the HCP is writing more Stelara</b><li>Setup Taylor and establish his<b> need for rapid and durable efficacy </b>because everyday moments matter.<li>Reinforce <b>mean percent improvement data</b> at week 2 and year 5 and address trade-offs associated with more frequent dosing.</ul><br><b>Recommended VAEs:</b><ul><li>Efficacy H2H with the Stelara attachment<li>Efficacy with Rapid Durable attachment</ul>||
ACTION_TEXTS_DT||BU|IMM|Placeholder_text|Taltz_PsO_03_E|Y||Actual_text|<br><br><b>Recommended Discussion Topics:</b><ul><li>Discover what is the most<b> motivating factor for choosing Skyrizi</b><li>If <b>dosing frequency</b> is a factor, ask the HCP how they are presenting options to the patient<li>Reinforce <b>mean percent improvement data</b> at week 2 and year 5, address trade-offs associated with more frequent dosing, and share the real world data.</ul><br><b>Recommended VAEs:</b><ul><li>Scalp and Nail<li>Free Text with Challenging Body Areas or Structure attachment</ul>||
ACTION_TEXTS_DT||BU|IMM|Placeholder_text|Taltz_PsO_03_F|Y||Actual_text|<br><br><b>Recommended Discussion Topics:</b><ul><li>Seek to understand <b>when the HCP is choosing Bimzelx</b><li>Use the <b>MOA IVA</b> to show the differences between molecules in the IL-17 class <li>Reinforce <b>rapid and durable data</b> and the established <b>safety profile of Taltz</b>, including low rates of oral candidiasis through 5 years, no warning for suicidal ideation, and no requirement for liver monitoring.</ul><br><b>Recommended VAEs:</b><ul><li>Free Text with Safety attachment<li>Scalp and Nail</ul>||
ACTION_TEXTS_DT||BU|IMM|Placeholder_text|Taltz_PsO_04|Y||Actual_text|<br><br><b>Recommended Discussion Topics:</b><ul><li>Utilize Taylor's profile to remind HCP that <b>everyday moments are important</b> and Taltz provides <b>rapid relief today and durable results tomorrow</b><li>Reinforce <b>mean percent improvement data</b> at week 2 and year 5, address <b>trade-offs associated with more frequent dosing</b>, and share the <b>real-world data.</b></ul><br><b>Recommended VAEs:</b><ul><li>Scalp and Nail<li>Free Text with Structure fragment</ul>||
ACTION_TEXTS_DT||BU|IMM|Placeholder_text|Taltz_PsO_08|Y||Actual_text|<br><br><b>Recommended Discussion Topics:</b><ul><li>Ensure HCP is aware of the Zepbound Savings for Taltz Patients program<li>Reinforce that the eligibility criteria must be met, which means that only patients with commercial coverage, which covers Taltz, are eligible for the program and governmental beneficiaries are excluded (in addition to all other requirements).</ul><br><b>Recommended VAE:</b><ul><li>Zepbound Savings for Taltz Patients</ul>||
ACTION_TEXTS_DT||BU|LDO|Placeholder_text|LDODT_MNJ_DT_09|Y||Actual_text|<b>Call Goal: Prescribe Mounjaro first after metformin instead of Ozempic</b><br><ul><li> Set up the brand patient and ask about their A1C and weight expectations for that patient with an A1C 7.5-8.5%<br><li> Uncover limiting beliefs by asking: "In your experience, for a patient like this with an A1C of 7.5-8.5%, how different is Mounjaro's A1C and weight reduction compared to Ozempic 1mg?"<br><li> Share the following and confirm value back to the next eligible patient:<br><ul><li> Unbranded Section - create tension & urgency to treat early<br><li> A1C Threshold data, Absolute weight reduction, composite endpoints</ul></ul>||
ACTION_TEXTS_DT||BU|LDO|Placeholder_text|LDODT_ES4_ZEP_CWM_10|Y||Actual_text|<br><b>Recommended Discussion Topics:</b><br><ul><li>Ask HCP about any Zepbound patient follow up visits they have had recently. <b>How is their progress</b>?<br><li>If most doses are 5mg or below, ask questions about their decision process for dose escalation</ul><br><b>Recommended Resources:</b><br><ul><li>Consider using the “Starting and continuing Zepbound” dosing slide, “Powerful Reductions in Body Weight” Surmount 1 data and Surmount 4 data <b>when approved for use</b> from the IVA<br><li>You may consider sending <b>a VAE with an efficacy fragment</b></ul>||
ACTION_TEXTS_DT||BU|IMM|Placeholder_text|Taltz_PsA_03_A|Y||Actual_text|<br><br><b>Recommended Discussion Topics:</b><ul><li>Seek to understand how the HCP <b>differentiates between IL-17s</b><li>Setup Michelle and establish her need for <b>rapid and sustained efficacy</b></ul><br><b>Recommended VAE:</b><ul><li>MDA (Minimal Disease Activity)</ul>||
ACTION_TEXTS_DT||BU|IMM|Placeholder_text|Taltz_PsA_03_B|Y||Actual_text|<br><br><b>Recommended Discussion Topics:</b><ul><li>Determine the reasons behind the <b>recent change in prescribing behavior</b><li>Reinforce the <b>Today and Tomorrow </b>messaging strategy</ul><br><b>Recommended VAEs:</b><ul><li>MDA (Minimal Disease Activity)<li>Radiographic Progression</ul>||
ACTION_TEXTS_DT||BU|IMM|Placeholder_text|Taltz_PsA_03_C|Y||Actual_text|<br><br><b>Recommended Discussion Topics:</b><ul><li>Discover what kind of <b>joint improvement</b> the HCP expects from an IL-23<li>Ensure awareness regarding Taltz's <b>radiographic progression data</b> and <b>indications in axSpA</b></ul><br><b>Recommended VAE:</b><ul><li>IL-23 Comparison</ul>||
ACTION_TEXTS_DT||BU|IMM|Placeholder_text|Taltz_PsA_03_D|Y||Actual_text|<br><br><b>Recommended Discussion Topics:</b><ul><li>Discover what kind of joint improvement the <b>HCP expects from an IL-23</b><li>Ensure awareness regarding Taltz's <b>radiographic progression data</b> and <b>indications in axSpA</b></ul><br><b>Recommended VAE:</b><ul><li>IL-23 Comparison</ul>||
ACTION_TEXTS_DT||BU|IMM|Placeholder_text|Taltz_PsA_03_E|Y||Actual_text|<br><br><b>Recommended Discussion Topics:</b><ul><li>Probe on how often the HCP sees patients with PsA <b>wihtout skin involvement</b><li><b>Remind of Rinoq's PI</b> - boxed warning and PsA indication only following TNF</ul><br><b>Recommended VAEs:</b><ul><li>Rapid and Sustained Efficacy in Joints and Skin<li>Long Term Safety</ul>||
ACTION_TEXTS_DT||BU|IMM|Placeholder_text|Taltz_PsA_03_F|Y||Actual_text|<br><br><b>Recommended Discussion Topics:</b><ul><li>Seek to understand how the HCP <b>differentiates between IL-17s</b><li>Setup Michelle and establish her need for <b>rapid and sustained efficacy</b><li>Proactively share <b>Taltz safety message</b></ul><br><b>Recommended VAEs:</b><ul><li>Rapid and Sustained Efficacy in Joints and Skin<li>Long Term Safety</ul>||
ACTION_TEXTS_DT||BU|IMM|Placeholder_text|Olumiant_AA_08|Y||Actual_text|<br><br><b>Recommended Discussion Topics:</b><ul><li>Seek to understand the reasons for prescribing a JAKi for adults with severe AA, including <b>perceptions of Leqselvi and Olumiant</b><li>Address the belief & expand the value gap by sharing the relevant differentiation attributes of Olumiant through <b>GROW dialogue:</b><ul><li>1. Meaningful & Sustained hair <b>regrowth</b> across 3 areas of hair loss<li>2. Established <b>Safety Profile</b> with significant patient experience<li>3. Flexible <b>Once daily</b> dosing<li>4. Best in <b>Class commerical access</b></ul></ul><br><b>Recommended VAEs:</b><ul><li>Sustained Response Rates -2023<li>Safety<li>Commercial Access</ul>||
ACTION_TEXTS_DT||BU|OBU|Placeholder_text|OBUDT_JAY_CLL_1|Y||Actual_text|<br><b>Recommended Discussion Topics:</b><br><ul><li><b>Gain insight</b> into the HCP's experience with Jaypirca so far, and if they have had the opportunity to start a new patient recently.<br><li><b>Discover</b> when the HCP will be following-up with the patient and what their expectations are at that time.<br><li><b>Discover</b> what patient initiation support the office prefers and which Jaypirca offerings may be helpful.<br></ul><br><b>Recommended Resources:</b><br><ul><li>Free Text VAE (Savings and Support Fragment)<br><li>Jaypirca LOSC Leave Behind<br><li>If requested for a specific patient, voucher (print or VAE) or sample<br></ul>||
ACTION_TEXTS_DT||BU|OBU|Placeholder_text|OBUDT_JAY_CLL_10|Y||Actual_text|<br><b>Recommended Discussion Topics:</b><br><ul><li><b>Discover</b> how the HCP manages a patient with CLL once they suspect they are progressing.<br><li><b>Review</b> the Jaypirca Target Patient, David, and <b>inquire</b> if the HCP is currently treating any patients with CLL who are similar to David.<br><li><b>Discuss</b> the efficacy Jaypirca demonstrated and what it could mean for a patient like David.<br></ul><br><b>Recommended Resources:</b><br><ul><li>Free Text VAE (Target Patient Fragment)<br><li>Free Text VAE (Efficacy Fragment)<br></ul>||
ACTION_TEXTS_DT||BU|OBU|Placeholder_text|OBUDT_JAY_CLL_11|Y||Actual_text|<br><b>Recommended Discussion Topics:</b><br><ul><li><b>Discover</b> the HCP's experience with Jaypirca so far;<b> reinforce</b> why the HCP chose Jaypirca in the first place.<br><li><b>Discover</b> when the HCP will be following-up with the patient and what their expectations are at that time.<br><li><b>Explore</b> strategies to assist the HCP in delivering personalized solutions to potential side effects.<br><li><b>Discover</b> what patient initiation support the office prefers and which of Jaypirca's offerings may be helpful.<br></ul><br><b>Recommended Resources:</b><br><ul><li>Jaypirca LOSC Digital Leave Behind<br><li>Free Text VAE (Savings & Support Fragment)<br><li>Dosing and Administration Guide<br><li>If requested for a specific patient, voucher (print or VAE) or sample<br></ul>||
ACTION_TEXTS_DT||BU|OBU|Placeholder_text|OBUDT_JAY_CLL_12|Y||Actual_text|<br><b>Recommended Discussion Topics:</b><br><ul><li><b>Discover</b> the HCP's experience with Jaypirca so far; <b>reinforce</b> why the HCP chose Jaypirca in the first place.<br><li><b>Discover</b> when the HCP will be following-up with the patient and what their expectations are at that time.<br><li><b>Explore</b> strategies to assist the HCP in delivering personalized solutions to potential side effects. <br><li><b>Discover</b> what patient initiation support the office prefers and which of Jaypirca's offerings may be helpful. <br></ul><br><b>Recommended Resources:</b><br><ul><li>Jaypirca LOSC Digital Leave Behind<br><li>Free Text VAE (Savings & Support Fragment) <br><li>Dosing and Administration Guide<br><li>If requested for a specific patient, voucher (print or VAE) or sample <br></ul>||
ACTION_TEXTS_DT||BU|OBU|Placeholder_text|OBUDT_JAY_CLL_13|Y||Actual_text|<br><b>Recommended Discussion Topics:</b><br><ul><li><b>Discover</b> how the HCP manages side effects of cBTKis for patiets with CLL.<br><li><b>Discuss</b> the Jaypirca Target Patient and the efficacy results that he may experience with Jaypirca.<br><li><b>Share</b> that Jaypirca is an NCCN Category 2A Recommended Treatment.<br></ul><br><b>Recommended Resources:</b><br><ul><li>NCCN Guidelines VAE<br><li>Free Text VAE (Efficacy Fragment)<br><li>Free Text VAE (Target Patient Fragment)<br></ul>||
ACTION_TEXTS_DT||BU|OBU|Placeholder_text|OBUDT_JAY_CLL_2|Y||Actual_text|<br><b>Recommended Discussion Topics:</b><br><ul><li><b>Remind</b> the HCP that Jaypirca works differently from covalent BTKi's in where and how it binds.<br><li><b>Build confidence</b> in the HCP, highlighting the efficacy that Jaypirca can offer patients who've been previously treated with a BTKi and a BCL2i.<br><li><b>Share</b> that Jaypirca is an NCCN Category 2A Recommended Treatment.<br></ul><br><b>Recommended Resources:</b><br><ul><li>Free Text VAE (MOA fragment)<br><li>Free Text VAE (Efficacy fragment)<br><li>NCCN Guidelines VAE or Leave Behind<br></ul>||
ACTION_TEXTS_DT||BU|OBU|Placeholder_text|OBUDT_JAY_CLL_3|Y||Actual_text|<br><b>Recommended Discussion Topics:</b><br><ul><li><b>Discover</b> what the HCP has historically done for a patient with CLL who has progressed through their first two lines of therapy (including a BTKi and a BCL2i), and what goals they had for that patient.<br><li><b>Remind</b> the HCP of Jaypirca's indication for patients with CLL after 2 lines of therapy, including a BTKi and a BCL2i.<br><li><b>Discuss</b> the efficacy that Jaypirca can offer patients with CLL who've been previously treated with a BTKi and a BCL2i.<br></ul><br><b>Recommended Resources:</b><br><ul><li>Free Text VAE (Efficacy Fragment)<br><li>Free Text VAE (Target Patient Fragment)<br></ul>||
ACTION_TEXTS_DT||BU|OBU|Placeholder_text|OBUDT_JAY_CLL_4|Y||Actual_text|<br><b>Recommended Discussion Topics:</b><br><ul><li><b>Discover</b> how the HCP manages a patient with CLL who is taking a BCL2i once they suspect they are progressing or becoming intolerant.<br><li><b>Instill confidence</b> in the HCP, highlighting the efficacy that Jaypirca can offer patients who've been previously treated with a BTKi and a BCL2i.<br><li><b>Discuss</b> Jaypirca's once daily oral dosing, which may be meaningful to a patient like David.<br></ul><br><b>Recommended Resources:</b><br><ul><li>Free Text VAE (Efficacy Fragment)<br><li>Free Text VAE (Dosing Fragment)<br></ul>||
ACTION_TEXTS_DT||BU|OBU|Placeholder_text|OBUDT_JAY_CLL_5|Y||Actual_text|<br><b>Recommended Discussion Topics:</b><br><ul><li><b>Discover</b> in what line the HCP typically chooses a cBTKi vs a BCL2i and why.<br><li><b>Discuss</b> Jaypirca as a potential next treatment option for patients with CLL after 2 lines of treatment, including a BTKi and a BCL2i.<br><li><b> Remind</b> the HCP that Jaypirca works differently from covalent BTKi's, and <b>discuss</b> the efficacy it can offer.<br><li><b>Share</b> that Jaypirca is an NCCN Category 2A Recommended Treatment.<br></ul><br><b>Recommended Resources:</b><br><ul><li>NCCN Guidelines VAE or Leave Behind<br><li>Free Text VAE (MOA Fragment)<br><li>Free Text VAE (Efficacy Fragment)<br><li>Free Text VAE (Safety Fragment)<br></ul>||
ACTION_TEXTS_DT||BU|OBU|Placeholder_text|OBUDT_JAY_CLL_6|Y||Actual_text|<br><b>Recommended Discussion Topics:</b><br><ul><li><b>Discover</b> what the HCP has historically done for a patient with CLL who has progressed through a BTKi and a BCL2i and what goals they had for that patient.<br><li><b>Discuss</b> what challenges the HCP faces when a BTKi and a BCL2i are no longer an option for a patient with CLL.<br><li><b>Instill confidence</b> in the HCP, highlighting the efficacy that Jaypirca can offer patients who've been previously treated with a BTKi and a BCL2i.<br><li><b>Share</b> that Jaypirca is an NCCN Category 2A Recommended Treatment.<br></ul><br><b>Recommended Resources:</b><br> <ul><li>Unbranded MCL/CLL Education Leave Behind<br><li>Free Text VAE (Efficacy Fragment)<br><li>NCCN Guidelines VAE or Leave Behind<br></ul>||
ACTION_TEXTS_DT||BU|OBU|Placeholder_text|OBUDT_JAY_CLL_7|Y||Actual_text|<br><b>Recommended Discussion Topics:</b><br><ul><li><b>Discover</b> how the HCP manages a patient with CLL who is progressing while being treated with a cBTKi.<br><li><b>Instill confidence</b> in the HCP, highlighting the efficacy that Jaypirca can offer patients who've been previously treated with a BTKi and a BCL2i.<br><li><b>Share</b> that Jaypirca is an NCCN Category 2A Recommended Treatment. <br></ul><br><b>Recommended Resources:</b><br><ul><li>Free Text VAE (Target Patient Fragment)<br><li>Free Text VAE (Efficacy Fragment)<br><li>NCCN Guidelines VAE or Leave Behind<br></ul>||
ACTION_TEXTS_DT||BU|OBU|Placeholder_text|OBUDT_JAY_CLL_8|Y||Actual_text|<br><b>Recommended Discussion Topics:</b><br><ul><li><b>Discover</b> what expectations the HCP has for this regimen, including what treatments the HCP would consider next.<br><li><b>Discuss</b> the Jaypirca target patient, who is progressing after treatment with with two prior lines of therapy including a BTKi and a BCL2i.<br><li><b>Instill confidence</b> in the HCP, highlighting the efficacy that Jaypirca can offer patients who've been previously treated with a BTKi and a BCL2i.<br></ul><br><b>Recommended Resources:</b><br><ul><li>Free Text VAE (Target Patient Fragment)<br><li>Free Text VAE (Efficacy Fragment)<br></ul>||
ACTION_TEXTS_DT||BU|OBU|Placeholder_text|OBUDT_JAY_CLL_9|Y||Actual_text|<br><b>Recommended Discussion Topics:</b><br><ul><li><b>Discover</b> how the HCP manages a patient with CLL who is progressing following a treatment-free interval after taking a BCL2i.<br><li><b>Instill confidence</b> in the HCP, highlighting the efficacy that Jaypirca can offer patients who've been previously treated with a BTKi and a BCL2i.<br><li><b>Discuss</b> Jaypirca's once daily oral dosing, which may be meaningful to a patient like David.<br></ul><br><b>Recommended Resources:</b><br><ul><li>Free Text VAE (Efficacy Fragment)<br><li>Free Text VAE (Dosing Fragment)<br></ul>||
ACTION_TEXTS_DT||BU|OBU|Placeholder_text|OBUDT_JAY_CLL_MCL_1|Y||Actual_text|<br><b>Recommended Discussion Topics:</b><br> <ul><li><b>Discover</b> the HCP's typical algorithm for a patient following a cBTKi; for a patient with CLL, <b>discover</b> in what line the HCP typically chooses a cBTKi vs a BCL2i and why.<br><li><b>Discover</b> the doctor's experience with Jaypirca in a real patient.<br><li><b>Discuss</b> Jaypirca's efficacy and safety data in the context of a real patient they have treated or are currently treating.<br><li><b>Share</b> that Jaypirca is an NCCN Category 2A Recommended Treatment.<br></ul><br><b>Recommended Resources:</b><br><ul><li>NCCN Guidelines VAE or Leave Behind<br><li>Free Text VAE (Efficacy Fragment)<br><li>Free Text VAE (Safety Fragment)<br></ul>||
ACTION_TEXTS_DT||BU|OBU|Placeholder_text|OBUDT_JAY_MCL_1|Y||Actual_text|<br><b>Recommended Discussion Topics:</b><br><ul><li><b>Remind</b> the HCP that Jaypirca works differently from covalent BTKis in where and how it binds.<br><li><b>Build confidence</b> in the HCP, highlighting the efficacy that Jaypirca can offer patients with R/R MCL previously treated with a BTKi.<br><li><b>Share</b> that Jaypirca is an NCCN Category 2A Recommended Treatment.<br></ul><br><b>Recommended Resources:</b><br><ul><li>Free Text VAE (MOA fragment)<br><li>Free Text VAE (Efficacy fragment)<br><li>NCCN Guidelines VAE<br></ul>||
ACTION_TEXTS_DT||BU|OBU|Placeholder_text|OBUDT_JAY_MCL_2|Y||Actual_text|<br><b>Recommended Discussion Topics:</b><br><ul><li><b>Discover</b> the HCP's typical algorithm for a patient following a cBTKi, and if/when they consider rechallenging with a cBTKi.<br><li><b>Remind</b> the HCP of Jaypirca's indication for patients with MCL after 2 lines of systemic therapy, including a BTKi.<br><li><b>Remind</b> the HCP that Jaypirca works differently from covalent BTKis, and <b>discuss</b> the efficacy it can offer.<br></ul><br><b>Recommended Resources:</b><br><ul><li>Free Text VAE (MOA Fragment)<br><li>Free Text VAE (Efficacy Fragment)<br><li>NCCN Guidelines VAE<br></ul>||
ACTION_TEXTS_DT||BU|OBU|Placeholder_text|OBUDT_JAY_MCL_3|Y||Actual_text|<br><b>Recommended Discussion Topics:</b><br><ul><li><b>Gain insight</b> into the HCP's experience with Jaypirca so far, and if they have had the opportunity to start a new patient recently.<br><li><b>Discover</b> when the HCP will be following-up with the patient and what their expectations are at that time.<br><li><b>Discover</b> what patient initiation support the office prefers and which Jaypirca offerings may be helpful.<br></ul><br><b>Recommended Resources:</b><br><ul><li>Free Text VAE (Savings and Support Fragment)<br><li>Jaypirca LOSC Digital Leave Behind<br><li>If requested for a specific patient, voucher (print or VAE) or sample<br></ul>||
ACTION_TEXTS_DT||BU|OBU|Placeholder_text|OBUDT_VER_EBC_1|Y||Actual_text|<br><b>Recommended Discussion Topics:</b><br><ul><li><b>For VZ users</b>- Assist HCP in identifying the target patient population and understanding the unmet need(s). Utilize the unmet need page of the IVA to solidify VZ's role as SOC in eBC treatment, encouraging broader adoption. Out of the two patient groups, focus on expanding patient identification to 1-3N eligibility, securing HCP agreement on the high-risk nature of these patients. Highlight that Verzenio has a 2 year treatment duration with 5 years of deepened benefit,  giving it the longest follow up ever reported for a CDK 4/6i and remains NCCN category 1 recommended in EBC. <br><li><b>For KQ users</b>- Strengthen the evidence base by presenting the 5-year IDFS and DRFS data. Highlight that with 5 years of data, VZ has the longest follow up ever reported for a CDK 4/6i in ebc. Be prepared to address common barriers and the limiting beliefs that the customer may have to help understand why he/she is making a non- VZ treatment decision. Inquire whether the HCP is currently managing a patient in their practice like we discussed, ask the doctor what unique approaches he/she is implementing for patients taking VZ, especially noting that VZ is the only CDK 4/6i with a 2 year treatment duration and deepened benefit.<br><li>Highlight that in our clinical studies for Verzenio, most cases of diarrhea were low- grade and manageable. Provide guidance on managing these side effects effectively. Emphasize that <b>Verzenio was efficacious even at lower doses,</b> which may suit patients individual needs for tolerability.<br></ul><br><b>Recommended Resources:</b><br><ul><li>VZ Resource VAE (Dosing and Side effect management)<br><li>VZ Free Text (5-year data)<br><li>Voucher<br></ul>||
ACTION_TEXTS_DT||BU|OBU|Placeholder_text|OBUDT_VER_EBC_2A|Y||Actual_text|<br><b>Recommended Discussion Topics:</b><br><ul><li><b>VZ User</b>- Discuss the outcomes of the 5-year data and raise the emotional stakes for what it could mean to reduce recurrence for this target patient, especially for node-positive high-risk patients. Focus on expanding patient identification to 1-3N eligibility.<br><li>Help <b>expand utilization in our target patient</b> by asking questions like "Aside from say 4+ nodes, what other characteristics do you consider to be high-risk?"<br><li><b>Highlight the NCCN Category 1 recommendation</b> for eBC and discuss the importance of dose reduction as a tool for side effect management to overcome barriers<br></ul><br><b>Recommended Resources:</b><br><ul><li>EBC Free Text VAE<br><li>VZ Free text VAE (NCCN and/or patient started guide)<br><li>Dose modification Resource<br></ul>||
ACTION_TEXTS_DT||BU|OBU|Placeholder_text|OBUDT_VER_EBC_2B|Y||Actual_text|<br><b>Recommended Discussion Topics:</b><br><ul><li><b>VZ non-user</b>- emphasize the need for additional treatment options for those node positive patients and inquire about any current differentiating approaches the provider is implementing. Raise the emotional stakes for what it could mean to reduce recurrence for this target patient.<br><li><b>Create urgency</b> by asking questions like,"How do you define high-risk with node positivity?"<br><li><b>Highlight the NCCN Category 1 recommendation</b> for eBC and discuss the importance of dose reduction as a tool for side effect management to overcome barriers.<br></ul><br><b>Recommended Resources:</b><br><ul><li>EBC Free Text VAE<br><li>VZ Free Text VAE (NCCN and/or patient Stories)<br><li>Dose modification Resource<br></ul>||
ACTION_TEXTS_DT||BU|OBU|Placeholder_text|OBUDT_VER_EBC_3|Y||Actual_text|<br><b>Recommended Discussion Topics:</b><br><ul><li><b>Discuss the outcomes of the 5-year data in eBC for patients like Pam</b> in your IVA, especially for node-positive patients at high -risk with a <b>30% higher likelihood of disease recurrence to metastatic stage.</b><br><li>Understand HCPs treatment algorithm, offering the HCP clarification that <b>VZ qualification starts at DX</b> as opposed to after treatment. Focus on<b> expanding patient identification to 1-3N eligibility.</b> Inquire about any current differentiating approaches the provider is implementing to help drive urgency and unmet need. <br><li><b>Highlight the NCCN Category 1 recommendation</b> for eBC and discuss the importance of dose reduction as a tool for side effect management to overcome barriers.<br></ul><br><b>Recommended Resources:</b><br><ul><li>EBC Free Text VAE<br><li>Verzenio Resource VAE (NCCN)<br><li>Lilly Support Service for VZ-My Right Dose <br></ul>||
ACTION_TEXTS_DT||BU|OBU|Placeholder_text|OBUDT_VER_EBC_4|Y||Actual_text|<br><b>Recommended Discussion Topics:</b><br><ul><li><b>This HCP is not treating eligible high-risk patients that could potentially benefit from VZ and avoid recurrence to metastatic disease, find out why.</b><br><li>Understand HCPs treatment algorithm, offering the HCP clarification that <b>VZ qualification starts at DX</b> as opposed to after treatment. Focus on <b>expanding patient identification to 1-3N eligibility.</b> Inquire about any current differentiating approaches the provider is implementing to help drive urgency and the unmet need.<br><li>Highlight that Verzenio has a 2 year treatment duration with 5 years of deepening benefit, giving it the longest follow up ever reported for a CDK 4/6i in eBC and remains NCCN category 1 recommended in eBC. Once you have discussed efficacy, reinforce that efficacy was maintained at reduced doses and may help manage side effects. <br></ul><br><b>Recommended Resources:</b><br><ul><li>Verzenio Resource VAE (Dosing and/or Patient Stories)<br><li>EBC Leave Behind<br><li>Voucher<br></ul>||
ACTION_TEXTS_DT||BU|OBU|Placeholder_text|OBUDT_VER_EBC_MBC_1|Y||Actual_text|<br><b>Recommended Discussion Topics:</b><br><ul><li><b>Approx. 45% of HCPs have never dose reduced for VZ.</b>  Seek to understand the processes and procedures in place for that office when a patient gets started on Verzenio, ask the provider to describe how they set expectations for the patient regarding why Verzenio is the right choice for her and what to anticipate during treatment. <br><li>In our monarchE trial, <b>44% of patients were given a dose reduction and efficacy is not compromised by reducing the dose.</b><br><li>For any additional cost inquiries-mention that <b>VZ has the broadest coverage across all CDK 4/6i with 95% commercial coverage across all major plans.</b><br></ul><br><b>Recommended Resources:</b><br><ul><li>Resource VAE (Dosing and Admins. Guide or LSS)<br><li>Loperamide Kit<br><li>Voucher <br></ul>||
ACTION_TEXTS_DT||BU|OBU|Placeholder_text|OBUDT_VER_MBC_1|Y||Actual_text|<br><b>Recommended Discussion Topics:</b><br><ul><li>Gain HCPs commitment to prescribe VZ in the M2 target patient. If HCP is identified as a <b>VZ user</b>, establish the reasons behind their preference for using a competitor's product over Verzenio and remind the HCP that VZ demonstrated statistically significant OS in the metastatic setting in combination with Fulv. in endocrine resistant patients. Ask the provider,"How do you feel about what VZ can offer endocrine resistant patients like these?"<br><li>For <b>VZ non-users,</b> this HCP is influenced by the competitor data in mbc, emphasize the unmet need of <b>high-risk patients being 3x more likely to progress to mBC</b> and the 5- year data to gain commitment in eBC.<br><li><b>Reinforce VZ NCCN Category 1 recommendations </b> (M2 and eBC) and focus on dose reduction strategies for managing side effects.<br></ul><br><b>Recommended Resources:</b><br><ul><li>MBC Free text VAE<br><li>EBC Leave behind<br><li>VZ Resource VAE (Diarrhea Mgmt Guide and/or Dosing guide)<br></ul>||
ACTION_TEXTS_DT||BU|OBU|Placeholder_text|OBUDT_VER_MBC_2|Y||Actual_text|<br><b>Recommended Discussion Topics:</b><br><ul> <li>Understand the doctor's experience with Verzenio and their understanding of Pam's unique characteristics.<br><li>Reference the <b>M2 Statistically Significant Overall Survival data and NCCN Category 1 recommondation</b> in your IVA in patients like Pam on Fulv + VZ who are at higher risk due to visceral disease and/or rapid disease progression. Educate the HCP on the PFS benefits in M3.<br><li>Emphasize that <b>Verzenio was efficacious even at lower doses,</b> which may suit patients individual needs for tolerability.<br></ul><br><b>Recommended Resources:</b><br><ul><li>MBC Leave behind<br><li>Verzenio voucher VAE<br><li>VZ Resource VAE (Diarrhea Mgmt Guide and/or Dosing Resource)<br></ul>||
ACTION_TEXTS_DT||BU|OBU|Placeholder_text|OBUDT_VER_MBC_3|Y||Actual_text|<br><b>Recommended Discussion Topics:</b><br><ul><li><b>VZ user</b>- continue the momentum in ebc which will lead to confidence and growth in MBC. The goal is to expand patient identification to 1-3N eligibility, NCCN Category 1 recommendation and 5-year data in ebc. <b>Ibrance users</b>- The focus is on reinforcing the M2 OS data and <b>NCCN Category 1 recommendation.</b> Elevate messaging to focus on NCCN guidelines recommending only VZ in ebc. Also state that VZ has the broadest coverage of an CDK 4/6i for this HCP. <b>Kisqali user</b>- lean in with magnitude of efficacy data with N+ eligible patients, NCCN Category 1 recommendation.<br><li>Reference the <b>M2 Overall Survival data</b> in your IVA in patients like Pam on Fulv + VZ who face high risk due to visceral disease and/or rapid disease progression.<br><li>Focus on dose reductions as a tool for side effect management to overcome barriers. Highlight that in our clinical studies for Verzenio, most cases of diarrhea were low- grade and manageable. Provide guidance on managing these side effects effectively. Emphasize that <b>Verzenio was efficacious even at lower doses</b> to suit individual patient needs. <br></ul><br><b>Recommended Resources:</b><br><ul><li>MBC Free text VAE <br><li>VZ Resource VAE (Dosing or patient starter kit)<br><li>Diarrhea Management Brochure<br></ul>||
ACTION_TEXTS_DT||BU|OBU|Placeholder_text|OBUDT_VER_MBC_4|Y||Actual_text|<br><b>Recommended Discussion Topics:</b><br><ul><li>Highlight that <b>"higher risk" in the M3 trial referred to patients with visceral disease, including liver metastases .</b> Call out the <b> 8-year PFS data</b> and emphasize that this is another benefit of Verzenio in higher-risk patients.<br><li>Use this information to talk through those tough to treat <b>patients at higher risk of Visceral Disease and Primary ET Resistance.</b> Reference the M2 target patient page and OS data in your IVA and ask the HCP what is their experience in treating patients with potentially a worse prognosis with those warning signs?<br><li><b>Highlight the NCCN Category 1 recommendation</b> for M2 and discuss the importance of dose reduction as a tool for side effect management to overcome barriers<br></ul><br><b>Recommended Resources:</b><br><ul><li>MBC free text VAE<br><li>Verzenio Resource VAE (Dosing and/or Diarrhea Mgmt. guide)<br><li>Lilly Support Services for VZ <br></li>||
ACTION_TEXTS_DT||BU|LDO|Placeholder_text|LDODT_ZEP_CWM_06|Y||Actual_text|<b>Call Goal: Prescribe Zepbound first as AOM of choice and clarify access solutions</b><br><ul><li> Set up the brand patient. Ask how the HCP is identifying the next eligible patient in their practice<br><li> Ask "How has your clinical experience with Zepbound motivated your treatment choice for your patients?"<br><li> Bridge to efficacy data from SURMOUNT 1 paired with pooled AE summary, then engage in “Partner on the Start” dialogue</ul><br><b>Resources:</b><br><ul><li> Provide the Prior Authorization Resource Guide. Discuss access solutions including Lilly Support Services and Zepbound vial solution<br><li> Consider sending a follow up VAE with access solution information</ul>||
ACTION_TEXTS_DT||BU|LDO|Placeholder_text|LDODT_ZEP_CWM_01|Y||Actual_text|<b>Call Goal: Prescribe Zepbound first as AOM of choice</b><br><ul><li> Set up the brand patient. Ask the HCP how they are identifying the next eligible patient in their practice<br><li> Ask "What is your next treatment choice for this patient?” Uncover limiting beliefs by asking "Is your decision based on clinical experience or perceived access?"<br><li> Share core efficacy data from SURMOUNT 1 paired with pooled AE summary. Confirm value back to next eligible patient</ul><br><b>Resources:</b><br><ul><li> Access solutions including: Parity to Wegovy for commercially insured patients<br><li> Zepbound savings program, Lilly Support Services, and Zepbound vial solution</ul>||
