PARAMETER_TYPE|PARAMETER_VALUE|CONFIG_TYPE|CONFIG_VALUE|ATTRIBUTE_NAME1|ATTRIBUTE_VALUE1|ACTIVE|DESCRIPTION|ATTRIBUTE_NAME2|ATTRIBUTE_VALUE2|ATTRIBUTE_NAME3|ATTRIBUTE_VALUE3|NPP_ACTIVE_METRIC_FLAG
DYNAMIC_METRIC_ID|TALTZ_PSA_TRIGGER#|NPP_BMBU_PASSTHROUGH_DAY|{"sourcemetricname":"PSA_COS_TRX_150_TO_300_30D_GD_PYR"}|||N|metricPSA_COS_TRX_150_TO_300_30D_GD_PYR|||||Y
DYNAMIC_METRIC_ID|TALTZ_PSA_TRIGGER#|NPP_BMBU_PASSTHROUGH_DAY|{"sourcemetricname":"AS_COS_TRX_150_TO_300_30D_GD_PYR"}|||N|metricAS_COS_TRX_150_TO_300_30D_GD_PYR|||||Y
DYNAMIC_METRIC_ID|TALTZ_PSA_TRIGGER#|NPP_BMBU_PASSTHROUGH_DAY|{"sourcemetricname":"AS_COS_NBRX_30D_GD_PYR"}|||N|metricAS_COS_NBRX_30D_GD_PYR|||||Y
DYNAMIC_METRIC_ID|TALTZ_PSO_TRIGGER_SPECIFIC#|NPP_BMBU_PASSTHROUGH_DAY|{"sourcemetricname":"TALTZ_PENDING_REFERRALS_30D"}|||N|metricTALTZ_PENDING_REFERRALS_30D_PSO|||||Y
DYNAMIC_METRIC_ID|TALTZ_PSO_TRIGGER_SPECIFIC#|NPP_BMBU_PASSTHROUGH_DAY|{"sourcemetricname":"TALTZ_PENDING_REFERRALS_30D_ENHANCED"}|||N|metricTALTZ_PENDING_REFERRALS_30D_ENHANCED_PSO|||||Y
DYNAMIC_METRIC_ID|TALTZ_PSA_TRIGGER_SPECIFIC#|NPP_BMBU_PASSTHROUGH_DAY|{"sourcemetricname":"TALTZ_PENDING_REFERRALS_30D"}|||N|metricTALTZ_PENDING_REFERRALS_30D_PSA|||||Y
DYNAMIC_METRIC_ID|TALTZ_PSA_TRIGGER_SPECIFIC#|NPP_BMBU_PASSTHROUGH_DAY|{"sourcemetricname":"TALTZ_PENDING_REFERRALS_30D_ENHANCED"}|||N|metricTALTZ_PENDING_REFERRALS_30D_ENHANCED_PSA|||||Y
DYNAMIC_METRIC_ID|TALTZ_PSA_TRIGGER#|SEG_AS_COS_NBRX_30D_PYR_NM|{"sourcename":"AS_COS_NBRX_30D_PYR_NM"}|||N|LILLY_AS_COS_NBRX_30D_PYR_NM|||||NA
DYNAMIC_METRIC_ID|TALTZ_PSA_TRIGGER#|SEG_PSA_COS_TRX_150_TO_300_30D_PYR_NM|{"sourcename":"PSA_COS_TRX_150_TO_300_30D_PYR_NM"}|||N|LILLY_PSA_COS_TRX_150_TO_300_30D_PYR_NM|||||NA
DYNAMIC_METRIC_ID|TALTZ_PSA_TRIGGER#|SEG_AS_COS_TRX_150_TO_300_30D_PYR_NM|{"sourcename":"AS_COS_TRX_150_TO_300_30D_PYR_NM"}|||N|LILLY_AS_COS_TRX_150_TO_300_30D_PYR_NM|||||NA
DYNAMIC_METRIC_ID|TALTZ_PSA_TRIGGER#|SEG_TALTZ_PSA_TRIGGER|{"sourcename":"IL17_23_NBRX_52WK_FLAG"}|||N|LILLY_IL17_NBRX_52WK_FLAG_PSA|||||NA
DYNAMIC_METRIC_ID|TALTZ_PSA_TRIGGER#|SEG_TALTZ_PSA_TRIGGER|{"sourcename":"access_rating"}|||N|LILLY_access_rating_PSA|||||NA
DYNAMIC_METRIC_ID|TALTZ_PSA_TRIGGER#|SEG_TALTZ_PSA_TRIGGER|{"sourcename":"good_payer_access"}|||N|LILLY_TALTZ_good_payer_access_PSA|||||NA
DYNAMIC_METRIC_ID|TALTZ_PSO_TRIGGER#|SEG_TALTZ_PSO_TRIGGER|{"sourcename":"il17_nbrx_52wk_flag"}|||N|LILLY_IL17_NBRX_52WK_FLAG_PSO|||||NA
DYNAMIC_METRIC_ID|TALTZ_PSO_TRIGGER#|SEG_TALTZ_PSO_TRIGGER|{"sourcename":"access_rating"}|||N|LILLY_access_rating_PSO|||||NA
DYNAMIC_METRIC_ID|TALTZ_PSO_TRIGGER#|SEG_TALTZ_PSO_TRIGGER|{"sourcename":"good_payer_access"}|||N|LILLY_TALTZ_good_payer_access_PSO|||||NA
DYNAMIC_METRIC_ID|HCP_ATTRIBUTE#|SEG_ATTRIBUTE_FILES|{"sourcename":"TARGET_SEGMENT"}|||Y|TARGET_SEGMENT|||||NA
DYNAMIC_METRIC_ID|HCP_ATTRIBUTE#|SEG_ATTRIBUTE_FILES|{"sourcename":"SOA_TARGET"}|||N|SOA_TARGET|||||NA
DYNAMIC_METRIC_ID|HCP_ATTRIBUTE#|SEG_ATTRIBUTE_FILES|{"sourcename":"MCE_SEGMENT"}|||Y|MCE_SEGMENT|||||NA
DYNAMIC_METRIC_ID|HCP_ATTRIBUTE#|SEG_ATTRIBUTE_FILES|{"sourcename":"IS_TARGET"}|||Y|IS_TARGET|||||NA
DYNAMIC_METRIC_ID|HCP_ATTRIBUTE#|SEG_ATTRIBUTE_FILES|{"sourcename":"LY_SPCLTY_GRP"}|||Y|LY_SPCLTY_GRP|||||NA
DYNAMIC_METRIC_ID|LEBRI_TRIGGER#|NPP_BMBU_PASSTHROUGH_WEEK|{"sourcemetricname":"LEBRI_NBRX_30D"}|||Y|metricLEBRI_NBRX_30D|||||Y
DYNAMIC_METRIC_ID|LEBRI_TRIGGER#|NPP_BMBU_PASSTHROUGH_WEEK|{"sourcemetricname":"LEBRI_NBRX_360D_EXCL_30D"}|||Y|metricLEBRI_NBRX_360D_EXCL_30D|||||Y
DYNAMIC_METRIC_ID|LEBRI_TRIGGER#|NPP_BMBU_PASSTHROUGH_WEEK|{"sourcemetricname":"JAK_SWITCH_FROM_DUPI_30D"}|||N|metricJAK_SWITCH_FROM_DUPI_30D|||||Y
DYNAMIC_METRIC_ID|LEBRI_TRIGGER#|NPP_BMBU_PASSTHROUGH_WEEK|{"sourcemetricname":"ADBRY_SWITCH_FROM_DUPI_30D"}|||N|metricADBRY_SWITCH_FROM_DUPI_30D|||||Y
DYNAMIC_METRIC_ID|LEBRI_TRIGGER#|NPP_BMBU_PASSTHROUGH_WEEK|{"sourcemetricname":"FIRST_NON_DUPI_NBRX_30D"}|||N|metricFIRST_NON_DUPI_NBRX_30D|||||N
DYNAMIC_METRIC_ID|LEBRI_TRIGGER#|NPP_BMBU_PASSTHROUGH_WEEK|{"sourcemetricname":"LEBRI_PENDING_REFERRALS_30D"}|||N|metricLEBRI_PENDING_REFERRALS_30D|||||Y
DYNAMIC_METRIC_ID|LEBRI_TRIGGER#|NPP_BMBU_PASSTHROUGH_WEEK|{"sourcemetricname":"LEBRI_PENDING_REFERRALS_30D_ENHANCED"}|||N|metricLEBRI_PENDING_REFERRALS_30D_ENHANCED|||||Y
DYNAMIC_METRIC_ID|LEBRI_TRIGGER#|NPP_BMBU_PASSTHROUGH_WEEK|{"sourcemetricname":"DISTINCT_LEBRI_SAMPLE_DAYS"}|||Y|metricDISTINCT_LEBRI_SAMPLE_DAYS|||||Y
DYNAMIC_METRIC_ID|LEBRI_TRIGGER2#|NPP_BMBU_PASSTHROUGH_WEEK|{"sourcemetricname":"GENERIC_PAYER_FLAG_TRIGGER"}|||N|metricGENERIC_PAYER_FLAG_TRIGGER|||||Y
DYNAMIC_METRIC_ID|INSIGHT_SUMMARY#|PP_DAYS_SINCE_LAST_SUGG_GENERATED|{"sourcemetricname":"DAYS_SINCE_EBGLYSS_1_TRIGGERED","suggestion_name":"EBGLYSS_01"}|||Y|metricDAYS_SINCE_EBGLYSS_1_TRIGGERED|||||NA
DYNAMIC_METRIC_ID|INSIGHT_SUMMARY#|PP_DAYS_SINCE_LAST_SUGG_GENERATED|{"sourcemetricname":"DAYS_SINCE_EBGLYSS_2_TRIGGERED","suggestion_name":"EBGLYSS_02"}|||N|metricDAYS_SINCE_EBGLYSS_2_TRIGGERED|||||NA
DYNAMIC_METRIC_ID|INSIGHT_SUMMARY#|PP_DAYS_SINCE_LAST_SUGG_GENERATED|{"sourcemetricname":"DAYS_SINCE_EBGLYSS_3_TRIGGERED","suggestion_name":"EBGLYSS_03"}|||N|metricDAYS_SINCE_EBGLYSS_3_TRIGGERED|||||NA
DYNAMIC_METRIC_ID|INSIGHT_SUMMARY#|PP_DAYS_SINCE_LAST_SUGG_GENERATED|{"sourcemetricname":"DAYS_SINCE_EBGLYSS_4_TRIGGERED  ","suggestion_name":"EBGLYSS_04"}|||Y|metricDAYS_SINCE_EBGLYSS_4_TRIGGERED|||||NA
DYNAMIC_METRIC_ID|INSIGHT_SUMMARY#|PP_DAYS_SINCE_LAST_SUGG_GENERATED|{"sourcemetricname":"DAYS_SINCE_EBGLYSS_5_TRIGGERED","suggestion_name":"EBGLYSS_05"}|||N|metricDAYS_SINCE_EBGLYSS_5_TRIGGERED|||||NA
DYNAMIC_METRIC_ID|INSIGHT_SUMMARY#|PP_DAYS_SINCE_LAST_SUGG_GENERATED|{"sourcemetricname":"DAYS_SINCE_EBGLYSS_6_TRIGGERED","suggestion_name":"EBGLYSS_06"}|||N|metricDAYS_SINCE_EBGLYSS_6_TRIGGERED|||||NA
DYNAMIC_METRIC_ID|INSIGHT_SUMMARY#|PP_DAYS_SINCE_LAST_SUGG_GENERATED|{"sourcemetricname":"DAYS_SINCE_EBGLYSS_7_TRIGGERED","suggestion_name":"EBGLYSS_07"}|||N|metricDAYS_SINCE_EBGLYSS_7_TRIGGERED|||||NA
DYNAMIC_METRIC_ID|INSIGHT_SUMMARY#|PP_DAYS_SINCE_LAST_SUGG_GENERATED|{"sourcemetricname":"DAYS_SINCE_EBGLYSS_8_TRIGGERED","suggestion_name":"EBGLYSS_08"}|||N|metricDAYS_SINCE_EBGLYSS_8_TRIGGERED|||||NA
DYNAMIC_METRIC_ID|LEBRI_TRIGGER#|PP_DAYS_SINCE_LAST_CALL|{"sourcemetricname":"DAYS_SINCE_LAST_CALL"}|||N|metricDAYS_SINCE_LAST_CALL|||||NA
DYNAMIC_METRIC_ID|LEBRI_P2P_TRIGGER#|P2P_POST_LAUNCH|{"sourcemetricname":"ACTVY_STRT_DT", "launch_date":"2023-08-14"}|||N|metricDAYS_SINCE_LAST_P2P_LEBRI_POST_LAUNCH|||||Y
DYNAMIC_METRIC_ID|LEBRI_P2P_TRIGGER#|P2P_PRE_LAUNCH|{"sourcemetricname":"ACTVY_STRT_DT", "launch_date":"2023-08-14"}|||N|metricDAYS_SINCE_LAST_P2P_DERM_ATTENDANCE_PRE_LAUNCH|||||Y
DYNAMIC_METRIC_ID|LEBRI_NOW_APPROVED#|NPP_NOW_APPROVED|{"sourcemetricname":"days_since_last_now_approved_engagement"}|||N|metricDAYS_SINCE_LAST_NOW_APPROVED_ENGAGEMENT|||||Y
DYNAMIC_METRIC_ID|LEBRI_TRIGGER#|NPP_LEBRI_DAYS_SINCE_LAST_VAE_OPENED|{"sourcemetricname":"LAST_OPEN_DATE_VOD__C"}|||N|metricDAYS_SINCE_LAST_LEBRI_VAE_OPENED|||||Y
DYNAMIC_METRIC_ID|LEBRI_TARGET_SEGMENT#|SEG_LEBRI_TARGET_SEGMENT|{"sourcemetricname":"TARGET_SEGMENT"}|||N|LILLY_TARGET_SEGMENT|||||NA
DYNAMIC_METRIC_ID|LEBRI_PAYER_NAME_TRIGGER#|SEG_LEBRI_PAYER_NAME_TRIGGER|{"sourcemetricname":"PAYER_NAME_TRIGGER"}|||N|LILLY_PAYER_NAME_TRIGGER|||||NA
DYNAMIC_METRIC_ID|TALTZ_PSA_TRIGGER#|NPP_BMBU_PASSTHROUGH_WEEK|{"sourcemetricname":"COSENTYX_TRX_30D"}|||Y|metricCOSENTYX_TRX_30D_RHEUM|||||N
DYNAMIC_METRIC_ID|TALTZ_PSA_TRIGGER#|NPP_BMBU_PASSTHROUGH_DAY|{"sourcemetricname":"TALTZ_TRX_30D"}|||Y|metricTALTZ_TRX_30D_RHEUM|||||N
DYNAMIC_METRIC_ID|TALTZ_PSA_TRIGGER#|NPP_BMBU_PASSTHROUGH_DAY|{"sourcemetricname":"PSA_TNF_TRX_MTX_NBRX_30D_GD_PYR"}|||Y|metricPSA_TNF_TRX_MTX_NBRX_30D_GD_PYR|||||N
DYNAMIC_METRIC_ID|TALTZ_PSA_TRIGGER#|SEG_TALTZ_PSA_PT|{"sourcename":"PRIM_IL17_BRND_TRX_30D"}|||Y|LILLY_PRIM_IL17_BRND_TRX_30D_RHEUM|||||NA
DYNAMIC_METRIC_ID|TALTZ_PSA_TRIGGER#|SEG_TALTZ_PSA_PT|{"sourcename":"PRIM_COMP_BRND_NBRX_30D"}|||Y|LILLY_PRIM_COMP_BRND_NBRX_30D_RHEUM|||||NA
DYNAMIC_METRIC_ID|TALTZ_PSA_TRIGGER#|SEG_TALTZ_PSA_PT|{"sourcename":"PSA_TNF_TRX_MTX_NBRX_30D_PYR_NM"}|||Y|LILLY_PSA_TNF_TRX_MTX_NBRX_30D_PYR_NM|||||NA
DYNAMIC_METRIC_ID|TALTZ_PSO_TRIGGER_SPECIFIC#|NPP_BMBU_PASSTHROUGH_WEEK|{"sourcemetricname":"COSENTYX_TRX_30D"}|||Y|metricCOSENTYX_TRX_30D_DERM|||||N
DYNAMIC_METRIC_ID|TALTZ_PSO_TRIGGER_SPECIFIC#|NPP_BMBU_PASSTHROUGH_DAY|{"sourcemetricname":"TALTZ_TRX_30D"}|||Y|metricTALTZ_TRX_30D_DERM|||||N
DYNAMIC_METRIC_ID|TALTZ_PSO_TRIGGER_SPECIFIC#|NPP_BMBU_PASSTHROUGH_WEEK|{"sourcemetricname":"PSO_TNF_NBRX_30D_GD_PYR"}|||Y|metricPSO_TNF_NBRX_30D_GD_PYR|||||N
DYNAMIC_METRIC_ID|TALTZ_PSO_TRIGGER#|SEG_TALTZ_PSO_PT|{"sourcename":"PRIM_IL17_BRND_TRX_30D"}|||Y|LILLY_PRIM_IL17_BRND_TRX_30D_DERM|||||NA
DYNAMIC_METRIC_ID|TALTZ_PSO_TRIGGER#|SEG_TALTZ_PSO_PT|{"sourcename":"PRIM_COMP_BRND_NBRX_30D"}|||Y|LILLY_PRIM_COMP_BRND_NBRX_30D_DERM|||||NA
DYNAMIC_METRIC_ID|TALTZ_PSO_TRIGGER#|SEG_TALTZ_PSO_PT|{"sourcename":"PSO_TNF_NBRX_30D_PYR_NM"}|||Y|LILLY_PSO_TNF_NBRX_30D_PYR_NM|||||NA
DYNAMIC_METRIC_ID|ZEPBOUND_TRIGGER#|NPP_LDO_PASSTHROUGH_MONTH|{"sourcemetricname":"inj_aom_nbrx_4w"}|||Y|metricINJ_AOM_NBRX_4W|||||Y
DYNAMIC_METRIC_ID|ZEPBOUND_TRIGGER#|NPP_LDO_PASSTHROUGH_MONTH|{"sourcemetricname":"inj_aom_nts_change_13w"}|||Y|metricINJ_AOM_NTS_CHANGE_13W|||||Y
DYNAMIC_METRIC_ID|ZEPBOUND_TRIGGER_PERC#|NPP_LDO_PASSTHROUGH_MONTH|{"sourcemetricname":"inj_aom_nbrx_perc_change_4w"}|||Y|metricINJ_AOM_NBRX_PERC_CHANGE_4W_PERC|||||Y
DYNAMIC_METRIC_ID|ZEPBOUND_TRIGGER_PERC#|NPP_LDO_PASSTHROUGH_MONTH|{"sourcemetricname":"zep_nbrx_perc_change_4w"}|||Y|metricZEP_NBRX_PERC_CHANGE_4W_PERC|||||Y
DYNAMIC_METRIC_ID|ZEPBOUND_TRIGGER_PERC#|NPP_LDO_PASSTHROUGH_MONTH|{"sourcemetricname":"weg_inj_aom_nts_som_13w"}|||Y|metricWEG_INJ_AOM_NTS_SOM_13W_PERC|||||Y
DYNAMIC_METRIC_ID|ZEPBOUND_TRIGGER_PERC#|NPP_LDO_PASSTHROUGH_MONTH|{"sourcemetricname":"zep_inj_aom_nts_som_change_13w"}|||Y|metricZEP_INJ_AOM_NTS_SOM_CHANGE_13W_PERC|||||Y
DYNAMIC_METRIC_ID|MOUNJARO_TRIGGER#|NPP_LDO_PASSTHROUGH_MONTH|{"sourcemetricname":"DIFF_OZP_MNJ_TRX_13W"}|||Y|metricDIFF_OZP_MNJ_TRX_13W|||||Y
DYNAMIC_METRIC_ID|MOUNJARO_TRIGGER_PERC#|NPP_LDO_PASSTHROUGH_MONTH|{"sourcemetricname":"OZE_MNJ_NTS_SOM_GLP_DIFF_13W"}|||N|metricOZE_MNJ_NTS_SOM_GLP_DIFF_13W_PERC|||||Y
DYNAMIC_METRIC_ID|MOUNJARO_TRIGGER_PERC#|NPP_LDO_PASSTHROUGH_MONTH|{"sourcemetricname":"MNJ_NBRX_SWITCHES_SH_13W"}|||Y|metricMNJ_NBRX_SWITCHES_SH_13W_PERC|||||Y
DYNAMIC_METRIC_ID|DBU_WEEKLY_FILE_PERC#|NPP_LDO_PASSTHROUGH_WEEK|{"sourcemetricname":"OZE_NTS_SOM_GLP_TOT"}|||Y|metricOZE_NTS_SOM_GLP_TOT_PERC|||||Y
DYNAMIC_METRIC_ID|JARDIANCE_TRIGGER#|NPP_LDO_PASSTHROUGH_MONTH|{"sourcemetricname":"JRDN_NTS_4W_P4W_CHANGE"}|||N|metricJRDN_NTS_4W_P4W_CHANGE|||||Y
DYNAMIC_METRIC_ID|JARDIANCE_TRIGGER#|NPP_LDO_PASSTHROUGH_MONTH|{"sourcemetricname":"MET_NTS_4W_P4W_CHANGE"}|||N|metricMET_NTS_4W_P4W_CHANGE|||||Y
DYNAMIC_METRIC_ID|JARDIANCE_TRIGGER_PERC#|NPP_LDO_PASSTHROUGH_MONTH|{"sourcemetricname":"JRDN_NTS_SOM_4W_P4W_CHANGE"}|||N|metricJRDN_NTS_SOM_4W_P4W_CHANGE_PERC|||||Y
DYNAMIC_METRIC_ID|JARDIANCE_TRIGGER_PERC#|NPP_LDO_PASSTHROUGH_MONTH|{"sourcemetricname":"FRXG_NTS_SOM_4W_P4W_CHANGE"}|||N|metricFRXG_NTS_SOM_4W_P4W_CHANGE_PERC|||||Y
DYNAMIC_METRIC_ID|JARDIANCE_TRIGGER_SEG#|SEG_LDO|{"sourcemetricname":"PAYER_NAME_NO_ST"}|||N|LILLY_DT_PAYER_NAME_NO_ST|||||NA
DYNAMIC_METRIC_ID|ZEPBOUND_TRIGGER#|NPP_LDO_PASSTHROUGH_MONTH|{"sourcemetricname":"TZPO_SWITCH_TO_WEG_13W"}|||Y|metricTZPO_SWITCH_TO_WEG_13W|||||Y
DYNAMIC_METRIC_ID|ZEPBOUND_TRIGGER#|NPP_LDO_PASSTHROUGH_MONTH|{"sourcemetricname":"INJ_AOM_CLAIMS_4W"}|||Y|metricINJ_AOM_CLAIMS_4W|||||Y
DYNAMIC_METRIC_ID|ZEPBOUND_TRIGGER#|NPP_LDO_PASSTHROUGH_MONTH|{"sourcemetricname":"INJ_AOM_NTS_13W"}|||Y|metricINJ_AOM_NTS_13W|||||Y
DYNAMIC_METRIC_ID|ZEPBOUND_TRIGGER#|NPP_LDO_PASSTHROUGH_MONTH|{"sourcemetricname":"INJ_AOM_SWITCH_TO_TZPO_13W"}|||Y|metricINJ_AOM_SWITCH_TO_TZPO_13W|||||Y
DYNAMIC_METRIC_ID|ZEPBOUND_TRIGGER_PERC#|NPP_LDO_PASSTHROUGH_MONTH|{"sourcemetricname":"INJ_AOM_REJ_RATE_4W"}|||Y|metricINJ_AOM_REJ_RATE_4W_PERC|||||Y
DYNAMIC_METRIC_ID|ZEPBOUND_TRIGGER#|NPP_LDO_PASSTHROUGH_MONTH|{"sourcemetricname":"WEG_NBRX_13W"}|||Y|metricWEG_NBRX_13W|||||Y
DYNAMIC_METRIC_ID|ZEPBOUND_TRIGGER_PERC#|NPP_LDO_PASSTHROUGH_MONTH|{"sourcemetricname":"COM_INJ_AOM_NBRX_GD_ACC_GRWTH_4W"}|||Y|metricCOM_INJ_AOM_NBRX_GD_ACC_GRWTH_4W_PERC|||||Y
DYNAMIC_METRIC_ID|ZEPBOUND_TRIGGER_PERC#|NPP_LDO_PASSTHROUGH_MONTH|{"sourcemetricname":"INJ_AOM_NBRX_GD_ACC_SHR_13W"}|||Y|metricINJ_AOM_NBRX_GD_ACC_SHR_13W_PERC|||||Y
DYNAMIC_METRIC_ID|ZEPBOUND_TRIGGER#|NPP_LDO_PASSTHROUGH_MONTH|{"sourcemetricname":"INJ_AOM_NBRX_13W"}|||Y|metricINJ_AOM_NBRX_13W|||||Y
DYNAMIC_METRIC_ID|ZEPBOUND_TRIGGER#|NPP_LDO_PASSTHROUGH_MONTH|{"sourcemetricname":"COM_INJ_AOM_NBRX_GD_ACC_4W"}|||Y|metricCOM_INJ_AOM_NBRX_GD_ACC_4W|||||Y
DYNAMIC_METRIC_ID|ZEPBOUND_TRIGGER#|NPP_LDO_PASSTHROUGH_MONTH|{"sourcemetricname":"TZPO_LOW_DOSE_THRICE_PAT_26W"}|||N|metricTZPO_LOW_DOSE_THRICE_PAT_26W|||||Y
DYNAMIC_METRIC_ID|ZEPBOUND_TRIGGER#|NPP_LDO_PASSTHROUGH_MONTH|{"sourcemetricname":"ZEP_NBRX_13W"}|||Y|metricZEP_NBRX_13W|||||Y
DYNAMIC_METRIC_ID|ZEPBOUND_TRIGGER#|NPP_LDO_PASSTHROUGH_MONTH|{"sourcemetricname":"INJ_AOM_REJ_CLAIMS_4W"}|||Y|metricINJ_AOM_REJ_CLAIMS_4W|||||Y
DYNAMIC_METRIC_ID|ZEPBOUND_TRIGGER_PERC#|NPP_LDO_PASSTHROUGH_MONTH|{"sourcemetricname":"INJ_AOM_REJ_OTHER_CLAIMS_SHARE_4W"}|||Y|metricINJ_AOM_REJ_OTHER_CLAIMS_SHARE_4W_PERC|||||Y
DYNAMIC_METRIC_ID|ZEPBOUND_TRIGGER_PERC#|NPP_LDO_PASSTHROUGH_MONTH|{"sourcemetricname":"INJ_AOM_REJ_PA_CLAIMS_SHARE_4W"}|||Y|metricINJ_AOM_REJ_PA_CLAIMS_SHARE_4W_PERC|||||Y
DYNAMIC_METRIC_ID|ZEPBOUND_TRIGGER_PERC#|NPP_LDO_PASSTHROUGH_MONTH|{"sourcemetricname":"INJ_AOM_REJ_PNC_CLAIMS_SHARE_4W"}|||Y|metricINJ_AOM_REJ_PNC_CLAIMS_SHARE_4W_PERC|||||Y
DYNAMIC_METRIC_ID|ZEPBOUND_TRIGGER_PERC#|NPP_LDO_PASSTHROUGH_MONTH|{"sourcemetricname":"SAX_INJ_AOM_NTS_SOM_13W"}|||Y|metricSAX_INJ_AOM_NTS_SOM_13W_PERC|||||Y
DYNAMIC_METRIC_ID|ZEPBOUND_TRIGGER_PERC#|NPP_LDO_PASSTHROUGH_MONTH|{"sourcemetricname":"TZPO_INJ_AOM_NTS_SOM_13W"}|||Y|metricTZPO_INJ_AOM_NTS_SOM_13W_PERC|||||Y
DYNAMIC_METRIC_ID|JARDIANCE_TRIGGER_PERC#|NPP_LDO_PASSTHROUGH_MONTH|{"sourcemetricname":"JRDN_NO_ST_PRCNT_RX_13W"}|||N|metricJRDN_NO_ST_PRCNT_RX_13W_PERC|||||Y
DYNAMIC_METRIC_ID|JARDIANCE_TRIGGER#|NPP_LDO_PASSTHROUGH_MONTH|{"sourcemetricname":"MKT_NBRX_BRAD_13W"}|||N|metricMKT_NBRX_BRAD_13W|||||Y
DYNAMIC_METRIC_ID|MOUNJARO_TRIGGER#|NPP_LDO_PASSTHROUGH_MONTH|{"sourcemetricname":"MET_ONLY_PATS_26W"}|||Y|metricMET_ONLY_PATS_26W|||||Y
DYNAMIC_METRIC_ID|JARDIANCE_TRIGGER#|NPP_LDO_PASSTHROUGH_MONTH|{"sourcemetricname":"JRDN_TRX_13W"}|||N|metricJRDN_TRX_13W|||||Y
DYNAMIC_METRIC_ID|JARDIANCE_TRIGGER_PERC#|NPP_LDO_PASSTHROUGH_MONTH|{"sourcemetricname":"JARD_COMM_TRX_SHARE_13W"}|||N|metricJARD_COMM_TRX_SHARE_13W_PERC|||||Y
DYNAMIC_METRIC_ID|JARDIANCE_TRIGGER_PERC#|NPP_LDO_PASSTHROUGH_MONTH|{"sourcemetricname":"JARD_MEDICARE_TRX_SHARE_13W"}|||N|metricJARD_MEDICARE_TRX_SHARE_13W_PERC|||||Y
DYNAMIC_METRIC_ID|JARDIANCE_TRIGGER_PERC#|NPP_LDO_PASSTHROUGH_MONTH|{"sourcemetricname":"GLP_NBRX_SOM_BRAD_13W"}|||N|metricGLP_NBRX_SOM_BRAD_13W_PERC|||||Y
DYNAMIC_METRIC_ID|MOUNJARO_TRIGGER#|NPP_LDO_PASSTHROUGH_MONTH|{"sourcemetricname":"GLP_PAT_NOT_TO_GOAL_13W"}|||N|metricGLP_PAT_NOT_TO_GOAL_13W|||||Y
DYNAMIC_METRIC_ID|MOUNJARO_TRIGGER_PERC#|NPP_LDO_PASSTHROUGH_MONTH|{"sourcemetricname":"GLP_GOOD_ACCESS_COMM_TRX_SOM_13W"}|||Y|metricGLP_GOOD_ACCESS_COMM_TRX_SOM_13W_PERC|||||Y
DYNAMIC_METRIC_ID|MOUNJARO_TRIGGER#|NPP_LDO_PASSTHROUGH_MONTH|{"sourcemetricname":"MET_PAT_NOT_TO_GOAL_13W"}|||N|metricMET_PAT_NOT_TO_GOAL_13W|||||Y
DYNAMIC_METRIC_ID|MOUNJARO_TRIGGER#|NPP_LDO_PASSTHROUGH_MONTH|{"sourcemetricname":"BO_PAT_NOT_TO_GOAL_13W"}|||N|metricBO_PAT_NOT_TO_GOAL_13W|||||Y
DYNAMIC_METRIC_ID|MOUNJARO_TRIGGER#|NPP_LDO_PASSTHROUGH_MONTH|{"sourcemetricname":"OZP_MNJ_NBRX_DIFF_13W"}|||Y|metricOZP_MNJ_NBRX_DIFF_13W|||||Y
DYNAMIC_METRIC_ID|MOUNJARO_TRIGGER#|NPP_LDO_PASSTHROUGH_MONTH|{"sourcemetricname":"MKT_NTS_GLP_TOT_13W"}|||N|metricMKT_NTS_GLP_TOT_13W|||||Y
DYNAMIC_METRIC_ID|MOUNJARO_TRIGGER#|NPP_LDO_PASSTHROUGH_MONTH|{"sourcemetricname":"GLP_GOOD_ACCESS_COMM_PATS_13W"}|||Y|metricGLP_GOOD_ACCESS_COMM_PATS_13W|||||Y
DYNAMIC_METRIC_ID|MOUNJARO_TRIGGER#|NPP_LDO_PASSTHROUGH_MONTH|{"sourcemetricname":"OZE_NTS_GLP_TOT_4W"}|||Y|metricOZE_NTS_GLP_TOT_4W|||||Y
DYNAMIC_METRIC_ID|MOUNJARO_TRIGGER#|NPP_LDO_PASSTHROUGH_MONTH|{"sourcemetricname":"OZM_MNJ_SWH_4W"}|||N|metricOZM_MNJ_SWH_4W|||||Y
DYNAMIC_METRIC_ID|MOUNJARO_TRIGGER_PERC#|NPP_LDO_PASSTHROUGH_MONTH|{"sourcemetricname":"OZM_SWH_SHARE_MNJ_NBRX_4W"}|||N|metricOZM_SWH_SHARE_MNJ_NBRX_4W_PERC|||||Y
DYNAMIC_METRIC_ID|MOUNJARO_TRIGGER#|NPP_LDO_PASSTHROUGH_MONTH|{"sourcemetricname":"MNJ_OZP_NBRX_DIFF_P13W"}|||Y|metricMNJ_OZP_NBRX_DIFF_P13W|||||Y
DYNAMIC_METRIC_ID|MOUNJARO_TRIGGER#|NPP_LDO_PASSTHROUGH_MONTH|{"sourcemetricname":"MNJ_NBRX_13W"}|||Y|metricMNJ_NBRX_13W|||||Y
DYNAMIC_METRIC_ID|MOUNJARO_TRIGGER#|NPP_LDO_PASSTHROUGH_MONTH|{"sourcemetricname":"MET_MAX_OUT_PATS_26W"}|||Y|metricMET_MAX_OUT_PATS_26W|||||Y
DYNAMIC_METRIC_ID|MOUNJARO_TRIGGER_PERC#|NPP_LDO_PASSTHROUGH_MONTH|{"sourcemetricname":"GLP_MET_NTS_SOM_GLP_TOT_26W"}|||Y|metricGLP_MET_NTS_SOM_GLP_TOT_26W_PERC|||||Y
DYNAMIC_METRIC_ID|MOUNJARO_TRIGGER_PERC#|NPP_LDO_PASSTHROUGH_MONTH|{"sourcemetricname":"GLP_INJ_GD_ACC_NBRX_GROWTH_4W"}|||Y|metricGLP_INJ_GD_ACC_NBRX_GROWTH_4W_PERC|||||Y
DYNAMIC_METRIC_ID|MOUNJARO_TRIGGER#|NPP_LDO_PASSTHROUGH_MONTH|{"sourcemetricname":"GLP_INJ_GOOD_ACCESS_NBRX_4W"}|||Y|metricGLP_INJ_GOOD_ACCESS_NBRX_4W|||||Y
DYNAMIC_METRIC_ID|PREDICTED_TRIGGER#|NPP_LDO_PASSTHROUGH_PREDICTED_WEEK|{"sourcemetricname":"PREDICTED_SWITCHES_MET_4W"}|||N|metricPREDICTED_SWITCHES_MET_4W|||||Y
DYNAMIC_METRIC_ID|PREDICTED_TRIGGER#|NPP_LDO_PASSTHROUGH_PREDICTED_WEEK|{"sourcemetricname":"PREDICTED_SWITCHES_4W"}|||N|metricPREDICTED_SWITCHES_4W|||||Y
DYNAMIC_METRIC_ID|OBESITY_WEEKLY_PERC#|NPP_LDO_PASSTHROUGH_OBESITY_WEEKLY|{"sourcemetricname":"WEG_INJ_AOM_NBRX_SOM"}|||N|metricWEG_INJ_AOM_NBRX_SOM_PERC|||||Y
DYNAMIC_METRIC_ID|LDO_MOUNJARO_SEG#|SEG_LDO_MOUNJARO|{"sourcemetricname":"SPEC_GROUP"}|||Y|LILLY_DT_SPEC_GROUP|||||NA
DYNAMIC_METRIC_ID|ZEPBOUND_TRIGGER_PERC_ABS#|NPP_LDO_PASSTHROUGH_MONTH|{"sourcemetricname":"zep_inj_aom_nts_som_change_13w"}|||Y|metricZEP_INJ_AOM_NTS_SOM_CHANGE_13W_PERC_ABS|||||N
DYNAMIC_METRIC_ID|ZEPBOUND_TRIGGER_PERC_ABS#|NPP_LDO_PASSTHROUGH_MONTH|{"sourcemetricname":"zep_nbrx_perc_change_4w"}|||Y|metricZEP_NBRX_PERC_CHANGE_4W_PERC_ABS|||||N
DYNAMIC_METRIC_ID|LEBRI_TRIGGER#|NPP_BMBU_PASSTHROUGH_WEEK|{"sourcemetricname":"ADBRY_SWITCH_FROM_DUPI_60D"}|||Y|metricADBRY_SWITCH_FROM_DUPI_60D|||||Y
DYNAMIC_METRIC_ID|LEBRI_TRIGGER#|NPP_BMBU_PASSTHROUGH_WEEK|{"sourcemetricname":"FIRST_NON_DUPI_NBRX_60D"}|||Y|metricFIRST_NON_DUPI_NBRX_60D|||||Y
DYNAMIC_METRIC_ID|LEBRI_TRIGGER#|NPP_BMBU_PASSTHROUGH_WEEK|{"sourcemetricname":"JAK_SWITCH_FROM_DUPI_60D"}|||Y|metricJAK_SWITCH_FROM_DUPI_60D|||||Y
DYNAMIC_METRIC_ID|LEBRI_TRIGGER#|NPP_BMBU_PASSTHROUGH_WEEK|{"sourcemetricname":"LEBRI_NBRX_60D"}|||Y|metricLEBRI_NBRX_60D|||||Y
DYNAMIC_METRIC_ID|LEBRI_TRIGGER#|NPP_BMBU_PASSTHROUGH_WEEK|{"sourcemetricname":"LEBRI_NBRX_360D_EXCL_60D"}|||Y|metricLEBRI_NBRX_360D_EXCL_60D|||||Y
DYNAMIC_METRIC_ID|TALTZ_PSA_TRIGGER#|NPP_BMBU_PASSTHROUGH_WEEK|{"sourcemetricname":"BIMZELX_TRX_30D"}|||Y|metricBIMZELX_TRX_30D_RHEUM|||||Y
DYNAMIC_METRIC_ID|TALTZ_PSO_TRIGGER_SPECIFIC#|NPP_BMBU_PASSTHROUGH_WEEK|{"sourcemetricname":"BIMZELX_TRX_30D"}|||Y|metricBIMZELX_TRX_30D_DERM|||||Y
DYNAMIC_METRIC_ID|TALTZ_PSA_TRIGGER#|NPP_BMBU_PASSTHROUGH_WEEK|{"sourcemetricname":"PSA_BIOLOGICS_ZEPBOUND_TRX_90D"}|||Y|metricPSA_BIOLOGICS_ZEPBOUND_TRX_90D|||||Y
DYNAMIC_METRIC_ID|TALTZ_PSO_TRIGGER_SPECIFIC#|NPP_BMBU_PASSTHROUGH_WEEK|{"sourcemetricname":"PSO_BIOLOGICS_ZEPBOUND_TRX_90D"}|||Y|metricPSO_BIOLOGICS_ZEPBOUND_TRX_90D|||||Y
DYNAMIC_METRIC_ID|MOUNJARO_TRIGGER_PERC#|NPP_LDO_PASSTHROUGH_MONTH|{"sourcemetricname":"GLP_INJ_MDCR_GD_ACC_NBRX_SHR_13W"}|||N|metricGLP_INJ_MDCR_GD_ACC_NBRX_SHR_13W_PERC|||||Y
DYNAMIC_METRIC_ID|MOUNJARO_TRIGGER_PERC#|NPP_LDO_PASSTHROUGH_MONTH|{"sourcemetricname":"GLP_INJ_PREF_GD_ACC_NBRX_SHR_13W"}|||Y|metricGLP_INJ_PREF_GD_ACC_NBRX_SHR_13W_PERC|||||Y
DYNAMIC_METRIC_ID|MOUNJARO_TRIGGER_PERC#|NPP_LDO_PASSTHROUGH_MONTH|{"sourcemetricname":"MNJ_NBRX_13W_GROWTH"}|||Y|metricMNJ_NBRX_13W_GROWTH_PERC|||||Y
DYNAMIC_METRIC_ID|MOUNJARO_TRIGGER#|NPP_LDO_PASSTHROUGH_MONTH|{"sourcemetricname":"OZE_MNJ_MEDICARE_NBRX_DIFF"}|||N|metricOZE_MNJ_MEDICARE_NBRX_DIFF|||||Y
DYNAMIC_METRIC_ID|MOUNJARO_TRIGGER#|NPP_LDO_PASSTHROUGH_MONTH|{"sourcemetricname":"OZP_NBRX_13W"}|||Y|metricOZP_NBRX_13W|||||Y
DYNAMIC_METRIC_ID|MOUNJARO_TRIGGER#|NPP_LDO_PASSTHROUGH_MONTH|{"sourcemetricname":"MNJ_NBRX_P13W"}|||Y|metricMNJ_NBRX_P13W|||||Y
DYNAMIC_METRIC_ID|MOUNJARO_TRIGGER#|NPP_LDO_PASSTHROUGH_MONTH|{"sourcemetricname":"MNJ_NBRX_8W"}|||Y|metricMNJ_NBRX_8W|||||Y
DYNAMIC_METRIC_ID|MNJ_CALL_COUNT_8W#|PP_MNJ_COUNT_CALL|{"sourcemetricname":"ID"}|||Y|metricMNJ_COUNT_CALL_8W|||||Y
DYNAMIC_METRIC_ID|ZEPBOUND_TRIGGER#|NPP_LDO_PASSTHROUGH_MONTH|{"sourcemetricname":"ZEP_TRX_13W"}|||Y|metricZEP_TRX_13W|||||N
DYNAMIC_METRIC_ID|ZEPBOUND_TRIGGER_PERC#|NPP_LDO_PASSTHROUGH_MONTH|{"sourcemetricname":"ZEP_TRX_LD_PERC_13W"}|||Y|metricZEP_TRX_LD_PERC_13W_PERC|||||N
DYNAMIC_METRIC_ID|ZEPBOUND_TRIGGER_PERC#|NPP_LDO_PASSTHROUGH_MONTH|{"sourcemetricname":"ZEP_TRX_MD_PERC_13W"}|||Y|metricZEP_TRX_MD_PERC_13W_PERC|||||N
DYNAMIC_METRIC_ID|ZEPBOUND_TRIGGER_PERC#|NPP_LDO_PASSTHROUGH_MONTH|{"sourcemetricname":"ZEP_TRX_HD_PERC_13W"}|||Y|metricZEP_TRX_HD_PERC_13W_PERC|||||N
DYNAMIC_METRIC_ID|MASTER_VERZENIO_EBC_TRIGGER#|NPP_OBU_MASTER_PASSTHROUGH|{"sourcemetricname":"concordant_pats"}|||Y|metricMASTER_concordant_pats|||||Y
DYNAMIC_METRIC_ID|MASTER_VERZENIO_EBC_TRIGGER#|NPP_OBU_MASTER_PASSTHROUGH|{"sourcemetricname":"nonconcordant_pats"}|||Y|metricMASTER_nonconcordant_pats|||||N
DYNAMIC_METRIC_ID|MASTER_VERZENIO_EBC_TRIGGER#|NPP_OBU_MASTER_PASSTHROUGH|{"sourcemetricname":"neoadj_patient_vol"}|||Y|metricMASTER_neoadj_patient_vol|||||Y
DYNAMIC_METRIC_ID|MASTER_VERZENIO_EBC_DERIVED_TRIGGER#|NPP_OBU_MASTER_DERIVED|{"sourcemetricname":"nonconcordant_pats"}|||Y|derived_nonconcordant_pats|||||N
DYNAMIC_METRIC_ID|MASTER_VERZENIO_EBC_DERIVED_TRIGGER#|NPP_OBU_MASTER_DERIVED|{"sourcemetricname":"concordant_pats"}|||Y|derived_concordant_pats|||||N
DYNAMIC_METRIC_ID|MASTER_JAYPRICA_CLL_TRIGGER#|NPP_OBU_MASTER_PASSTHROUGH|{"sourcemetricname":"CLL_cBTKi"}|||Y|metricMASTER_CLL_cBTKi|||||Y
DYNAMIC_METRIC_ID|MASTER_JAYPRICA_CLL_TRIGGER#|NPP_OBU_MASTER_PASSTHROUGH|{"sourcemetricname":"CLL_pts_relapse"}|||Y|metricMASTER_CLL_pts_relapse|||||Y
DYNAMIC_METRIC_ID|MASTER_JAYPRICA_CLL_TRIGGER#|NPP_OBU_MASTER_PASSTHROUGH|{"sourcemetricname":"pBTKI_CIT"}|||Y|metricMASTER_pBTKi_CIT|||||Y
DYNAMIC_METRIC_ID|MASTER_JAYPRICA_CLL_TRIGGER#|NPP_OBU_MASTER_PASSTHROUGH|{"sourcemetricname":"pBTKi_cd20"}|||Y|metricMASTER_pBTKi_cd20|||||Y
DYNAMIC_METRIC_ID|MASTER_JAYPRICA_CLL_TRIGGER#|NPP_OBU_MASTER_PASSTHROUGH|{"sourcemetricname":"pts_cBTKi_BCL2"}|||Y|metricMASTER_pts_cBTKi_BCL2|||||Y
DYNAMIC_METRIC_ID|MASTER_JAYPRICA_CLL_TRIGGER#|NPP_OBU_MASTER_PASSTHROUGH|{"sourcemetricname":"pBCL2_BCL2combo"}|||Y|metricMASTER_pBCL2_BCL2combo|||||Y
DYNAMIC_METRIC_ID|MASTER_JAYPRICA_CLL_TRIGGER#|NPP_OBU_MASTER_PASSTHROUGH|{"sourcemetricname":"CLL_BTK_NTS"}|||Y|metricMASTER_CLL_BTK_NTS|||||Y
DYNAMIC_METRIC_ID|MASTER_JAYPRICA_CLL_TRIGGER#|NPP_OBU_MASTER_PASSTHROUGH|{"sourcemetricname":"cBTKi1_to_cBTKi2"}|||Y|metricMASTER_cBTKi1_to_cBTKi2|||||Y
DYNAMIC_METRIC_ID|MASTER_JAYPRICA_CLL_TRIGGER#|NPP_OBU_MASTER_PASSTHROUGH|{"sourcemetricname":"pat_prog_more_visit"}|||Y|metricMASTER_pat_prog_more_visit|||||Y
DYNAMIC_METRIC_ID|MASTER_VERZENIO_MBC_TRIGGER#|NPP_OBU_MASTER_PASSTHROUGH|{"sourcemetricname":"MBC_FULV_KISQ"}|||Y|metricMASTER_MBC_FULV_KISQ|||||Y
DYNAMIC_METRIC_ID|MASTER_VERZENIO_MBC_TRIGGER#|NPP_OBU_MASTER_PASSTHROUGH|{"sourcemetricname":"MBC_FULV_VERZ"}|||Y|metricMASTER_MBC_FULV_VERZ|||||Y
DYNAMIC_METRIC_ID|MASTER_VERZENIO_MBC_TRIGGER#|NPP_OBU_MASTER_PASSTHROUGH|{"sourcemetricname":"verzenio_nbrx"}|||Y|metricMASTER_MBC_VERZENIO_NBRX|||||Y
DYNAMIC_METRIC_ID|MASTER_VERZENIO_MBC_TRIGGER#|NPP_OBU_MASTER_PASSTHROUGH|{"sourcemetricname":"kisqali_nbrx"}|||Y|metricMASTER_MBC_KISQALI_NBRX|||||Y
DYNAMIC_METRIC_ID|MASTER_VERZENIO_MBC_TRIGGER#|NPP_OBU_MASTER_PASSTHROUGH|{"sourcemetricname":"ibrance_nbrx"}|||Y|metricMASTER_MBC_IBRANCE_NBRX|||||Y
DYNAMIC_METRIC_ID|MASTER_VERZENIO_MBC_TRIGGER#|NPP_OBU_MASTER_PASSTHROUGH|{"sourcemetricname":"MBC_NEW_DIAG_CCC"}|||Y|metricMASTER_MBC_NEW_DIAG_CCC|||||Y
DYNAMIC_METRIC_ID|MASTER_VERZENIO_MBC_TRIGGER#|NPP_OBU_MASTER_PASSTHROUGH|{"sourcemetricname":"MBC_VERZ_MONO"}|||Y|metricMASTER_MBC_VERZ_MONO|||||Y
DYNAMIC_METRIC_ID|MASTER_VERZENIO_MBC_TRIGGER#|NPP_OBU_MASTER_PASSTHROUGH|{"sourcemetricname":"MBC_AI_VERZ"}|||Y|metricMASTER_MBC_AI_VERZ|||||Y
DYNAMIC_METRIC_ID|MASTER_JAYPRICA_MCL_TRIGGER#|NPP_OBU_MASTER_PASSTHROUGH|{"sourcemetricname":"JAYPIRCA_NBRx"}|||Y|metricMASTER_MCL_JAYPIRCA_NBRx|||||Y
DYNAMIC_METRIC_ID|MASTER_JAYPRICA_MCL_TRIGGER#|NPP_OBU_MASTER_PASSTHROUGH|{"sourcemetricname":"BTKi_Dosing"}|||Y|metricMASTER_MCL_BTKi_DOSING|||||Y
DYNAMIC_METRIC_ID|MASTER_JAYPRICA_MCL_TRIGGER#|NPP_OBU_MASTER_PASSTHROUGH|{"sourcemetricname":"MCL_SECOND_BTK_IMBRUVICA"}|||Y|metricMASTER_MCL_SECOND_BTK_IMBRUVICA|||||Y
DYNAMIC_METRIC_ID|MASTER_JAYPRICA_MCL_TRIGGER#|NPP_OBU_MASTER_PASSTHROUGH|{"sourcemetricname":"MCL_SECOND_BTK_CALQUENCE"}|||Y|metricMASTER_MCL_SECOND_BTK_CALQUENCE|||||Y
DYNAMIC_METRIC_ID|MASTER_JAYPRICA_MCL_TRIGGER#|NPP_OBU_MASTER_PASSTHROUGH|{"sourcemetricname":"MCL_SECOND_BTK_BRUKINSA"}|||Y|metricMASTER_MCL_SECOND_BTK_BRUKINSA|||||Y
DYNAMIC_METRIC_ID|MASTER_JAYPRICA_MCL_TRIGGER#|NPP_OBU_MASTER_PASSTHROUGH|{"sourcemetricname":"MCL_BTK_NTS"}|||Y|metricMASTER_MCL_BTK_NTS|||||Y
DYNAMIC_METRIC_ID|MASTER_VERZENIO_EBC_TRIGGER#|NPP_OBU_MASTER_PASSTHROUGH|{"sourcemetricname":"EBC_HIGH_RISK"}|||Y|metricMASTER_EBC_HIGH_RISK|||||Y
DYNAMIC_METRIC_ID|MASTER_VERZENIO_EBC_TRIGGER#|NPP_OBU_MASTER_PASSTHROUGH|{"sourcemetricname":"2nd_fill_abandonment"}|||Y|metricMASTER_2ND_FILL_ABANDONMENT_NBA|||||Y
DYNAMIC_METRIC_ID|MASTER_AIML_TRIGGER#|NPP_OBU_MASTER_PASSTHROUGH|{"sourcemetricname":"CDK_LI"}|||Y|metricCDK_LI|||||Y
DYNAMIC_METRIC_ID|MASTER_JAYPRICA_CLL_TRIGGER#|NPP_OBU_MASTER_PASSTHROUGH|{"sourcemetricname":"BTK_Post_BCL2"}|||Y|metricMASTER_BTK_Post_BCL2|||||Y
DYNAMIC_METRIC_ID|MASTER_JAYPRICA_CLL_TRIGGER#|NPP_OBU_MASTER_PASSTHROUGH|{"sourcemetricname":"BCL2_Dosing"}|||Y|metricMASTER_BCL2_DOSING|||||Y
DYNAMIC_METRIC_ID|MASTER_JAYPRICA_CLL_TRIGGER#|NPP_OBU_MASTER_PASSTHROUGH|{"sourcemetricname":"No_Dispensed_Claim_90days_RNTBA"}|||Y|metricMASTER_NO_DISPENSED_CLAIM_90DAYS_RNTBA|||||Y
DYNAMIC_METRIC_ID|MASTER_JAYPRICA_CLL_TRIGGER#|NPP_OBU_MASTER_PASSTHROUGH|{"sourcemetricname":"No_Dispensed_Claim_150days_RNTBA"}|||Y|metricMASTER_NO_DISPENSED_CLAIM_150DAYS_RNTBA|||||Y
DYNAMIC_METRIC_ID|MASTER_VERZENIO_EBC_SEGMENT#|SEG_OBU_VERZENIO_EBC|{"sourcename":"verzenio_brand_priority"}|||Y|LILLY_VERZENIO_BRAND_PRIORITY|||||NA
DYNAMIC_METRIC_ID|MASTER_VERZENIO_EBC_TRIGGER#|NPP_OBU_MASTER_PASSTHROUGH|{"sourcemetricname":"verzenio_nbrx"}|||Y|metricMASTER_EBC_VERZENIO_NBRX|||||Y
DYNAMIC_METRIC_ID|MASTER_VERZENIO_EBC_TRIGGER#|NPP_OBU_MASTER_PASSTHROUGH|{"sourcemetricname":"kisqali_nbrx"}|||Y|metricMASTER_EBC_KISQALI_NBRX|||||Y
DYNAMIC_METRIC_ID|MASTER_VERZENIO_EBC_TRIGGER#|NPP_OBU_MASTER_PASSTHROUGH|{"sourcemetricname":"ibrance_nbrx"}|||Y|metricMASTER_EBC_IBRANCE_NBRX|||||Y
DYNAMIC_METRIC_ID|MASTER_JAYPRICA_CLL_TRIGGER#|NPP_OBU_MASTER_PASSTHROUGH|{"sourcemetricname":"JAYPIRCA_NBRx"}|||Y|metricMASTER_CLL_JAYPIRCA_NBRx|||||Y
DYNAMIC_METRIC_ID|MASTER_JAYPRICA_CLL_TRIGGER#|NPP_OBU_MASTER_PASSTHROUGH|{"sourcemetricname":"BTKi_Dosing"}|||Y|metricMASTER_CLL_BTKi_DOSING|||||Y
DYNAMIC_METRIC_ID|MASTER_JAYPRICA_DERIVED_CLL_MCL_TRIGGER#|NPP_OBU_MASTER_DERIVED|{"sourcemetricname":"MCL_BTK_NTS"}|||Y|metricMASTER_DERIVED_JAY_CLL_MCL_BTK_NTS|||||Y
DYNAMIC_METRIC_ID|ALZ_week_Triggers#|NPP_ALZ_PASSTHROUGH_Week|{"sourcemetricname":"DONA_NBRX_12M"}|||Y|metricDONA_NBRX_12M|||||Y
DYNAMIC_METRIC_ID|ALZ_week_Triggers#|NPP_ALZ_PASSTHROUGH_Week|{"sourcemetricname":"Days_from_First_Kisunla_NBRx_Date"}|||Y|metricDAYS_FROM_FIRST_KISUNLA_NBRX_DATE|||||Y
DYNAMIC_METRIC_ID|ALZ_week_Triggers#|NPP_ALZ_PASSTHROUGH_Week|{"sourcemetricname":"days_from_amyloid_pet_first_prescribing_date"}|||Y|metricDAYS_FROM_AMYLOID_PET_FIRST_PRESCRIBING_DATE|||||Y
DYNAMIC_METRIC_ID|ALZ_week_Triggers#|NPP_ALZ_PASSTHROUGH_Week|{"sourcemetricname":"DONA_NBRX_3M "}|||Y|metricDONA_NBRX_3M|||||Y
DYNAMIC_METRIC_ID|ALZ_week_Triggers#|NPP_ALZ_PASSTHROUGH_Week|{"sourcemetricname":"ANTI_AMYL_THER_12M"}|||Y|metricANTI_AMYL_THER_12M|||||Y
DYNAMIC_METRIC_ID|ALZ_week_Triggers_BackfillZero#|NPP_ALZ_PASSTHROUGH_Week_BackfillZero|{"sourcemetricname":"AMYL_PET_3M"}|||Y|metricAMYL_PET_3M|||||Y
DYNAMIC_METRIC_ID|ALZ_week_Triggers_BackfillZero#|NPP_ALZ_PASSTHROUGH_Week_BackfillZero|{"sourcemetricname":"AD_BIOMARKER_12M"}|||Y|metricAD_BIOMARKER_12M|||||Y
DYNAMIC_METRIC_ID|ALZ_week_Triggers_BackfillZero#|NPP_ALZ_PASSTHROUGH_Week_BackfillZero|{"sourcemetricname":"apoe_low_1m"}|||Y|metricAPOE_LOW_1M|||||Y
DYNAMIC_METRIC_ID|ALZ_week_Triggers_BackfillZero#|NPP_ALZ_PASSTHROUGH_Week_BackfillZero|{"sourcemetricname":"CSF_PX_3M"}|||Y|metricCSF_PX_3M|||||Y
DYNAMIC_METRIC_ID|ALZ_week_Triggers_BackfillZero#|NPP_ALZ_PASSTHROUGH_Week_BackfillZero|{"sourcemetricname":"LECA_NBRX_3M "}|||Y|metricLECA_NBRX_3M|||||Y
DYNAMIC_METRIC_ID|ALZ_SEG_TRIGGER#|SEG_ALZ_KISUNLA|{"sourcename":"veeva_survey1"}|||Y|LILLY_VEEVA_SURVEY_1|||||NA
DYNAMIC_METRIC_ID|ALZ_SEG_TRIGGER#|SEG_ALZ_KISUNLA|{"sourcename":"veeva_survey2"}|||Y|LILLY_VEEVA_SURVEY_2|||||NA
DYNAMIC_METRIC_ID|MOUNJARO_TRIGGER#|NPP_LDO_PASSTHROUGH_MONTH|{"sourcemetricname":"total_switches_after_met_26w"}|||Y|metricTOTAL_SWITCHES_AFTER_MET_26W|||||Y
DYNAMIC_METRIC_ID|MOUNJARO_TRIGGER_PERC#|NPP_LDO_PASSTHROUGH_MONTH|{"sourcemetricname":"generic_dpp4_after_met_sh_26w"}|||Y|metricGENERIC_DPP4_AFTER_MET_SH_26W_PERC|||||Y
DYNAMIC_METRIC_ID|MOUNJARO_TRIGGER_PERC#|NPP_LDO_PASSTHROUGH_MONTH|{"sourcemetricname":"basal_after_met_sh_26w"}|||Y|metricBASAL_AFTER_MET_SH_26W_PERC|||||Y
DYNAMIC_METRIC_ID|MOUNJARO_TRIGGER_PERC#|NPP_LDO_PASSTHROUGH_MONTH|{"sourcemetricname":"glp1_after_met_sh_26w"}|||Y|metricGLP1_AFTER_MET_SH_26W_PERC|||||Y
DYNAMIC_METRIC_ID|MOUNJARO_TRIGGER_PERC#|NPP_LDO_PASSTHROUGH_MONTH|{"sourcemetricname":"sglt2_after_met_sh_26w"}|||Y|metricSGLT2_AFTER_MET_SH_26W_PERC|||||Y
DYNAMIC_METRIC_ID|MOUNJARO_TRIGGER_PERC#|NPP_LDO_PASSTHROUGH_MONTH|{"sourcemetricname":"mnj_nbrx_switches_sh_8w"}|||Y|metricMNJ_NBRX_SWITCHES_SH_8W_PERC|||||Y
DYNAMIC_METRIC_ID|MOUNJARO_TRIGGER#|NPP_LDO_PASSTHROUGH_MONTH|{"sourcemetricname":"no_mnj_nbrx_p26w"}|||Y|metricNO_MNJ_NBRX_P26W|||||Y
DYNAMIC_METRIC_ID|MOUNJARO_TRIGGER#|NPP_LDO_PASSTHROUGH_MONTH|{"sourcemetricname":"mnj_nbrx_4w"}|||Y|metricMNJ_NBRX_4W|||||Y
DYNAMIC_METRIC_ID|MOUNJARO_TRIGGER#|NPP_LDO_PASSTHROUGH_MONTH|{"sourcemetricname":"ozp_nts_glp_13w"}|||Y|metricOZP_NTS_GLP_13W|||||Y
DYNAMIC_METRIC_ID|MOUNJARO_TRIGGER_PERC#|NPP_LDO_PASSTHROUGH_MONTH|{"sourcemetricname":"ozp_nts_som_glp_tot_13w"}|||Y|metricOZP_NTS_SOM_GLP_TOT_13W_PERC|||||Y
DYNAMIC_METRIC_ID|ZEPBOUND_TRIGGER#|NPP_LDO_PASSTHROUGH_MONTH|{"sourcemetricname":"injaom_nbrx_26w"}|||Y|metricINJAOM_NBRX_26W|||||N
DYNAMIC_METRIC_ID|ZEPBOUND_TRIGGER#|NPP_LDO_PASSTHROUGH_MONTH|{"sourcemetricname":"sleep_patients_26w"}|||Y|metricSLEEP_PATIENTS_26W_CWM|||||N
DYNAMIC_METRIC_ID|LDO_ZEPBOUND_SEG#|SEG_LDO_ZEPBOUND|{"sourcemetricname":"behavioral_segment"}|||Y|LILLY_DT_BEHAVIORAL_SEGMENT|||||NA
DYNAMIC_METRIC_ID|ZEPBOUND_OSA_TRIGGER#|NPP_LDO_PASSTHROUGH_MONTH|{"sourcemetricname":"sleep_patients_26w"}|||Y|metricSLEEP_PATIENTS_26W_OSA|||||Y
DYNAMIC_METRIC_ID|TALTZ_PSO_TRIGGER_SPECIFIC#|NPP_BMBU_PASSTHROUGH_WEEK|{"sourcemetricname":"PSA_IL23_PSO_PSA_CMRBD_PATS_30D"}|||Y|metricPSA_IL23_PSO_PSA_CMRBD_PATS_30D|||||N
DYNAMIC_METRIC_ID|TALTZ_PSO_TRIGGER_SPECIFIC#|NPP_BMBU_PASSTHROUGH_WEEK|{"sourcemetricname":"PSA_IL23_PSO_PSA_CMRBD_NBRX_30D"}|||Y|metricPSA_IL23_PSO_PSA_CMRBD_NBRX_30D|||||N
DYNAMIC_METRIC_ID|TALTZ_PSA_TRIGGER#|NPP_BMBU_PASSTHROUGH_WEEK|{"sourcemetricname":"AXSPA_NBRX_EXCL_TLZ_60D"}|||Y|metricAXSPA_NBRX_EXCL_TLZ_60D|||||N
DYNAMIC_METRIC_ID|TALTZ_PSA_TRIGGER#|NPP_BMBU_PASSTHROUGH_WEEK|{"sourcemetricname":"PSA_IL23_PATS_30D"}|||Y|metricPSA_IL23_PATS_30D|||||N
DYNAMIC_METRIC_ID|TALTZ_PSA_TRIGGER#|NPP_BMBU_PASSTHROUGH_WEEK|{"sourcemetricname":"PSA_IL23_NBRX_30D"}|||Y|metricPSA_IL23_NBRX_30D|||||N
DYNAMIC_METRIC_ID|TALTZ_PSA_TRIGGER#|NPP_BMBU_PASSTHROUGH_WEEK|{"sourcemetricname":"PSA_IL17_23_NBRX_90D"}|||Y|metricPSA_IL17_23_NBRX_90D|||||N
DYNAMIC_METRIC_ID|TALTZ_PSA_TRIGGER#|NPP_BMBU_PASSTHROUGH_WEEK|{"sourcemetricname":"PSA_IL17_23_NBRX_90D_EXCL_180D"}|||Y|metricPSA_IL17_23_NBRX_90D_EXCL_180D|||||N
DYNAMIC_METRIC_ID|TALTZ_PSA_TRIGGER#|NPP_BMBU_PASSTHROUGH_WEEK|{"sourcemetricname":"PSA_IL17_NBRX_SOM_IL17_23_DIFF"}|||Y|metricPSA_IL17_NBRX_SOM_IL17_23_DIFF|||||N
DYNAMIC_METRIC_ID|MASTER_VERZENIO_EBC_TRIGGER#|NPP_OBU_MASTER_PASSTHROUGH|{"sourcemetricname":"high_risk_vz_nbrx_1_3_node"}|||Y|metricMASTER_HIGH_RISK_VZ_NBRX_1_3_NODE|||||Y
DYNAMIC_METRIC_ID|MASTER_VERZENIO_EBC_TRIGGER#|NPP_OBU_MASTER_PASSTHROUGH|{"sourcemetricname":"high_risk_vz_nbrx_4_plus_node"}|||Y|metricMASTER_HIGH_RISK_VZ_NBRX_4_PLUS_NODE|||||Y
DYNAMIC_METRIC_ID|MASTER_VERZENIO_EBC_TRIGGER#|NPP_OBU_MASTER_PASSTHROUGH|{"sourcemetricname":"non_high_risk_vz_nbrx"}|||Y|metricMASTER_NON_HIGH_RISK_VZ_NBRX|||||Y
DYNAMIC_METRIC_ID|MASTER_VERZENIO_EBC_TRIGGER#|NPP_OBU_MASTER_PASSTHROUGH|{"sourcemetricname":"high_risk_kq_nbrx_1_3_node"}|||Y|metricMASTER_HIGH_RISK_KQ_NBRX_1_3_NODE|||||Y
DYNAMIC_METRIC_ID|MASTER_VERZENIO_EBC_TRIGGER#|NPP_OBU_MASTER_PASSTHROUGH|{"sourcemetricname":"high_risk_kq_nbrx_4_plus_node"}|||Y|metricMASTER_HIGH_RISK_KQ_NBRX_4_PLUS_NODE|||||Y
DYNAMIC_METRIC_ID|MASTER_VERZENIO_EBC_TRIGGER#|NPP_OBU_MASTER_PASSTHROUGH|{"sourcemetricname":"non_high_risk_kq_nbrx"}|||Y|metricMASTER_NON_HIGH_RISK_KQ_NBRX|||||Y
DYNAMIC_METRIC_ID|MASTER_VERZENIO_EBC_TRIGGER#|NPP_OBU_MASTER_PASSTHROUGH|{"sourcemetricname":"high_risk_ib_nbrx_1_3_node"}|||Y|metricMASTER_HIGH_RISK_IB_NBRX_1_3_NODE|||||Y
DYNAMIC_METRIC_ID|MASTER_VERZENIO_EBC_TRIGGER#|NPP_OBU_MASTER_PASSTHROUGH|{"sourcemetricname":"high_risk_ib_nbrx_4_plus_node"}|||Y|metricMASTER_HIGH_RISK_IB_NBRX_4_PLUS_NODE|||||Y
DYNAMIC_METRIC_ID|MASTER_VERZENIO_EBC_TRIGGER#|NPP_OBU_MASTER_PASSTHROUGH|{"sourcemetricname":"non_high_risk_ib_nbrx"}|||Y|metricMASTER_NON_HIGH_RISK_IB_NBRX|||||Y
DYNAMIC_METRIC_ID|MASTER_JAYPRICA_CLL_TRIGGER#|NPP_OBU_MASTER_PASSTHROUGH|{"sourcemetricname":"Lymph_Doubling"}|||Y|metricMASTER_LYMPH_DOUBLING|||||Y
DYNAMIC_METRIC_ID|MASTER_JAYPRICA_CLL_TRIGGER#|NPP_OBU_MASTER_PASSTHROUGH|{"sourcemetricname":"concordant_pats"}|||Y|metricMASTER_JAY_CLL_CONCORDANT_PTS|||||Y
DYNAMIC_METRIC_ID|MASTER_JAYPRICA_CLL_TRIGGER#|NPP_OBU_MASTER_PASSTHROUGH|{"sourcemetricname":"nonconcordant_pats"}|||Y|metricMASTER_JAY_CLL_NONCONCORDANT_PTS|||||Y
DYNAMIC_METRIC_ID|MASTER_JAYPRICA_CLL_TRIGGER#|NPP_OBU_MASTER_PASSTHROUGH|{"sourcemetricname":"concordant_pats_zip"}|||Y|metricMASTER_JAY_CLL_CONCORDANT_PTS_ZIP|||||Y
DYNAMIC_METRIC_ID|MASTER_JAYPRICA_CLL_TRIGGER#|NPP_OBU_MASTER_PASSTHROUGH|{"sourcemetricname":"nonconcordant_pats_zip"}|||Y|metricMASTER_JAY_CLL_NONCONCORDANT_PTS_ZIP|||||Y
DYNAMIC_METRIC_ID|MASTER_JAYPIRCA_CLL_DERIVED_TRIGGER#|NPP_OBU_MASTER_DERIVED|{"sourcemetricname":"nonconcordant_pats"}|||Y|derived_jay_cll_nonconcordant_pts|||||N
DYNAMIC_METRIC_ID|MASTER_JAYPIRCA_CLL_DERIVED_TRIGGER#|NPP_OBU_MASTER_DERIVED|{"sourcemetricname":"concordant_pats"}|||Y|derived_jay_cll_concordant_pts|||||N
DYNAMIC_METRIC_ID|MASTER_JAYPIRCA_CLL_ZIP_DERIVED_TRIGGER#|NPP_OBU_MASTER_DERIVED|{"sourcemetricname":"nonconcordant_pats_zip"}|||Y|derived_jay_cll_nonconcordant_pts_zip|||||N
DYNAMIC_METRIC_ID|MASTER_JAYPIRCA_CLL_ZIP_DERIVED_TRIGGER#|NPP_OBU_MASTER_DERIVED|{"sourcemetricname":"concordant_pats_zip"}|||Y|derived_jay_cll_concordant_pts_zip|||||N
DYNAMIC_METRIC_ID|MASTER_VERZENIO_EBC_RISK_DERIVED_TRIGGER#|NPP_OBU_MASTER_DERIVED|{"sourcemetricname":"high_risk_vz_nbrx_1_3_node"}|||Y|derived_high_risk_vz_nbrx_1_3_node|||||N
DYNAMIC_METRIC_ID|MASTER_VERZENIO_EBC_RISK_DERIVED_TRIGGER#|NPP_OBU_MASTER_DERIVED|{"sourcemetricname":"high_risk_vz_nbrx_4_plus_node"}|||Y|derived_high_risk_vz_nbrx_4_plus_node|||||N
DYNAMIC_METRIC_ID|MASTER_VERZENIO_EBC_RISK_DERIVED_TRIGGER#|NPP_OBU_MASTER_DERIVED|{"sourcemetricname":"non_high_risk_vz_nbrx"}|||Y|derived_non_high_risk_vz_nbrx|||||N
DYNAMIC_METRIC_ID|MASTER_VERZENIO_EBC_RISK_DERIVED_TRIGGER#|NPP_OBU_MASTER_DERIVED|{"sourcemetricname":"high_risk_kq_nbrx_1_3_node"}|||Y|derived_high_risk_kq_nbrx_1_3_node|||||N
DYNAMIC_METRIC_ID|MASTER_VERZENIO_EBC_RISK_DERIVED_TRIGGER#|NPP_OBU_MASTER_DERIVED|{"sourcemetricname":"high_risk_kq_nbrx_4_plus_node"}|||Y|derived_high_risk_kq_nbrx_4_plus_node|||||N
DYNAMIC_METRIC_ID|MASTER_VERZENIO_EBC_RISK_DERIVED_TRIGGER#|NPP_OBU_MASTER_DERIVED|{"sourcemetricname":"non_high_risk_kq_nbrx"}|||Y|derived_non_high_risk_kq_nbrx|||||N
DYNAMIC_METRIC_ID|MASTER_VERZENIO_EBC_RISK_DERIVED_TRIGGER#|NPP_OBU_MASTER_DERIVED|{"sourcemetricname":"high_risk_ib_nbrx_1_3_node"}|||Y|derived_high_risk_ib_nbrx_1_3_node|||||N
DYNAMIC_METRIC_ID|MASTER_VERZENIO_EBC_RISK_DERIVED_TRIGGER#|NPP_OBU_MASTER_DERIVED|{"sourcemetricname":"high_risk_ib_nbrx_4_plus_node"}|||Y|derived_high_risk_ib_nbrx_4_plus_node|||||N
DYNAMIC_METRIC_ID|MASTER_VERZENIO_EBC_RISK_DERIVED_TRIGGER#|NPP_OBU_MASTER_DERIVED|{"sourcemetricname":"non_high_risk_ib_nbrx"}|||Y|derived_non_high_risk_ib_nbrx|||||N
DYNAMIC_METRIC_ID|TALTZ_PSA_PAYER_NAME_TRIGGER#|SEG_TALTZ_PSA_PAYER_NAME_TRIGGER|{"sourcename":"payer_name_trigger"}|||N|LILLY_PAYER_NAME_TRIGGER_RHEUM|||||NA
DYNAMIC_METRIC_ID|TALTZ_PSO_PAYER_NAME_TRIGGER#|SEG_TALTZ_PSO_PAYER_NAME_TRIGGER|{"sourcename":"payer_name_trigger"}|||N|LILLY_PAYER_NAME_TRIGGER_DERM|||||NA
DYNAMIC_METRIC_ID|TALTZ_PSA_TRIGGER2#|NPP_BMBU_PASSTHROUGH_WEEK|{"sourcemetricname":"GENERIC_PAYER_FLAG_TRIGGER"}|||N|metricGENERIC_PAYER_FLAG_TRIGGER_RHEUM|||||Y
DYNAMIC_METRIC_ID|TALTZ_PSO_TRIGGER2#|NPP_BMBU_PASSTHROUGH_WEEK|{"sourcemetricname":"GENERIC_PAYER_FLAG_TRIGGER"}|||N|metricGENERIC_PAYER_FLAG_TRIGGER_DERM|||||Y
DYNAMIC_METRIC_ID|ALZ_week_Triggers_BackfillZero#|NPP_ALZ_PASSTHROUGH_Week_BackfillZero|{"sourcemetricname":"BLOOD_DX_3M"}|||Y|metricBLOOD_DX_3M|||||Y
DYNAMIC_METRIC_ID|ALZ_week_Triggers_BackfillZero#|NPP_ALZ_PASSTHROUGH_Week_BackfillZero|{"sourcemetricname":"BLOOD_HIGH_3M"}|||Y|metricBLOOD_HIGH_3M|||||Y
DYNAMIC_METRIC_ID|ALZ_week_Triggers_BackfillZero#|NPP_ALZ_PASSTHROUGH_Week_BackfillZero|{"sourcemetricname":"AD_BIOMARKER_6M"}|||Y|metricAD_BIOMARKER_6M|||||Y
DYNAMIC_METRIC_ID|ZEPBOUND_TRIGGER#|NPP_LDO_PASSTHROUGH_MONTH|{"sourcemetricname":"zep_nbrx_4w"}|||Y|metricZEP_NBRX_4W|||||N
DYNAMIC_METRIC_ID|ZEPBOUND_TRIGGER#|NPP_LDO_PASSTHROUGH_MONTH|{"sourcemetricname":"first_zep_nbrx_flag_4w"}|||Y|metricFIRST_ZEP_NBRX_FLAG_4W|||||N
DYNAMIC_METRIC_ID|MOUNJARO_TRIGGER#|NPP_LDO_PASSTHROUGH_MONTH|{"sourcemetricname":"total_met_pats_added_to_incretin_26w"}|||Y|metricTOTAL_MET_PATS_ADDED_TO_INCRETIN_26W|||||Y
DYNAMIC_METRIC_ID|MOUNJARO_TRIGGER#|NPP_LDO_PASSTHROUGH_MONTH|{"sourcemetricname":"met_pats_more_than_1_yr_26w"}|||Y|metricMET_PATS_MORE_THAN_1_YR_26W|||||Y
DYNAMIC_METRIC_ID|MOUNJARO_TRIGGER#|NPP_LDO_PASSTHROUGH_MONTH|{"sourcemetricname":"ozm_low_dose_pts_13w"}|||N|metricOZM_LOW_DOSE_PTS_13W|||||N
DYNAMIC_METRIC_ID|MOUNJARO_TRIGGER#|NPP_LDO_PASSTHROUGH_MONTH|{"sourcemetricname":"pt_met_dos_grt_1_yr_13w"}|||Y|metricPT_MET_DOS_GRT_1_YR_13W|||||Y
DYNAMIC_METRIC_ID|MOUNJARO_TRIGGER#|NPP_LDO_PASSTHROUGH_MONTH|{"sourcemetricname":"met_max_pats_sw_ozm_13w"}|||Y|metricMET_MAX_PATS_SW_OZM_13W|||||Y
DYNAMIC_METRIC_ID|MOUNJARO_TRIGGER#|NPP_LDO_PASSTHROUGH_MONTH|{"sourcemetricname":"met_max_pats_sw_glp1_13w"}|||Y|metricMET_MAX_PATS_SW_GLP1_13W|||||Y
DYNAMIC_METRIC_ID|MOUNJARO_TRIGGER_PERC#|NPP_LDO_PASSTHROUGH_MONTH|{"sourcemetricname":"mnj_nts_som_13w"}|||Y|metricMNJ_NTS_SOM_13W_PERC|||||Y
DYNAMIC_METRIC_ID|MASTER_JAYPRICA_CLL_TRIGGER#|NPP_OBU_MASTER_PASSTHROUGH|{"sourcemetricname":"CLL_2L_SIXMO_LOT"}|||Y|metricMASTER_CLL_2L_SIXMO_LOT|||||N
DYNAMIC_METRIC_ID|MASTER_VERZENIO_EBC_TRIGGER#|NPP_OBU_MASTER_PASSTHROUGH|{"sourcemetricname":"vz_hcp_dose_reduction"}|||Y|metricMASTER_EBC_VZ_HCP_DOSE_REDUCTION|||||Y
DYNAMIC_METRIC_ID|MNJ_GA_VST_FLAG_TRIGGER#|NPP_MNJ_GA_PASSTHROUGH|{"sourcemetricname":"hcp_formulary_lookup_loaded"}|||Y|metricMNJ_PRTL_CVRG_SVGS_VST_FLAG|||||N
DYNAMIC_METRIC_ID|MNJ_GA_VST_DATE_TRIGGER#|NPP_MNJ_GA_SEG|{"sourcemetricname":"hcp_formulary_lookup_loaded"}|||Y|LILLY_MNJ_PRTL_CVRG_SVGS_VST_DATE|||||NA
DYNAMIC_METRIC_ID|LEBRI_TRIGGER#|NPP_BMBU_PASSTHROUGH_WEEK|{"sourcemetricname":"ad_mkt_nbrx_0m_3m"}|||Y|metricAD_MKT_NBRX_0M_3M|||||Y
DYNAMIC_METRIC_ID|LEBRI_TRIGGER#|NPP_BMBU_PASSTHROUGH_WEEK|{"sourcemetricname":"ad_mkt_nbrx_3m_6m"}|||Y|metricAD_MKT_NBRX_3M_6M|||||Y
DYNAMIC_METRIC_ID|LEBRI_TRIGGER#|NPP_BMBU_PASSTHROUGH_WEEK|{"sourcemetricname":"ad_jak_adbry_nbrx_som_diff"}|||Y|metricAD_JAK_ADBRY_NBRX_SOM_DIFF|||||Y
DYNAMIC_METRIC_ID|LEBRI_TRIGGER#|NPP_BMBU_PASSTHROUGH_WEEK|{"sourcemetricname":"ebglyss_nbrx_0m_3m"}|||Y|metricEBGLYSS_NBRX_0M_3M|||||Y
DYNAMIC_METRIC_ID|LEBRI_TRIGGER#|NPP_BMBU_PASSTHROUGH_WEEK|{"sourcemetricname":"ebglyss_nbrx_3m_6m"}|||Y|metricEBGLYSS_NBRX_3M_6M|||||Y
DYNAMIC_METRIC_ID|LEBRI_TRIGGER#|NPP_BMBU_PASSTHROUGH_WEEK|{"sourcemetricname":"dupixent_nbrx_0m_3m"}|||Y|metricDUPIXENT_NBRX_0M_3M|||||Y
DYNAMIC_METRIC_ID|LEBRI_TRIGGER#|NPP_BMBU_PASSTHROUGH_WEEK|{"sourcemetricname":"dupixent_nbrx_3m_6m"}|||Y|metricDUPIXENT_NBRX_3M_6M|||||Y
DYNAMIC_METRIC_ID|OMVOH_TRIGGER#|NPP_BMBU_PASSTHROUGH_WEEK|{"sourcemetricname":"UC_TNF_PAT_90D"}|||Y|metricUC_TNF_PAT_90D|||||Y
DYNAMIC_METRIC_ID|OMVOH_TRIGGER#|NPP_BMBU_PASSTHROUGH_WEEK|{"sourcemetricname":"CD_TNF_PAT_90D"}|||Y|metricCD_TNF_PAT_90D|||||Y
DYNAMIC_METRIC_ID|OMVOH_TRIGGER#|NPP_BMBU_PASSTHROUGH_WEEK|{"sourcemetricname":"OMVOH_IV_NBRX"}|||Y|metricOMVOH_IV_NBRX|||||Y
DYNAMIC_METRIC_ID|OMVOH_TRIGGER#|NPP_BMBU_PASSTHROUGH_WEEK|{"sourcemetricname":"OMVOH_PA_REJ_TRX"}|||Y|metricOMVOH_PA_REJ_TRX|||||Y
DYNAMIC_METRIC_ID|OMVOH_PAYER#|NPP_BMBU_PASSTHROUGH_WEEK|{"sourcemetricname":"GENERIC_PAYER_FLAG_TRIGGER"}|||Y|metricGENERIC_PAYER_FLAG_TRIGGER_OMVOH|||||Y
DYNAMIC_METRIC_ID|OMVOH_TRIGGER#|NPP_BMBU_PASSTHROUGH_WEEK|{"sourcemetricname":"OMV_PAT_IV_10W"}|||Y|metricOMV_PAT_IV_10W|||||Y
DYNAMIC_METRIC_ID|OMVOH_TRIGGER#|SEG_OMVOH_TRIGGER|{"sourcename":"UC_COMP_90D"}|||Y|LILLY_UC_COMP_90D|||||NA
DYNAMIC_METRIC_ID|OMVOH_TRIGGER#|SEG_OMVOH_TRIGGER|{"sourcename":"CD_COMP_90D"}|||Y|LILLY_CD_COMP_90D|||||NA
DYNAMIC_METRIC_ID|OMVOH_PAYER#|SEG_OMVOH_PAYER|{"sourcename":"PAYER_NAME_TRIGGER"}|||Y|LILLY_PAYER_NAME_TRIGGER_OMVOH|||||NA
DYNAMIC_METRIC_ID|OMVOH_TRIGGER#|SEG_OMVOH_TRIGGER|{"sourcename":"MOA_SWITCH_90D_MOA_Y"}|||Y|LILLY_MOA_SWITCH_90D_Y|||||NA
DYNAMIC_METRIC_ID|OMVOH_TRIGGER#|SEG_OMVOH_TRIGGER|{"sourcename":"MOA_SWITCH_90D_MOA_Z"}|||Y|LILLY_MOA_SWITCH_90D_Z|||||NA
DYNAMIC_METRIC_ID|OMVOH_TRIGGER#|SEG_OMVOH_TRIGGER|{"sourcename":"OMV_COMP_PRES_INC"}|||Y|LILLY_OMV_COMP_PRES_INC|||||NA
DYNAMIC_METRIC_ID|ZEPBOUND_TRIGGER_PERC#|NPP_LDO_PASSTHROUGH_MONTH|{"sourcemetricname":"zep_inj_aom_nts_change_perc_13w"}|||Y|metricZEP_INJ_AOM_NTS_CHANGE_PERC_13W_PERC|||||N
DYNAMIC_METRIC_ID|MOUNJARO_TRIGGER#|NPP_LDO_PASSTHROUGH_MONTH|{"sourcemetricname":"Ozm_1MG_PTS_13W"}|||Y|metricOZM_1MG_PTS_13W|||||N
DYNAMIC_METRIC_ID|MOUNJARO_TRIGGER#|NPP_LDO_PASSTHROUGH_MONTH|{"sourcemetricname":"OZM_2MG_PTS_13W"}|||Y|metricOZM_2MG_PTS_13W|||||N
DYNAMIC_METRIC_ID|ZEPBOUND_TRIGGER#|NPP_LDO_PASSTHROUGH_MONTH|{"sourcemetricname":"zep_claims_4w"}|||Y|metricZEP_CLAIMS_4W|||||N
DYNAMIC_METRIC_ID|ZEPBOUND_TRIGGER#|NPP_LDO_PASSTHROUGH_MONTH|{"sourcemetricname":"zep_rej_claims_4w"}|||Y|metricZEP_REJ_CLAIMS_4W|||||N
DYNAMIC_METRIC_ID|ZEPBOUND_TRIGGER_PERC#|NPP_LDO_PASSTHROUGH_MONTH|{"sourcemetricname":"zep_rej_rate_4w"}|||Y|metricZEP_REJ_RATE_4W_PERC|||||N
DYNAMIC_METRIC_ID|ZEPBOUND_TRIGGER_PERC#|NPP_LDO_PASSTHROUGH_MONTH|{"sourcemetricname":"zep_rej_pa_claims_share_4w"}|||Y|metricZEP_REJ_PA_CLAIMS_SHARE_4W_PERC|||||N
DYNAMIC_METRIC_ID|ZEPBOUND_TRIGGER_PERC#|NPP_LDO_PASSTHROUGH_MONTH|{"sourcemetricname":"zep_rej_pnc_claims_share_4w"}|||Y|metricZEP_REJ_PNC_CLAIMS_SHARE_4W_PERC|||||N
DYNAMIC_METRIC_ID|ZEPBOUND_TRIGGER_PERC#|NPP_LDO_PASSTHROUGH_MONTH|{"sourcemetricname":"zep_rej_other_claims_share_4w"}|||Y|metricZEP_REJ_OTHER_CLAIMS_SHARE_4W_PERC|||||N
DYNAMIC_METRIC_ID|ZEPBOUND_TRIGGER#|NPP_LDO_PASSTHROUGH_MONTH|{"sourcemetricname":"zep_prev4w_nts"}|||Y|metricZEP_PREV4W_NTS|||||N
DYNAMIC_METRIC_ID|ZEPBOUND_TRIGGER#|NPP_LDO_PASSTHROUGH_MONTH|{"sourcemetricname":"zep_4w_nts"}|||Y|metricZEP_4W_NTS|||||N
DYNAMIC_METRIC_ID|ZEPBOUND_TRIGGER#|NPP_LDO_PASSTHROUGH_MONTH|{"sourcemetricname":"zep_8w_NTS"}|||Y|metricZEP_8W_NTS|||||N
DYNAMIC_METRIC_ID|ZEPBOUND_OSA_TRIGGER#|NPP_LDO_PASSTHROUGH_MONTH|{"sourcemetricname":"FIRST_ZEP_NBRX_FLAG_4W"}|||Y|metricFIRST_ZEP_NBRX_FLAG_4W_OSA|||||N
DYNAMIC_METRIC_ID|ZEPBOUND_OSA_TRIGGER#|NPP_LDO_PASSTHROUGH_MONTH|{"sourcemetricname":"ZEP_NBRX_4W"}|||Y|metricZEP_NBRX_4W_OSA|||||N
DYNAMIC_METRIC_ID|ZEPBOUND_TRIGGER#|NPP_LDO_PASSTHROUGH_MONTH|{"sourcemetricname":"weg_inj_aom_nts_13w"}|||Y|metricWEG_INJ_AOM_NTS_13W|||||N
DYNAMIC_METRIC_ID|ZEPBOUND_TRIGGER#|NPP_LDO_PASSTHROUGH_MONTH|{"sourcemetricname":"tzpo_inj_aom_nts_13w"}|||Y|metricTZPO_INJ_AOM_NTS_13W|||||N
DYNAMIC_METRIC_ID|ZEP_CALL_COUNT_8W#|PP_ZEP_COUNT_CALL|{"sourcemetricname":"ID"}|||Y|metricZEP_COUNT_CALL_8W|||||Y
DYNAMIC_METRIC_ID|MASTER_JAYPRICA_CLL_TRIGGER#|NPP_OBU_MASTER_PASSTHROUGH|{"sourcemetricname":"CLL_2nd_QLOT"}|||Y|metricMASTER_CLL_2nd_QLOT|||||Y
DYNAMIC_METRIC_ID|MASTER_JAYPRICA_CLL_TRIGGER#|NPP_OBU_MASTER_PASSTHROUGH|{"sourcemetricname":"BCL2_rechallenge"}|||Y|metricMASTER_BCL2_rechallenge|||||Y
DYNAMIC_METRIC_ID|MASTER_JAYPRICA_CLL_TRIGGER#|NPP_OBU_MASTER_PASSTHROUGH|{"sourcemetricname":"BTKi_rechallenge"}|||Y|metricMASTER_BTKi_rechallenge|||||Y
DYNAMIC_METRIC_ID|ALZ_week_Triggers_BackfillZero#|NPP_ALZ_PASSTHROUGH_Week_BackfillZero|{"sourcemetricname":"AMYVID_PX_3M"}|||Y|metricAMYVID_PX_3M|||||Y
DYNAMIC_METRIC_ID|LEBRI_TRIGGER#|NPP_BMBU_PASSTHROUGH_WEEK|{"sourcemetricname":"TOTAL_SWITCHES_FROM_EBG_90D"}|||Y|metricTOTAL_SWITCHES_FROM_EBG_90D|||||N
DYNAMIC_METRIC_ID|LEBRI_TRIGGER#|NPP_BMBU_PASSTHROUGH_WEEK|{"sourcemetricname":"NEMO_SWITCH_FROM_DUPI_60D"}|||Y|metricNEMO_SWITCH_FROM_DUPI_60D|||||N
DYNAMIC_METRIC_ID|LEBRI_TRIGGER#|SEG_LEBRI_TRIGGER|{"sourcename":"PRODUCT_SWITCH_FROM_EBG_90D"}|||Y|LILLY_PRODUCT_SWITCH_FROM_EBG_90D|||||NA
