Placeholder_text|Original_Text
LDODT_ES4_MNJ_T2D_03|&lt;br&gt;&lt;b&gt;Recommended Discussion Topics:&lt;/b&gt;&lt;br&gt;&lt;ul&gt;&lt;li&gt;Ask how the results for this patient could&#39;ve been different if they were started on Mounjaro first&lt;br&gt;&lt;li&gt;Every dose is SUPERIOR to Ozempic 1mg* for A1C reduction, starting at 5mg dose&lt;br&gt;&lt;li&gt;SUPERIOR weight reduction&lt;br&gt;&lt;li&gt;Share Mounjaro WORKS DIFFERENTLY than a GLP-1 RA&lt;br&gt;&lt;li&gt;Share 6.5% and 5.7% Composite Data&lt;/ul&gt;&lt;br&gt;&lt;b&gt;Recommended Resources:&lt;/b&gt;&lt;br&gt;&lt;ul&gt;&lt;li&gt;A1C &lt;7% and &lt;=5.7% Core VAE&lt;br&gt;&lt;li&gt;MOA Core VAE&lt;br&gt;&lt;li&gt;MOA Video&lt;/ul&gt;
LDODT_ES4_MNJ_T2D_05|&lt;br&gt;&lt;b&gt;Recommended Discussion Topics:&lt;/b&gt;&lt;br&gt;&lt;ul&gt;&lt;li&gt;Uncover any efficacy or supply limiting beliefs for a patient with an A1C of 7.5-8.5%&lt;br&gt;&lt;li&gt;Consider asking: In your experience, how different is Mounjaro&#39;s A1C &amp; weight reduction compared to Ozempic for a patient with an A1C of 7.5-8.5% ?&lt;br&gt;&lt;li&gt;Every dose is SUPERIOR to Ozempic 1mg* for A1C reduction, starting at 5mg dose&lt;br&gt;&lt;li&gt;SUPERIOR weight reduction&lt;br&gt;&lt;li&gt;Share Mounjaro WORKS DIFFERENTLY than a GLP-1 RA&lt;br&gt;&lt;li&gt;Share 6.5% and 5.7% Composite Data&lt;/ul&gt;&lt;br&gt;&lt;b&gt;Recommended Resources:&lt;/b&gt;&lt;br&gt;&lt;ul&gt;&lt;li&gt;A1C/Weight Core VAE &lt;/ul&gt;
LDODT_ES4_MNJ_T2D_08|&lt;br&gt;&lt;b&gt;Recommended Discussion Topics:&lt;/b&gt;&lt;br&gt;&lt;ul&gt;&lt;li&gt;Uncover if the HCP believes Mounjaro has SUPERIOR A1C and weight reduction: In your experience, how different is Mounjaro&#39;s A1C &amp; weight reduction compared to Ozempic for a patient with an A1C of 7.5-8.5% ?&lt;br&gt;&lt;li&gt; For Staff: Utilize your formulary IVA to call out top plans and build confidence in the HCP&#39;s % PREFERRED access&lt;/ul&gt;&lt;br&gt;&lt;b&gt;Recommended Resources:&lt;/b&gt;&lt;br&gt;&lt;ul&gt;&lt;li&gt;Mounjaro - Favorable Access for IVA&lt;/ul&gt;
LDODT_ES4_MNJ_T2D_12|&lt;br&gt;&lt;b&gt;Recommended Discussion Topics:&lt;/b&gt;&lt;br&gt;&lt;ul&gt;&lt;li&gt;In your experience, how different is Mounjaro&#39;s A1C weight reduction compared to Ozempic for a patient with an A1C of 7.5-8.5% ?&lt;br&gt;&lt;li&gt;Every Dose is SUPERIOR to Ozempic 1mg* for A1C reduction, starting at 5mg dose&lt;br&gt;&lt;li&gt;SUPERIOR weight reduction&lt;br&gt;&lt;li&gt;Share Mounjaro WORKS DIFFERENTLY than a GLP-1 RA&lt;br&gt;&lt;li&gt;Share the A1C Threshold data (&lt;7%,&lt;=6.5%, &lt;5.7%)&lt;br&gt;&lt;li&gt;Share 6.5% and 5.7% Composite Data&lt;/ul&gt;&lt;br&gt;&lt;b&gt;Recommended Resources:&lt;/b&gt;&lt;br&gt;&lt;ul&gt;&lt;li&gt;A1C/Weight Core VAE&lt;br&gt;&lt;li&gt;For Staff : Utilize your formulary IVA to call out top plans and build confidence on the HCP&#39;s % PREFERRED access&lt;/ul&gt;
LDODT_ES4_MNJ_T2D_13|&lt;br&gt;&lt;b&gt;Recommended Discussion Topics:&lt;/b&gt;&lt;br&gt;&lt;ul&gt;&lt;li&gt;After engaging in an efficacy discussion utilize your formulary IVA to call out top plans and build confidence in the HCP&#39;s % PREFERRED access&lt;br&gt;&lt;li&gt;Look at Tableau and call out HCP&#39;s top two plans with the biggest opportunity&lt;/ul&gt;&lt;br&gt;&lt;b&gt;Recommended Resources:&lt;/b&gt;&lt;br&gt;&lt;ul&gt;&lt;li&gt;Mounjaro - Medicare for IVA&lt;br&gt;&lt;li&gt;Follow up with plan specific VAE for biggest opportunity plan&lt;/ul&gt;
LDODT_MNJ_DT_01|&lt;br&gt;&lt;b&gt;Recommended Discussion Topics:&lt;/b&gt;&lt;br&gt;&lt;ul&gt;&lt;li&gt;Consider utilizing unbranded section to create tension to treat early and intensively&lt;br&gt;&lt;li&gt;Uncover next steps and goals for patients with T2D on metformin&lt;br&gt;&lt;li&gt;Share every dose is SUPERIOR to Ozempic 1mg* for A1C reduction, starting at 5mg dose&lt;br&gt;&lt;li&gt;Share the SUPERIOR weight reduction&lt;br&gt;&lt;li&gt;Share the A1C Threshold data (&lt;7%,&lt;=6.5%, &lt;5.7%)&lt;/ul&gt;&lt;br&gt;&lt;b&gt;Recommended Resources:&lt;/b&gt;&lt;br&gt;&lt;ul&gt;&lt;li&gt;A1C/Weight VAE&lt;br&gt;&lt;li&gt; A1C 7% and 6.5% Core VAE&lt;/ul&gt;
LDODT_MNJ_DT_02|&lt;br&gt;&lt;b&gt;Recommended Discussion Topics:&lt;/b&gt;&lt;br&gt;&lt;ul&gt;&lt;li&gt;Uncover what a Mounjaro vs Ozempic patient looks like&lt;br&gt;&lt;li&gt;Share every dose is SUPERIOR to Ozempic 1mg* for A1C reduction, starting at 5mg dose&lt;br&gt;&lt;li&gt;Share the SUPERIOR weight reduction&lt;br&gt;&lt;li&gt;Share 6.5% and 5.7% Composite Data&lt;/ul&gt;&lt;br&gt;&lt;b&gt;Recommended Resources:&lt;/b&gt;&lt;br&gt;&lt;ul&gt;&lt;li&gt;A1C/Weight&lt;br&gt;&lt;li&gt;Send A1C 7% and 6.5% Core VAE&lt;/ul&gt;
LDODT_MNJ_DT_03|&lt;br&gt;&lt;b&gt;Recommended Discussion Topics:&lt;/b&gt;&lt;br&gt;&lt;ul&gt;&lt;li&gt;Ask how the results for this patient could&#39;ve been different if they were started on Mounjaro first&lt;br&gt;&lt;li&gt;Every dose is SUPERIOR to Ozempic 1mg* for A1C reduction, starting at 5mg dose&lt;br&gt;&lt;li&gt;SUPERIOR weight reduction&lt;br&gt;&lt;li&gt;Share Mounjaro WORKS DIFFERENTLY than a GLP-1 RA&lt;br&gt;&lt;li&gt;Share 6.5% and 5.7% Composite Data&lt;/ul&gt;&lt;br&gt;&lt;b&gt;Recommended Resources:&lt;/b&gt;&lt;br&gt;&lt;ul&gt;&lt;li&gt;A1C &lt;7% and &lt;=5.7% Core VAE&lt;br&gt;&lt;li&gt;MOA Core VAE&lt;br&gt;&lt;li&gt;MOA Video&lt;/ul&gt;
LDODT_MNJ_DT_04|&lt;br&gt;&lt;b&gt;Recommended Discussion Topics:&lt;/b&gt;&lt;br&gt;&lt;ul&gt;&lt;li&gt;Share Mounjaro WORKS DIFFERENTLY than a GLP-1 RA&lt;br&gt;&lt;li&gt;Every dose is SUPERIOR to Ozempic 1mg* for A1C reduction, starting at 5mg dose&lt;br&gt;&lt;li&gt;SUPERIOR weight reduction&lt;br&gt;&lt;li&gt;Share the A1C Threshold data (&lt;7%,&lt;=6.5%, &lt;5.7%)&lt;/ul&gt;&lt;br&gt;&lt;b&gt;Recommended Resources:&lt;/b&gt;&lt;br&gt;&lt;ul&gt;&lt;li&gt;A1C/Weight Core VAE&lt;br&gt;&lt;li&gt;Send A1C 7% and 6.5% Core VAE&lt;br&gt;&lt;li&gt;Consider inviting HCP to a P2P program&lt;/ul&gt;
LDODT_MNJ_DT_08|&lt;br&gt;&lt;b&gt;Recommended Discussion Topics:&lt;/b&gt;&lt;br&gt;&lt;ul&gt;&lt;li&gt;Uncover any efficacy limiting beliefs for a patient with an A1C of 7.5-8.5%&lt;br&gt;&lt;li&gt;Share Mounjaro WORKS DIFFERENTLY than a GLP-1 RA&lt;br&gt;&lt;li&gt;Every dose is SUPERIOR to Ozempic 1mg* for A1C reduction, starting at 5mg dose&lt;br&gt;&lt;li&gt;SUPERIOR weight reduction&lt;br&gt;&lt;li&gt;Share the A1C Threshold data (&lt;7%,&lt;=6.5%, &lt;5.7%)&lt;/ul&gt;&lt;br&gt;&lt;b&gt;Recommended Resources:&lt;/b&gt;&lt;br&gt;&lt;ul&gt;&lt;li&gt;A1C/weight Core VAE&lt;br&gt;&lt;li&gt;For Staff : Utilize your formulary IVA to call out top plans and build confidence in the HCPs % PREFERRED access&lt;/ul&gt;
LDODT_MNJ_DT_10|&lt;br&gt;&lt;b&gt;Recommended Discussion Topics:&lt;/b&gt;&lt;br&gt;&lt;ul&gt;&lt;li&gt;Uncover why HCP reaches for Ozempic after met for a patient with a 7.5-8.5% A1C&lt;br&gt;&lt;li&gt;Share every dose is SUPERIOR to Ozempic 1mg* for A1C reduction, starting at 5mg dose&lt;br&gt;&lt;li&gt;Share the SUPERIOR weight reduction&lt;br&gt;&lt;li&gt;Share the A1C Threshold data (&lt;7%,&lt;=6.5%, &lt;5.7%)&lt;/ul&gt;&lt;br&gt;&lt;b&gt;Recommended Resources:&lt;/b&gt;&lt;br&gt;&lt;ul&gt;&lt;li&gt;A1C &lt;7% and &lt;=6.5% Core VAE&lt;br&gt;&lt;li&gt;A1C/Weight Core VAE&lt;/ul&gt;
LDODT_ZEP_DT_03|&lt;br&gt;&lt;b&gt;Recommended Discussion Topics:&lt;/b&gt;&lt;br&gt;&lt;ul&gt;&lt;li&gt;Seek to understand the preferred patient type and brand. If most of the scripts are with a competitor, be prepared to clarify and address any HCP concern regarding Zepbound and expand on Zepbound&#39;s efficacy&lt;br&gt;&lt;li&gt;Reminder, since we do not have head-to-head data, do not compare Zepbound to other products&lt;/ul&gt;&lt;br&gt;&lt;b&gt;Recommended Resources:&lt;/b&gt;&lt;br&gt;&lt;ul&gt;&lt;li&gt;You may consider sending the In Advance/Follow Up VAE with appropriate fragment&lt;/ul&gt;
LDODT_ZEP_DT_05|&lt;br&gt;&lt;b&gt;Recommended Discussion Topics:&lt;/b&gt;&lt;br&gt;&lt;ul&gt;&lt;li&gt;Seek to understand the preferred patient type and treatment&lt;br&gt;&lt;li&gt;Be prepared to clarify and address any HCP concern regarding Zepbound and expand on Zepbound&#39;s efficacy&lt;br&gt;&lt;li&gt;Reminder, since we do not have head-to-head data, do not compare Zepbound to other products&lt;/ul&gt;&lt;br&gt;&lt;b&gt;Recommended Resources:&lt;/b&gt;&lt;br&gt;&lt;ul&gt;&lt;li&gt;Consider sending a VAE with an efficacy fragment&lt;/ul&gt;
LDODT_ZEP_DT_08|&lt;br&gt;&lt;b&gt;Recommended Discussion Topics:&lt;/b&gt;&lt;br&gt;&lt;ul&gt;&lt;li&gt;Lead with the core dialog and leverage formulary sell sheets. Do not lead with formulary coverage information in your call as we seek to address &quot;Connecting B.M.I. to Zepbound&quot; and &quot;Establish the Efficacy&quot; first&lt;br&gt;&lt;li&gt;Keep the &quot;Partner on the Start&quot; message with the HCP high-level and brief. Work with the office staff to communicate the details of top plans&lt;/ul&gt;&lt;br&gt;&lt;b&gt;Recommended Resources:&lt;/b&gt;&lt;br&gt;&lt;ul&gt;&lt;li&gt;Consider sending the Favorable Access VAE as a follow up&lt;/ul&gt;
LDODT_ZEP_DT_09|&lt;br&gt;&lt;b&gt;Recommended Discussion Topics:&lt;/b&gt;&lt;br&gt;&lt;ul&gt;&lt;li&gt;Ask about the HCP&#39;s recent experience starting patients on injectable AOMs&lt;br&gt;&lt;li&gt;Be prepared to clarify and address any HCP concern regarding Zepbound and expand on Zepbound&#39;s efficacy and safety&lt;br&gt;&lt;li&gt;Reminder, since we do not have head-to-head data, do not compare Zepbound to other products&lt;/ul&gt;&lt;br&gt;&lt;b&gt;Recommended Resources:&lt;/b&gt;&lt;br&gt;&lt;ul&gt;&lt;li&gt;Provide any relevant formulary information and the Prior Authorization Resource Guide&lt;br&gt;&lt;li&gt;You may consider sending a VAE with the &quot;Partner on the Start&quot; or PA guide fragment&lt;/ul&gt;
Ebglyss_AD_01|&lt;br&gt;&lt;br&gt;&lt;b&gt;Recommended Discussion Topics:&lt;/b&gt;&lt;ul&gt;&lt;li&gt;Seek to &lt;b&gt;understand the patient type (new therapy or switches)&lt;/b&gt; and alignment with the EBGLYSS target patient&lt;li&gt;Seek to understand &lt;b&gt;patient payer and status of PA&lt;/b&gt;&lt;li&gt;Ensure HCP/KOS &lt;b&gt;awareness of patient support&lt;/b&gt; and consider setting up &lt;b&gt;KOS program&lt;/b&gt;&lt;/ul&gt;&lt;br&gt;&lt;b&gt;Recommended VAEs:&lt;/b&gt;&lt;ul&gt;&lt;li&gt;Getting Started Resources&lt;li&gt;EBGLYSS Resources&lt;/ul&gt;
Ebglyss_AD_02|&lt;br&gt;&lt;br&gt;&lt;b&gt;Recommended Discussion Topics:&lt;/b&gt;&lt;br&gt;&lt;ul&gt;&lt;li&gt;Understand &lt;b&gt;drivers for switching therapy&lt;/b&gt; and considerations for selecting next treatment&lt;br&gt;&lt;li&gt;Seek to understand &lt;b&gt;dosing/delivery preference&lt;/b&gt; and seek to understand &lt;b&gt;HCP beliefs around JAK class&lt;/b&gt;&lt;br&gt;&lt;li&gt;Reinforce EBGLYSS&#39;s differentiators with the &lt;b&gt;SLAM story&lt;/b&gt;&lt;/ul&gt;&lt;br&gt;&lt;b&gt;Recommended VAEs&lt;/b&gt;&lt;br&gt;&lt;ul&gt;&lt;li&gt;Target Patient&lt;li&gt;Safety&lt;li&gt;Monotherapy Efficacy&lt;/ul&gt;
Ebglyss_AD_04|&lt;br&gt;&lt;br&gt;&lt;b&gt;Recommended Discussion Topics:&lt;/b&gt;&lt;ul&gt;&lt;li&gt;Ensure HCP has &lt;b&gt;awareness that EBGLYSS&lt;/b&gt; is an option for patients with atopic dermatitis&lt;li&gt;Understand any beliefs around different treatment options and &lt;b&gt;reinforce EBGLYSS target patient&lt;/b&gt;&lt;li&gt;Consider setting up a &lt;b&gt;P2P program&lt;/b&gt; with this HCP &lt;/ul&gt;&lt;br&gt;&lt;b&gt;Recommended VAEs&lt;/b&gt;:&lt;br&gt;&lt;ul&gt;&lt;li&gt;Target Patient&lt;li&gt;Now Approved&lt;/ul&gt;
Ebglyss_AD_05|&lt;br&gt;&lt;br&gt;&lt;b&gt;Recommended Discussion Topics:&lt;/b&gt;&lt;ul&gt;&lt;li&gt;Seek to understand &lt;b&gt;how samples are being utilized&lt;/b&gt;&lt;li&gt;Check in on how patients are responding to therapy and where they are with the &lt;b&gt;Prior Authorization process.&lt;/b&gt;&lt;li&gt;Communicate &lt;b&gt;getting started resources&lt;/b&gt;&amp; reinforce the access messaging for EBGLYSS&lt;li&gt;Consider setting up a&lt;b&gt; KOS program&lt;/b&gt; with the office&lt;/ul&gt;&lt;br&gt;&lt;b&gt;Recommended VAEs:&lt;/b&gt;&lt;ul&gt;&lt;li&gt;Getting Started Resources&lt;li&gt;Lebri Resources&lt;li&gt;Monotherapy Efficacy&lt;/ul&gt;
Ebglyss_AD_06|&lt;br&gt;&lt;br&gt;&lt;b&gt;Recommended Discussion Topics:&lt;/b&gt;&lt;ul&gt;&lt;li&gt;Provide any additional information around &lt;b&gt;recent formulary upgrade&lt;/b&gt;&lt;li&gt;&lt;b&gt;Set up Alex, discuss core message elements&lt;/b&gt; and formulary upgrade&lt;li&gt;Seek to understand how important formulary coverage is in &lt;b&gt;making treatment decisions&lt;/b&gt;. Engage with both HCP and KOS.&lt;/ul&gt;&lt;br&gt;&lt;b&gt;Recommended VAEs:&lt;/b&gt;&lt;ul&gt;&lt;li&gt;Target Patient (PP-LK-US-0008)&lt;li&gt;Monotherapy Efficacy (PP-LK-US-0327)&lt;/ul&gt;
Olumiant_AA_01|&lt;br&gt;&lt;br&gt;&lt;b&gt;Recommended Discussion Topics:&lt;/b&gt;&lt;br&gt;&lt;ul&gt;&lt;li&gt;Seek to understand how they &lt;b&gt;assess the severity&lt;/b&gt; of patients and &lt;b&gt;where Olumiant fits&lt;/b&gt; in the treatment algorithm&lt;br&gt;&lt;li&gt;Using &lt;b&gt;GROW&lt;/b&gt;, Consider the &lt;b&gt;Patient Profile&lt;/b&gt; or the &lt;b&gt;Subgroup Analysis&lt;/b&gt; in the IVA (PP-BA-US-2259) to support patient identification&lt;/ul&gt;&lt;br&gt;&lt;b&gt;Recommended VAEs&lt;/b&gt;:&lt;br&gt;&lt;ul&gt;&lt;li&gt;Target Patient (PP-BA-US-1646)&lt;li&gt;Meaningful Efficacy (PP-BA-US-1679)&lt;/ul&gt;
Olumiant_AA_02|&lt;br&gt;&lt;br&gt;&lt;b&gt;Recommended Discussion Topics:&lt;/b&gt;&lt;br&gt; &lt;ul&gt; &lt;li&gt;Seek to understand how often they see adults with severe alopecia areata &amp; how they &lt;b&gt;assess the severity&lt;/b&gt;&lt;li&gt;Consider educating the clinician on severity assessment tools, such as AASc&lt;/li&gt; &lt;li&gt;Using &lt;b&gt;GROW&lt;/b&gt;, Consider the Patient Profile in the IVA to support patient identification &lt;/ul&gt; &lt;br&gt; &lt;b&gt;Recommended VAEs:&lt;/b&gt;&lt;br&gt; &lt;ul&gt; &lt;li&gt;Relevant Thought Leader Video (Efficacy or Safety) &lt;li&gt;Target Patient &lt;/ul&gt;
Olumiant_AA_03|&lt;br&gt;&lt;br&gt;&lt;b&gt;Recommended Discussion Topics:&lt;/b&gt;&lt;br&gt;&lt;ul&gt;&lt;li&gt;Seek to understand the &lt;b&gt;key drivers&lt;/b&gt; to prescribing a JAKi for adults with severe AA, including &lt;b&gt;perceptions&lt;/b&gt; of Litfulo and Olumiant&lt;li&gt;&lt;b&gt;Address&lt;/b&gt; the belief &amp; &lt;b&gt;expand the value gap&lt;/b&gt; by sharing the relevant &lt;b&gt;differentiation attributes&lt;/b&gt; of Olumiant through &lt;b&gt;GROW&lt;/b&gt; dialogue:&lt;br&gt; &lt;ul&gt; &lt;li&gt;- Meaningful hair regrowth across 3 areas of hair loss&lt;/li&gt; &lt;li&gt;- Established Safety Profile - 3 years&lt;/li&gt; &lt;li&gt;- Flexible Once daily dosing&lt;/li&gt; &lt;li&gt;- Best in Class commercial access&lt;/li&gt;&lt;/ul&gt;&lt;/ul&gt; &lt;br&gt;&lt;b&gt;Recommended VAEs:&lt;/b&gt;&lt;br&gt; &lt;ul&gt;&lt;li&gt;Target Patient (PP-BA-US-1646)&lt;li&gt;Meaningful Efficacy (PP-BA-US-1679)&lt;li&gt;Eyebrow &amp; Eyelash Efficacy (PP-BA-US-1682)&lt;li&gt;Sustained response Rates (PP-BA-US-2115)&lt;/ul&gt;
Olumiant_AA_04|&lt;br&gt;&lt;br&gt;&lt;b&gt;Recommended Discussion Topics:&lt;/b&gt;&lt;br&gt; &lt;ul&gt; &lt;li&gt;Uncover the &lt;b&gt;beliefs that are driving the Olumiant&lt;/b&gt; NBRx &lt;li&gt;Provide &lt;b&gt;support and resources&lt;/b&gt; to enable a positive &lt;b&gt;START&lt;/b&gt;, including treatment expectations for onset of improvement &lt;li&gt;Future Interactions - consider sharing long term &lt;b&gt;maintenance, dose titration &amp; withdrawal data&lt;/b&gt; to enable &lt;b&gt;STAY&lt;/b&gt; through patient management &lt;/ul&gt; &lt;br&gt;&lt;b&gt;Recommended VAE:&lt;/b&gt;&lt;br&gt; &lt;ul&gt; &lt;li&gt;Getting Patients Started (PP-BA-US-1683) &lt;li&gt;Meaningful Efficacy (PP-BA-US-1679) &lt;li&gt;Dose Titration (PP-BA-US-2113) &lt;/ul&gt;
Olumiant_AA_05|&lt;br&gt;&lt;br&gt;&lt;b&gt;Recommended Discussion Topics:&lt;/b&gt;&lt;br&gt; &lt;ul&gt; &lt;li&gt;Seek to understand the HCP &amp; KOS perspective on accessing Olumiant &lt;li&gt;Consider sharing &lt;b&gt;&quot;Best in class commercial access&quot;&lt;/b&gt; messaging by using &lt;b&gt;Formulary IVA (PP-BA-US-2231)&lt;/b&gt; &lt;/ul&gt;&lt;br&gt; &lt;b&gt;Recommended VAE:&lt;/b&gt;&lt;br&gt; &lt;ul&gt; &lt;li&gt;Getting Patients Started (PP-BA-US-1683) &lt;li&gt;Commercial Access (PP-BA-US-2120) &lt;/ul&gt;
Taltz_PsA_06|&lt;br&gt;&lt;br&gt;Utilize the dual target patient setup to convey Daniel&#39;s need for rapid and sustained relief.&lt;br&gt;&lt;br&gt;If you have not done so previously, dialogue about how Taltz provides rapid and sustained efficacy across the joints, skin and spine that Daniel needs.&lt;br&gt;&lt;br&gt;Confirm that when the HCP sees a patient with AS who needs a medication that offers rapid and sustained efficacy that they will choose Taltz.&lt;br&gt;&lt;br&gt;Send the Rapid and Sustained Joint AS Efficacy VAE (free text or other), the Favorable Access VAE or the MOA VAE if applicable.
Taltz_PsA_08|&lt;br&gt;&lt;br&gt;Utilize the dual target patient setup to convey Michelle&#39;s need for rapid and sustained relief.&lt;br&gt;&lt;br&gt;If you have not done so previously, dialogue about how Taltz provides rapid and sustained efficacy across the joints, skin and spine that Michelle needs.&lt;br&gt;&lt;br&gt;Confirm that when the HCP sees a patient with PsA who needs a medication that offers rapid and sustained efficacy that they will choose Taltz.&lt;br&gt;&lt;br&gt;Send the Rapid and Sustained Joint and Skin PsA Efficacy VAE (free text or other), the Favorable Access VAE or the MOA VAE if applicable.
Taltz_PsA_09|&lt;br&gt;&lt;br&gt;Utilize the dual target patient setup to convey Daniel&#39;s need for rapid and sustained relief.&lt;br&gt;&lt;br&gt;If you have not done so previously, dialogue about how Taltz provides rapid and sustained efficacy across the joints, skin and spine that Daniel needs.&lt;br&gt;&lt;br&gt;Confirm that when the HCP sees a patient with AS who needs a medication that offers rapid and sustained efficacy that they will choose Taltz.&lt;br&gt;&lt;br&gt;Send the Rapid and Sustained Joint AS Efficacy VAE (free text or other), the Favorable Access VAE or the MOA VAE if applicable.
Taltz_PsA_10|&lt;br&gt;&lt;br&gt;&lt;b&gt;Recommended Discussion Topics:&lt;/b&gt;&lt;ul&gt;&lt;li&gt;Ensure HCP is aware of the Zepbound Savings for Taltz Patients program&lt;li&gt;Reinforce that the eligibility criteria must be met, which means that only patients with commercial coverage, which covers Taltz, are eligible for the program and governmental beneficiaries are excluded (in addition to all other requirements).&lt;/ul&gt;&lt;br&gt;&lt;b&gt;Recommended VAEs:&lt;/b&gt;&lt;ul&gt;&lt;li&gt;Zepbound Savings for Taltz Patients&lt;/ul&gt;
Taltz_PsO_01|&lt;br&gt;&lt;br&gt;&lt;b&gt;Recommended Discussion Topics:&lt;/b&gt;&lt;ul&gt;&lt;li&gt;Seek to understand when the HCP is choosing Cosentyx and Taltz and for which patients &lt;li&gt;Use the &lt;b&gt;MOA IVA&lt;/b&gt; to show differences in the IL-17 class, followed by &lt;b&gt;rapid and durable data&lt;/b&gt; and the &lt;b&gt;real-world study&lt;/b&gt;&lt;/ul&gt;&lt;br&gt;&lt;b&gt;Recommended VAEs:&lt;/b&gt;&lt;ul&gt;&lt;li&gt;Free Text with Challenging Body Areas attachment &lt;li&gt;Favorable Access&lt;/ul&gt;
Taltz_PsO_02|&lt;br&gt;&lt;br&gt;&lt;b&gt;Recommended Discussion Topics:&lt;/b&gt;&lt;br&gt;&lt;ul&gt;&lt;li&gt;Remind HCP that &lt;b&gt;Taltz is #1 prescribed IL-17&lt;/b&gt; in Derm and has the &lt;b&gt;best access&lt;/b&gt; in the iL-17 class in Dermatology&lt;li&gt;Use the &lt;b&gt;Formulary IVA&lt;/b&gt; to show the HCP their local access for Taltz&lt;li&gt;Set up &lt;b&gt;Taylor&lt;/b&gt; and build on recent engagements&lt;/ul&gt;&lt;br&gt;&lt;b&gt;Recommended VAEs:&lt;/b&gt;&lt;br&gt;&lt;ul&gt;&lt;li&gt;Favorable Access&lt;li&gt;H2H Efficacy with Humira attachment&lt;/ul&gt;
Taltz_PsO_03_A|&lt;br&gt;&lt;br&gt;&lt;b&gt;Recommended Discussion Topics:&lt;/b&gt;&lt;ul&gt;&lt;li&gt;Seek to understand when the HCP is choosing Cosentyx, Bimzelx, and Taltz and for which patients &lt;li&gt;Use the &lt;b&gt;MOA IVA&lt;/b&gt; to show differences in the IL-17 class, followed by &lt;b&gt;rapid and durable data&lt;/b&gt; and the &lt;b&gt;real world study&lt;/b&gt;&lt;/ul&gt;&lt;br&gt;&lt;b&gt;Recommended VAEs:&lt;/b&gt;&lt;ul&gt;&lt;li&gt;Free Text with Challenging Body Areas attachment&lt;li&gt;Favorable Access&lt;/ul&gt;
Taltz_PsO_03_B|&lt;br&gt;&lt;br&gt;&lt;b&gt;Recommended Discussion Topics:&lt;/b&gt;&lt;ul&gt;&lt;li&gt;Discover what is causing the HCP to&lt;b&gt; write more Cosentyx&lt;/b&gt;&lt;li&gt;Consider using the &lt;b&gt;MOA IVA or Formulary IVA&lt;/b&gt;&lt;li&gt;Remind the HCP that Taltz is &lt;b&gt;#1 prescribed IL-17&lt;/b&gt; in Derm and has the &lt;b&gt;best access&lt;/b&gt; in the IL-17 class in Dermatology&lt;/ul&gt;&lt;br&gt;&lt;b&gt;Recommended VAEs:&lt;/b&gt;&lt;br&gt;&lt;ul&gt;&lt;li&gt;Scalp and Nail&lt;li&gt;Efficacy H2H with the Humira attachment&lt;/ul&gt;
Taltz_PsO_03_C|&lt;br&gt;&lt;br&gt;&lt;b&gt;Recommended Discussion Topics:&lt;/b&gt;&lt;ul&gt;&lt;li&gt;Discover&lt;b&gt; how the HCP is making treatment decisions&lt;/b&gt;&lt;li&gt;Ensure HCP understands who the right patient is for Taltz and the need for&lt;b&gt; rapid relief today and durable results tomorrow&lt;/b&gt;&lt;li&gt;Reinforce mean percent improvement data at week 2 and year 5 and then &lt;b&gt;differentiate from Tremfya on skin efficacy&lt;/b&gt; using the H2H trial data and real world data&lt;/ul&gt;&lt;br&gt;&lt;b&gt;Recommended VAEs:&lt;/b&gt;&lt;ul&gt;&lt;li&gt;Patient Profile (and Challenging Body Areas)&lt;li&gt;Efficacy H2H with the Tremfya attachment&lt;/ul&gt;
Taltz_PsO_03_D|&lt;br&gt;&lt;br&gt;&lt;b&gt;Recommended Discussion Topics:&lt;/b&gt;&lt;ul&gt;&lt;li&gt;Uncover &lt;b&gt;why the HCP is writing more Stelara&lt;/b&gt;&lt;li&gt;Setup Taylor and establish his&lt;b&gt; need for rapid and durable efficacy &lt;/b&gt;because everyday moments matter.&lt;li&gt;Reinforce &lt;b&gt;mean percent improvement data&lt;/b&gt; at week 2 and year 5 and address trade-offs associated with more frequent dosing.&lt;/ul&gt;&lt;br&gt;&lt;b&gt;Recommended VAEs:&lt;/b&gt;&lt;ul&gt;&lt;li&gt;Efficacy H2H with the Stelara attachment&lt;li&gt;Efficacy with Rapid Durable attachment&lt;/ul&gt;
Taltz_PsO_03_E|&lt;br&gt;&lt;br&gt;&lt;b&gt;Recommended Discussion Topics:&lt;/b&gt;&lt;ul&gt;&lt;li&gt;Discover what is the most&lt;b&gt; motivating factor for choosing Skyrizi&lt;/b&gt;&lt;li&gt;If &lt;b&gt;dosing frequency&lt;/b&gt; is a factor, ask the HCP how they are presenting options to the patient&lt;li&gt;Reinforce &lt;b&gt;mean percent improvement data&lt;/b&gt; at week 2 and year 5, address trade-offs associated with more frequent dosing, and share the real world data.&lt;/ul&gt;&lt;br&gt;&lt;b&gt;Recommended VAEs:&lt;/b&gt;&lt;ul&gt;&lt;li&gt;Scalp and Nail&lt;li&gt;Free Text with Challenging Body Areas or Structure attachment&lt;/ul&gt;
Taltz_PsO_03_F|&lt;br&gt;&lt;br&gt;&lt;b&gt;Recommended Discussion Topics:&lt;/b&gt;&lt;ul&gt;&lt;li&gt;Seek to understand &lt;b&gt;when the HCP is choosing Bimzelx&lt;/b&gt;&lt;li&gt;Use the &lt;b&gt;MOA IVA&lt;/b&gt; to show the differences between molecules in the IL-17 class &lt;li&gt;Reinforce &lt;b&gt;rapid and durable data&lt;/b&gt; and the established &lt;b&gt;safety profile of Taltz&lt;/b&gt;, including low rates of oral candidiasis through 5 years, no warning for suicidal ideation, and no requirement for liver monitoring.&lt;/ul&gt;&lt;br&gt;&lt;b&gt;Recommended VAEs:&lt;/b&gt;&lt;ul&gt;&lt;li&gt;Free Text with Safety attachment&lt;li&gt;Scalp and Nail&lt;/ul&gt;
Taltz_PsO_04|&lt;br&gt;&lt;br&gt;&lt;b&gt;Recommended Discussion Topics:&lt;/b&gt;&lt;ul&gt;&lt;li&gt;Utilize Taylor&#39;s profile to remind HCP that &lt;b&gt;everyday moments are important&lt;/b&gt; and Taltz provides &lt;b&gt;rapid relief today and durable results tomorrow&lt;/b&gt;&lt;li&gt;Reinforce &lt;b&gt;mean percent improvement data&lt;/b&gt; at week 2 and year 5, address &lt;b&gt;trade-offs associated with more frequent dosing&lt;/b&gt;, and share the &lt;b&gt;real-world data.&lt;/b&gt;&lt;/ul&gt;&lt;br&gt;&lt;b&gt;Recommended VAEs:&lt;/b&gt;&lt;ul&gt;&lt;li&gt;Scalp and Nail&lt;li&gt;Free Text with Structure fragment&lt;/ul&gt;
Taltz_PsO_08|&lt;br&gt;&lt;br&gt;&lt;b&gt;Recommended Discussion Topics:&lt;/b&gt;&lt;ul&gt;&lt;li&gt;Ensure HCP is aware of the Zepbound Savings for Taltz Patients program&lt;li&gt;Reinforce that the eligibility criteria must be met, which means that only patients with commercial coverage, which covers Taltz, are eligible for the program and governmental beneficiaries are excluded (in addition to all other requirements).&lt;/ul&gt;&lt;br&gt;&lt;b&gt;Recommended VAEs:&lt;/b&gt;&lt;ul&gt;&lt;li&gt;Zepbound Savings for Taltz Patients&lt;/ul&gt;
LDODT_ES4_MNJ_T2D_03|&lt;br&gt;&lt;b&gt;Recommended Discussion Topics:&lt;/b&gt;&lt;br&gt;&lt;ul&gt;&lt;li&gt;Ask how the results for this patient could&#39;ve been different if they were started on Mounjaro first&lt;br&gt;&lt;li&gt;Every dose is SUPERIOR to Ozempic 1mg* for A1C reduction, starting at 5mg dose&lt;br&gt;&lt;li&gt;SUPERIOR weight reduction&lt;br&gt;&lt;li&gt;Share Mounjaro WORKS DIFFERENTLY than a GLP-1 RA&lt;br&gt;&lt;li&gt;Share 6.5% and 5.7% Composite Data&lt;/ul&gt;&lt;br&gt;&lt;b&gt;Recommended Resources:&lt;/b&gt;&lt;br&gt;&lt;ul&gt;&lt;li&gt;A1C &lt;7% and &lt;=5.7% Core VAE&lt;br&gt;&lt;li&gt;MOA Core VAE&lt;br&gt;&lt;li&gt;MOA Video&lt;/ul&gt;
LDODT_ES4_MNJ_T2D_05|&lt;br&gt;&lt;b&gt;Recommended Discussion Topics:&lt;/b&gt;&lt;br&gt;&lt;ul&gt;&lt;li&gt;Uncover any efficacy or supply limiting beliefs for a patient with an A1C of 7.5-8.5%&lt;br&gt;&lt;li&gt;Consider asking: In your experience, how different is Mounjaro&#39;s A1C &amp; weight reduction compared to Ozempic for a patient with an A1C of 7.5-8.5% ?&lt;br&gt;&lt;li&gt;Every dose is SUPERIOR to Ozempic 1mg* for A1C reduction, starting at 5mg dose&lt;br&gt;&lt;li&gt;SUPERIOR weight reduction&lt;br&gt;&lt;li&gt;Share Mounjaro WORKS DIFFERENTLY than a GLP-1 RA&lt;br&gt;&lt;li&gt;Share 6.5% and 5.7% Composite Data&lt;/ul&gt;&lt;br&gt;&lt;b&gt;Recommended Resources:&lt;/b&gt;&lt;br&gt;&lt;ul&gt;&lt;li&gt;A1C/Weight Core VAE &lt;/ul&gt;
LDODT_ES4_MNJ_T2D_08|&lt;br&gt;&lt;b&gt;Recommended Discussion Topics:&lt;/b&gt;&lt;br&gt;&lt;ul&gt;&lt;li&gt;Uncover if the HCP believes Mounjaro has SUPERIOR A1C and weight reduction: In your experience, how different is Mounjaro&#39;s A1C &amp; weight reduction compared to Ozempic for a patient with an A1C of 7.5-8.5% ?&lt;br&gt;&lt;li&gt; For Staff: Utilize your formulary IVA to call out top plans and build confidence in the HCP&#39;s % PREFERRED access&lt;/ul&gt;&lt;br&gt;&lt;b&gt;Recommended Resources:&lt;/b&gt;&lt;br&gt;&lt;ul&gt;&lt;li&gt;Mounjaro - Favorable Access for IVA&lt;/ul&gt;
LDODT_ES4_MNJ_T2D_12|&lt;br&gt;&lt;b&gt;Recommended Discussion Topics:&lt;/b&gt;&lt;br&gt;&lt;ul&gt;&lt;li&gt;In your experience, how different is Mounjaro&#39;s A1C weight reduction compared to Ozempic for a patient with an A1C of 7.5-8.5% ?&lt;br&gt;&lt;li&gt;Every Dose is SUPERIOR to Ozempic 1mg* for A1C reduction, starting at 5mg dose&lt;br&gt;&lt;li&gt;SUPERIOR weight reduction&lt;br&gt;&lt;li&gt;Share Mounjaro WORKS DIFFERENTLY than a GLP-1 RA&lt;br&gt;&lt;li&gt;Share the A1C Threshold data (&lt;7%,&lt;=6.5%, &lt;5.7%)&lt;br&gt;&lt;li&gt;Share 6.5% and 5.7% Composite Data&lt;/ul&gt;&lt;br&gt;&lt;b&gt;Recommended Resources:&lt;/b&gt;&lt;br&gt;&lt;ul&gt;&lt;li&gt;A1C/Weight Core VAE&lt;br&gt;&lt;li&gt;For Staff : Utilize your formulary IVA to call out top plans and build confidence on the HCP&#39;s % PREFERRED access&lt;/ul&gt;
LDODT_ES4_MNJ_T2D_13|&lt;br&gt;&lt;b&gt;Recommended Discussion Topics:&lt;/b&gt;&lt;br&gt;&lt;ul&gt;&lt;li&gt;After engaging in an efficacy discussion utilize your formulary IVA to call out top plans and build confidence in the HCP&#39;s % PREFERRED access&lt;br&gt;&lt;li&gt;Look at Tableau and call out HCP&#39;s top two plans with the biggest opportunity&lt;/ul&gt;&lt;br&gt;&lt;b&gt;Recommended Resources:&lt;/b&gt;&lt;br&gt;&lt;ul&gt;&lt;li&gt;Mounjaro - Medicare for IVA&lt;br&gt;&lt;li&gt;Follow up with plan specific VAE for biggest opportunity plan&lt;/ul&gt;
LDODT_MNJ_DT_01|&lt;br&gt;&lt;b&gt;Recommended Discussion Topics:&lt;/b&gt;&lt;br&gt;&lt;ul&gt;&lt;li&gt;Consider utilizing unbranded section to create tension to treat early and intensively&lt;br&gt;&lt;li&gt;Uncover next steps and goals for patients with T2D on metformin&lt;br&gt;&lt;li&gt;Share every dose is SUPERIOR to Ozempic 1mg* for A1C reduction, starting at 5mg dose&lt;br&gt;&lt;li&gt;Share the SUPERIOR weight reduction&lt;br&gt;&lt;li&gt;Share the A1C Threshold data (&lt;7%,&lt;=6.5%, &lt;5.7%)&lt;/ul&gt;&lt;br&gt;&lt;b&gt;Recommended Resources:&lt;/b&gt;&lt;br&gt;&lt;ul&gt;&lt;li&gt;A1C/Weight VAE&lt;br&gt;&lt;li&gt; A1C 7% and 6.5% Core VAE&lt;/ul&gt;
LDODT_MNJ_DT_02|&lt;br&gt;&lt;b&gt;Recommended Discussion Topics:&lt;/b&gt;&lt;br&gt;&lt;ul&gt;&lt;li&gt;Uncover what a Mounjaro vs Ozempic patient looks like&lt;br&gt;&lt;li&gt;Share every dose is SUPERIOR to Ozempic 1mg* for A1C reduction, starting at 5mg dose&lt;br&gt;&lt;li&gt;Share the SUPERIOR weight reduction&lt;br&gt;&lt;li&gt;Share 6.5% and 5.7% Composite Data&lt;/ul&gt;&lt;br&gt;&lt;b&gt;Recommended Resources:&lt;/b&gt;&lt;br&gt;&lt;ul&gt;&lt;li&gt;A1C/Weight&lt;br&gt;&lt;li&gt;Send A1C 7% and 6.5% Core VAE&lt;/ul&gt;
LDODT_MNJ_DT_03|&lt;br&gt;&lt;b&gt;Recommended Discussion Topics:&lt;/b&gt;&lt;br&gt;&lt;ul&gt;&lt;li&gt;Ask how the results for this patient could&#39;ve been different if they were started on Mounjaro first&lt;br&gt;&lt;li&gt;Every dose is SUPERIOR to Ozempic 1mg* for A1C reduction, starting at 5mg dose&lt;br&gt;&lt;li&gt;SUPERIOR weight reduction&lt;br&gt;&lt;li&gt;Share Mounjaro WORKS DIFFERENTLY than a GLP-1 RA&lt;br&gt;&lt;li&gt;Share 6.5% and 5.7% Composite Data&lt;/ul&gt;&lt;br&gt;&lt;b&gt;Recommended Resources:&lt;/b&gt;&lt;br&gt;&lt;ul&gt;&lt;li&gt;A1C &lt;7% and &lt;=5.7% Core VAE&lt;br&gt;&lt;li&gt;MOA Core VAE&lt;br&gt;&lt;li&gt;MOA Video&lt;/ul&gt;
LDODT_MNJ_DT_04|&lt;br&gt;&lt;b&gt;Recommended Discussion Topics:&lt;/b&gt;&lt;br&gt;&lt;ul&gt;&lt;li&gt;Share Mounjaro WORKS DIFFERENTLY than a GLP-1 RA&lt;br&gt;&lt;li&gt;Every dose is SUPERIOR to Ozempic 1mg* for A1C reduction, starting at 5mg dose&lt;br&gt;&lt;li&gt;SUPERIOR weight reduction&lt;br&gt;&lt;li&gt;Share the A1C Threshold data (&lt;7%,&lt;=6.5%, &lt;5.7%)&lt;/ul&gt;&lt;br&gt;&lt;b&gt;Recommended Resources:&lt;/b&gt;&lt;br&gt;&lt;ul&gt;&lt;li&gt;A1C/Weight Core VAE&lt;br&gt;&lt;li&gt;Send A1C 7% and 6.5% Core VAE&lt;br&gt;&lt;li&gt;Consider inviting HCP to a P2P program&lt;/ul&gt;
LDODT_MNJ_DT_08|&lt;br&gt;&lt;b&gt;Recommended Discussion Topics:&lt;/b&gt;&lt;br&gt;&lt;ul&gt;&lt;li&gt;Uncover any efficacy limiting beliefs for a patient with an A1C of 7.5-8.5%&lt;br&gt;&lt;li&gt;Share Mounjaro WORKS DIFFERENTLY than a GLP-1 RA&lt;br&gt;&lt;li&gt;Every dose is SUPERIOR to Ozempic 1mg* for A1C reduction, starting at 5mg dose&lt;br&gt;&lt;li&gt;SUPERIOR weight reduction&lt;br&gt;&lt;li&gt;Share the A1C Threshold data (&lt;7%,&lt;=6.5%, &lt;5.7%)&lt;/ul&gt;&lt;br&gt;&lt;b&gt;Recommended Resources:&lt;/b&gt;&lt;br&gt;&lt;ul&gt;&lt;li&gt;A1C/weight Core VAE&lt;br&gt;&lt;li&gt;For Staff : Utilize your formulary IVA to call out top plans and build confidence in the HCPs % PREFERRED access&lt;/ul&gt;
LDODT_MNJ_DT_10|&lt;br&gt;&lt;b&gt;Recommended Discussion Topics:&lt;/b&gt;&lt;br&gt;&lt;ul&gt;&lt;li&gt;Uncover why HCP reaches for Ozempic after met for a patient with a 7.5-8.5% A1C&lt;br&gt;&lt;li&gt;Share every dose is SUPERIOR to Ozempic 1mg* for A1C reduction, starting at 5mg dose&lt;br&gt;&lt;li&gt;Share the SUPERIOR weight reduction&lt;br&gt;&lt;li&gt;Share the A1C Threshold data (&lt;7%,&lt;=6.5%, &lt;5.7%)&lt;/ul&gt;&lt;br&gt;&lt;b&gt;Recommended Resources:&lt;/b&gt;&lt;br&gt;&lt;ul&gt;&lt;li&gt;A1C &lt;7% and &lt;=6.5% Core VAE&lt;br&gt;&lt;li&gt;A1C/Weight Core VAE&lt;/ul&gt;
LDODT_ZEP_DT_03|&lt;br&gt;&lt;b&gt;Recommended Discussion Topics:&lt;/b&gt;&lt;br&gt;&lt;ul&gt;&lt;li&gt;Seek to understand the preferred patient type and brand. If most of the scripts are with a competitor, be prepared to clarify and address any HCP concern regarding Zepbound and expand on Zepbound&#39;s efficacy&lt;br&gt;&lt;li&gt;Reminder, since we do not have head-to-head data, do not compare Zepbound to other products&lt;/ul&gt;&lt;br&gt;&lt;b&gt;Recommended Resources:&lt;/b&gt;&lt;br&gt;&lt;ul&gt;&lt;li&gt;You may consider sending the In Advance/Follow Up VAE with appropriate fragment&lt;/ul&gt;
LDODT_ZEP_DT_05|&lt;br&gt;&lt;b&gt;Recommended Discussion Topics:&lt;/b&gt;&lt;br&gt;&lt;ul&gt;&lt;li&gt;Seek to understand the preferred patient type and treatment&lt;br&gt;&lt;li&gt;Be prepared to clarify and address any HCP concern regarding Zepbound and expand on Zepbound&#39;s efficacy&lt;br&gt;&lt;li&gt;Reminder, since we do not have head-to-head data, do not compare Zepbound to other products&lt;/ul&gt;&lt;br&gt;&lt;b&gt;Recommended Resources:&lt;/b&gt;&lt;br&gt;&lt;ul&gt;&lt;li&gt;Consider sending a VAE with an efficacy fragment&lt;/ul&gt;
LDODT_ZEP_DT_08|&lt;br&gt;&lt;b&gt;Recommended Discussion Topics:&lt;/b&gt;&lt;br&gt;&lt;ul&gt;&lt;li&gt;Lead with the core dialog and leverage formulary sell sheets. Do not lead with formulary coverage information in your call as we seek to address &quot;Connecting B.M.I. to Zepbound&quot; and &quot;Establish the Efficacy&quot; first&lt;br&gt;&lt;li&gt;Keep the &quot;Partner on the Start&quot; message with the HCP high-level and brief. Work with the office staff to communicate the details of top plans&lt;/ul&gt;&lt;br&gt;&lt;b&gt;Recommended Resources:&lt;/b&gt;&lt;br&gt;&lt;ul&gt;&lt;li&gt;Consider sending the Favorable Access VAE as a follow up&lt;/ul&gt;
LDODT_ZEP_DT_09|&lt;br&gt;&lt;b&gt;Recommended Discussion Topics:&lt;/b&gt;&lt;br&gt;&lt;ul&gt;&lt;li&gt;Ask about the HCP&#39;s recent experience starting patients on injectable AOMs&lt;br&gt;&lt;li&gt;Be prepared to clarify and address any HCP concern regarding Zepbound and expand on Zepbound&#39;s efficacy and safety&lt;br&gt;&lt;li&gt;Reminder, since we do not have head-to-head data, do not compare Zepbound to other products&lt;/ul&gt;&lt;br&gt;&lt;b&gt;Recommended Resources:&lt;/b&gt;&lt;br&gt;&lt;ul&gt;&lt;li&gt;Provide any relevant formulary information and the Prior Authorization Resource Guide&lt;br&gt;&lt;li&gt;You may consider sending a VAE with the &quot;Partner on the Start&quot; or PA guide fragment&lt;/ul&gt;
LDODT_ES4_ZEP_CWM_10|&lt;br&gt;&lt;b&gt;Recommended Discussion Topics:&lt;/b&gt;&lt;br&gt;&lt;ul&gt;&lt;li&gt;Ask HCP about any Zepbound patient follow up visits they have had recently. &lt;b&gt;How is their progress&lt;/b&gt;?&lt;br&gt;&lt;li&gt;If most doses are 5mg or below, ask questions about their decision process for dose escalation&lt;/ul&gt;&lt;br&gt;&lt;b&gt;Recommended Resources:&lt;/b&gt;&lt;br&gt;&lt;ul&gt;&lt;li&gt;Consider using the “Starting and continuing Zepbound” dosing slide, “Powerful Reductions in Body Weight” Surmount 1 data and Surmount 4 data &lt;b&gt;when approved for use&lt;/b&gt; from the IVA&lt;br&gt;&lt;li&gt;You may consider sending &lt;b&gt;a VAE with an efficacy fragment&lt;/b&gt;&lt;/ul&gt;
Ebglyss_AD_01|&lt;br&gt;&lt;br&gt;&lt;b&gt;Recommended Discussion Topics:&lt;/b&gt;&lt;ul&gt;&lt;li&gt;Seek to &lt;b&gt;understand the patient type (new therapy or switches)&lt;/b&gt; and alignment with the EBGLYSS target patient&lt;li&gt;Seek to understand &lt;b&gt;patient payer and status of PA&lt;/b&gt;&lt;li&gt;Ensure HCP/KOS &lt;b&gt;awareness of patient support&lt;/b&gt; and consider setting up &lt;b&gt;KOS program&lt;/b&gt;&lt;/ul&gt;&lt;br&gt;&lt;b&gt;Recommended VAEs:&lt;/b&gt;&lt;ul&gt;&lt;li&gt;Getting Started Resources&lt;li&gt;EBGLYSS Resources&lt;/ul&gt;
Ebglyss_AD_02|&lt;br&gt;&lt;br&gt;&lt;b&gt;Recommended Discussion Topics:&lt;/b&gt;&lt;br&gt;&lt;ul&gt;&lt;li&gt;Understand &lt;b&gt;drivers for switching therapy&lt;/b&gt; and considerations for selecting next treatment&lt;br&gt;&lt;li&gt;Seek to understand &lt;b&gt;dosing/delivery preference&lt;/b&gt; and seek to understand &lt;b&gt;HCP beliefs around JAK class&lt;/b&gt;&lt;br&gt;&lt;li&gt;Reinforce EBGLYSS&#39;s differentiators with the &lt;b&gt;SLAM story&lt;/b&gt;&lt;/ul&gt;&lt;br&gt;&lt;b&gt;Recommended VAEs&lt;/b&gt;&lt;br&gt;&lt;ul&gt;&lt;li&gt;Target Patient&lt;li&gt;Safety&lt;li&gt;Monotherapy Efficacy&lt;/ul&gt;
Ebglyss_AD_04|&lt;br&gt;&lt;br&gt;&lt;b&gt;Recommended Discussion Topics:&lt;/b&gt;&lt;ul&gt;&lt;li&gt;Ensure HCP has &lt;b&gt;awareness that EBGLYSS&lt;/b&gt; is an option for patients with atopic dermatitis&lt;li&gt;Understand any beliefs around different treatment options and &lt;b&gt;reinforce EBGLYSS target patient&lt;/b&gt;&lt;li&gt;Consider setting up a &lt;b&gt;P2P program&lt;/b&gt; with this HCP &lt;/ul&gt;&lt;br&gt;&lt;b&gt;Recommended VAEs&lt;/b&gt;:&lt;br&gt;&lt;ul&gt;&lt;li&gt;Target Patient&lt;li&gt;Now Approved&lt;/ul&gt;
Ebglyss_AD_05|&lt;br&gt;&lt;br&gt;&lt;b&gt;Recommended Discussion Topics:&lt;/b&gt;&lt;ul&gt;&lt;li&gt;Seek to understand &lt;b&gt;how samples are being utilized&lt;/b&gt;&lt;li&gt;Check in on how patients are responding to therapy and where they are with the &lt;b&gt;Prior Authorization process.&lt;/b&gt;&lt;li&gt;Communicate &lt;b&gt;getting started resources&lt;/b&gt;&amp; reinforce the access messaging for EBGLYSS&lt;li&gt;Consider setting up a&lt;b&gt; KOS program&lt;/b&gt; with the office&lt;/ul&gt;&lt;br&gt;&lt;b&gt;Recommended VAEs:&lt;/b&gt;&lt;ul&gt;&lt;li&gt;Getting Started Resources&lt;li&gt;Lebri Resources&lt;li&gt;Monotherapy Efficacy&lt;/ul&gt;
Ebglyss_AD_06|&lt;br&gt;&lt;br&gt;&lt;b&gt;Recommended Discussion Topics:&lt;/b&gt;&lt;ul&gt;&lt;li&gt;Provide any additional information around &lt;b&gt;recent formulary upgrade&lt;/b&gt;&lt;li&gt;&lt;b&gt;Set up Alex, discuss core message elements&lt;/b&gt; and formulary upgrade&lt;li&gt;Seek to understand how important formulary coverage is in &lt;b&gt;making treatment decisions&lt;/b&gt;. Engage with both HCP and KOS.&lt;/ul&gt;&lt;br&gt;&lt;b&gt;Recommended VAEs:&lt;/b&gt;&lt;ul&gt;&lt;li&gt;Target Patient (PP-LK-US-0008)&lt;li&gt;Monotherapy Efficacy (PP-LK-US-0327)&lt;/ul&gt;
Olumiant_AA_01|&lt;br&gt;&lt;br&gt;&lt;b&gt;Recommended Discussion Topics:&lt;/b&gt;&lt;br&gt;&lt;ul&gt;&lt;li&gt;Seek to understand how they &lt;b&gt;assess the severity&lt;/b&gt; of patients and &lt;b&gt;where Olumiant fits&lt;/b&gt; in the treatment algorithm&lt;br&gt;&lt;li&gt;Using &lt;b&gt;GROW&lt;/b&gt;, Consider the &lt;b&gt;Patient Profile&lt;/b&gt; or the &lt;b&gt;Subgroup Analysis&lt;/b&gt; in the IVA (PP-BA-US-2259) to support patient identification&lt;/ul&gt;&lt;br&gt;&lt;b&gt;Recommended VAEs&lt;/b&gt;:&lt;br&gt;&lt;ul&gt;&lt;li&gt;Target Patient (PP-BA-US-1646)&lt;li&gt;Meaningful Efficacy (PP-BA-US-1679)&lt;/ul&gt;
Olumiant_AA_02|&lt;br&gt;&lt;br&gt;&lt;b&gt;Recommended Discussion Topics:&lt;/b&gt;&lt;br&gt; &lt;ul&gt; &lt;li&gt;Seek to understand how often they see adults with severe alopecia areata &amp; how they &lt;b&gt;assess the severity&lt;/b&gt;&lt;li&gt;Consider educating the clinician on severity assessment tools, such as AASc&lt;/li&gt; &lt;li&gt;Using &lt;b&gt;GROW&lt;/b&gt;, Consider the Patient Profile in the IVA to support patient identification &lt;/ul&gt; &lt;br&gt; &lt;b&gt;Recommended VAEs:&lt;/b&gt;&lt;br&gt; &lt;ul&gt; &lt;li&gt;Relevant Thought Leader Video (Efficacy or Safety) &lt;li&gt;Target Patient &lt;/ul&gt;
Olumiant_AA_03|&lt;br&gt;&lt;br&gt;&lt;b&gt;Recommended Discussion Topics:&lt;/b&gt;&lt;br&gt;&lt;ul&gt;&lt;li&gt;Seek to understand the &lt;b&gt;key drivers&lt;/b&gt; to prescribing a JAKi for adults with severe AA, including &lt;b&gt;perceptions&lt;/b&gt; of Litfulo and Olumiant&lt;li&gt;&lt;b&gt;Address&lt;/b&gt; the belief &amp; &lt;b&gt;expand the value gap&lt;/b&gt; by sharing the relevant &lt;b&gt;differentiation attributes&lt;/b&gt; of Olumiant through &lt;b&gt;GROW&lt;/b&gt; dialogue:&lt;br&gt; &lt;ul&gt; &lt;li&gt;- Meaningful hair regrowth across 3 areas of hair loss&lt;/li&gt; &lt;li&gt;- Established Safety Profile - 3 years&lt;/li&gt; &lt;li&gt;- Flexible Once daily dosing&lt;/li&gt; &lt;li&gt;- Best in Class commercial access&lt;/li&gt;&lt;/ul&gt;&lt;/ul&gt; &lt;br&gt;&lt;b&gt;Recommended VAEs:&lt;/b&gt;&lt;br&gt; &lt;ul&gt;&lt;li&gt;Target Patient (PP-BA-US-1646)&lt;li&gt;Meaningful Efficacy (PP-BA-US-1679)&lt;li&gt;Eyebrow &amp; Eyelash Efficacy (PP-BA-US-1682)&lt;li&gt;Sustained response Rates (PP-BA-US-2115)&lt;/ul&gt;
Olumiant_AA_04|&lt;br&gt;&lt;br&gt;&lt;b&gt;Recommended Discussion Topics:&lt;/b&gt;&lt;br&gt; &lt;ul&gt; &lt;li&gt;Uncover the &lt;b&gt;beliefs that are driving the Olumiant&lt;/b&gt; NBRx &lt;li&gt;Provide &lt;b&gt;support and resources&lt;/b&gt; to enable a positive &lt;b&gt;START&lt;/b&gt;, including treatment expectations for onset of improvement &lt;li&gt;Future Interactions - consider sharing long term &lt;b&gt;maintenance, dose titration &amp; withdrawal data&lt;/b&gt; to enable &lt;b&gt;STAY&lt;/b&gt; through patient management &lt;/ul&gt; &lt;br&gt;&lt;b&gt;Recommended VAE:&lt;/b&gt;&lt;br&gt; &lt;ul&gt; &lt;li&gt;Getting Patients Started (PP-BA-US-1683) &lt;li&gt;Meaningful Efficacy (PP-BA-US-1679) &lt;li&gt;Dose Titration (PP-BA-US-2113) &lt;/ul&gt;
Olumiant_AA_05|&lt;br&gt;&lt;br&gt;&lt;b&gt;Recommended Discussion Topics:&lt;/b&gt;&lt;br&gt; &lt;ul&gt; &lt;li&gt;Seek to understand the HCP &amp; KOS perspective on accessing Olumiant &lt;li&gt;Consider sharing &lt;b&gt;&quot;Best in class commercial access&quot;&lt;/b&gt; messaging by using &lt;b&gt;Formulary IVA (PP-BA-US-2231)&lt;/b&gt; &lt;/ul&gt;&lt;br&gt; &lt;b&gt;Recommended VAE:&lt;/b&gt;&lt;br&gt; &lt;ul&gt; &lt;li&gt;Getting Patients Started (PP-BA-US-1683) &lt;li&gt;Commercial Access (PP-BA-US-2120) &lt;/ul&gt;
Taltz_PsA_06|&lt;br&gt;&lt;br&gt;Utilize the dual target patient setup to convey Daniel&#39;s need for rapid and sustained relief.&lt;br&gt;&lt;br&gt;If you have not done so previously, dialogue about how Taltz provides rapid and sustained efficacy across the joints, skin and spine that Daniel needs.&lt;br&gt;&lt;br&gt;Confirm that when the HCP sees a patient with AS who needs a medication that offers rapid and sustained efficacy that they will choose Taltz.&lt;br&gt;&lt;br&gt;Send the Rapid and Sustained Joint AS Efficacy VAE (free text or other), the Favorable Access VAE or the MOA VAE if applicable.
Taltz_PsA_08|&lt;br&gt;&lt;br&gt;Utilize the dual target patient setup to convey Michelle&#39;s need for rapid and sustained relief.&lt;br&gt;&lt;br&gt;If you have not done so previously, dialogue about how Taltz provides rapid and sustained efficacy across the joints, skin and spine that Michelle needs.&lt;br&gt;&lt;br&gt;Confirm that when the HCP sees a patient with PsA who needs a medication that offers rapid and sustained efficacy that they will choose Taltz.&lt;br&gt;&lt;br&gt;Send the Rapid and Sustained Joint and Skin PsA Efficacy VAE (free text or other), the Favorable Access VAE or the MOA VAE if applicable.
Taltz_PsA_09|&lt;br&gt;&lt;br&gt;Utilize the dual target patient setup to convey Daniel&#39;s need for rapid and sustained relief.&lt;br&gt;&lt;br&gt;If you have not done so previously, dialogue about how Taltz provides rapid and sustained efficacy across the joints, skin and spine that Daniel needs.&lt;br&gt;&lt;br&gt;Confirm that when the HCP sees a patient with AS who needs a medication that offers rapid and sustained efficacy that they will choose Taltz.&lt;br&gt;&lt;br&gt;Send the Rapid and Sustained Joint AS Efficacy VAE (free text or other), the Favorable Access VAE or the MOA VAE if applicable.
Taltz_PsA_10|&lt;br&gt;&lt;br&gt;&lt;b&gt;Recommended Discussion Topics:&lt;/b&gt;&lt;ul&gt;&lt;li&gt;Ensure HCP is aware of the Zepbound Savings for Taltz Patients program&lt;li&gt;Reinforce that the eligibility criteria must be met, which means that only patients with commercial coverage, which covers Taltz, are eligible for the program and governmental beneficiaries are excluded (in addition to all other requirements).&lt;/ul&gt;&lt;br&gt;&lt;b&gt;Recommended VAEs:&lt;/b&gt;&lt;ul&gt;&lt;li&gt;Zepbound Savings for Taltz Patients&lt;/ul&gt;
Taltz_PsO_01|&lt;br&gt;&lt;br&gt;&lt;b&gt;Recommended Discussion Topics:&lt;/b&gt;&lt;ul&gt;&lt;li&gt;Seek to understand when the HCP is choosing Cosentyx and Taltz and for which patients &lt;li&gt;Use the &lt;b&gt;MOA IVA&lt;/b&gt; to show differences in the IL-17 class, followed by &lt;b&gt;rapid and durable data&lt;/b&gt; and the &lt;b&gt;real-world study&lt;/b&gt;&lt;/ul&gt;&lt;br&gt;&lt;b&gt;Recommended VAEs:&lt;/b&gt;&lt;ul&gt;&lt;li&gt;Free Text with Challenging Body Areas attachment &lt;li&gt;Favorable Access&lt;/ul&gt;
Taltz_PsO_02|&lt;br&gt;&lt;br&gt;&lt;b&gt;Recommended Discussion Topics:&lt;/b&gt;&lt;br&gt;&lt;ul&gt;&lt;li&gt;Remind HCP that &lt;b&gt;Taltz is #1 prescribed IL-17&lt;/b&gt; in Derm and has the &lt;b&gt;best access&lt;/b&gt; in the iL-17 class in Dermatology&lt;li&gt;Use the &lt;b&gt;Formulary IVA&lt;/b&gt; to show the HCP their local access for Taltz&lt;li&gt;Set up &lt;b&gt;Taylor&lt;/b&gt; and build on recent engagements&lt;/ul&gt;&lt;br&gt;&lt;b&gt;Recommended VAEs:&lt;/b&gt;&lt;br&gt;&lt;ul&gt;&lt;li&gt;Favorable Access&lt;li&gt;H2H Efficacy with Humira attachment&lt;/ul&gt;
Taltz_PsO_03_A|&lt;br&gt;&lt;br&gt;&lt;b&gt;Recommended Discussion Topics:&lt;/b&gt;&lt;ul&gt;&lt;li&gt;Seek to understand when the HCP is choosing Cosentyx, Bimzelx, and Taltz and for which patients &lt;li&gt;Use the &lt;b&gt;MOA IVA&lt;/b&gt; to show differences in the IL-17 class, followed by &lt;b&gt;rapid and durable data&lt;/b&gt; and the &lt;b&gt;real world study&lt;/b&gt;&lt;/ul&gt;&lt;br&gt;&lt;b&gt;Recommended VAEs:&lt;/b&gt;&lt;ul&gt;&lt;li&gt;Free Text with Challenging Body Areas attachment&lt;li&gt;Favorable Access&lt;/ul&gt;
Taltz_PsO_03_B|&lt;br&gt;&lt;br&gt;&lt;b&gt;Recommended Discussion Topics:&lt;/b&gt;&lt;ul&gt;&lt;li&gt;Discover what is causing the HCP to&lt;b&gt; write more Cosentyx&lt;/b&gt;&lt;li&gt;Consider using the &lt;b&gt;MOA IVA or Formulary IVA&lt;/b&gt;&lt;li&gt;Remind the HCP that Taltz is &lt;b&gt;#1 prescribed IL-17&lt;/b&gt; in Derm and has the &lt;b&gt;best access&lt;/b&gt; in the IL-17 class in Dermatology&lt;/ul&gt;&lt;br&gt;&lt;b&gt;Recommended VAEs:&lt;/b&gt;&lt;br&gt;&lt;ul&gt;&lt;li&gt;Scalp and Nail&lt;li&gt;Efficacy H2H with the Humira attachment&lt;/ul&gt;
Taltz_PsO_03_C|&lt;br&gt;&lt;br&gt;&lt;b&gt;Recommended Discussion Topics:&lt;/b&gt;&lt;ul&gt;&lt;li&gt;Discover&lt;b&gt; how the HCP is making treatment decisions&lt;/b&gt;&lt;li&gt;Ensure HCP understands who the right patient is for Taltz and the need for&lt;b&gt; rapid relief today and durable results tomorrow&lt;/b&gt;&lt;li&gt;Reinforce mean percent improvement data at week 2 and year 5 and then &lt;b&gt;differentiate from Tremfya on skin efficacy&lt;/b&gt; using the H2H trial data and real world data&lt;/ul&gt;&lt;br&gt;&lt;b&gt;Recommended VAEs:&lt;/b&gt;&lt;ul&gt;&lt;li&gt;Patient Profile (and Challenging Body Areas)&lt;li&gt;Efficacy H2H with the Tremfya attachment&lt;/ul&gt;
Taltz_PsO_03_D|&lt;br&gt;&lt;br&gt;&lt;b&gt;Recommended Discussion Topics:&lt;/b&gt;&lt;ul&gt;&lt;li&gt;Uncover &lt;b&gt;why the HCP is writing more Stelara&lt;/b&gt;&lt;li&gt;Setup Taylor and establish his&lt;b&gt; need for rapid and durable efficacy &lt;/b&gt;because everyday moments matter.&lt;li&gt;Reinforce &lt;b&gt;mean percent improvement data&lt;/b&gt; at week 2 and year 5 and address trade-offs associated with more frequent dosing.&lt;/ul&gt;&lt;br&gt;&lt;b&gt;Recommended VAEs:&lt;/b&gt;&lt;ul&gt;&lt;li&gt;Efficacy H2H with the Stelara attachment&lt;li&gt;Efficacy with Rapid Durable attachment&lt;/ul&gt;
Taltz_PsO_03_E|&lt;br&gt;&lt;br&gt;&lt;b&gt;Recommended Discussion Topics:&lt;/b&gt;&lt;ul&gt;&lt;li&gt;Discover what is the most&lt;b&gt; motivating factor for choosing Skyrizi&lt;/b&gt;&lt;li&gt;If &lt;b&gt;dosing frequency&lt;/b&gt; is a factor, ask the HCP how they are presenting options to the patient&lt;li&gt;Reinforce &lt;b&gt;mean percent improvement data&lt;/b&gt; at week 2 and year 5, address trade-offs associated with more frequent dosing, and share the real world data.&lt;/ul&gt;&lt;br&gt;&lt;b&gt;Recommended VAEs:&lt;/b&gt;&lt;ul&gt;&lt;li&gt;Scalp and Nail&lt;li&gt;Free Text with Challenging Body Areas or Structure attachment&lt;/ul&gt;
Taltz_PsO_03_F|&lt;br&gt;&lt;br&gt;&lt;b&gt;Recommended Discussion Topics:&lt;/b&gt;&lt;ul&gt;&lt;li&gt;Seek to understand &lt;b&gt;when the HCP is choosing Bimzelx&lt;/b&gt;&lt;li&gt;Use the &lt;b&gt;MOA IVA&lt;/b&gt; to show the differences between molecules in the IL-17 class &lt;li&gt;Reinforce &lt;b&gt;rapid and durable data&lt;/b&gt; and the established &lt;b&gt;safety profile of Taltz&lt;/b&gt;, including low rates of oral candidiasis through 5 years, no warning for suicidal ideation, and no requirement for liver monitoring.&lt;/ul&gt;&lt;br&gt;&lt;b&gt;Recommended VAEs:&lt;/b&gt;&lt;ul&gt;&lt;li&gt;Free Text with Safety attachment&lt;li&gt;Scalp and Nail&lt;/ul&gt;
Taltz_PsO_04|&lt;br&gt;&lt;br&gt;&lt;b&gt;Recommended Discussion Topics:&lt;/b&gt;&lt;ul&gt;&lt;li&gt;Utilize Taylor&#39;s profile to remind HCP that &lt;b&gt;everyday moments are important&lt;/b&gt; and Taltz provides &lt;b&gt;rapid relief today and durable results tomorrow&lt;/b&gt;&lt;li&gt;Reinforce &lt;b&gt;mean percent improvement data&lt;/b&gt; at week 2 and year 5, address &lt;b&gt;trade-offs associated with more frequent dosing&lt;/b&gt;, and share the &lt;b&gt;real-world data.&lt;/b&gt;&lt;/ul&gt;&lt;br&gt;&lt;b&gt;Recommended VAEs:&lt;/b&gt;&lt;ul&gt;&lt;li&gt;Scalp and Nail&lt;li&gt;Free Text with Structure fragment&lt;/ul&gt;
Taltz_PsO_08|&lt;br&gt;&lt;br&gt;&lt;b&gt;Recommended Discussion Topics:&lt;/b&gt;&lt;ul&gt;&lt;li&gt;Ensure HCP is aware of the Zepbound Savings for Taltz Patients program&lt;li&gt;Reinforce that the eligibility criteria must be met, which means that only patients with commercial coverage, which covers Taltz, are eligible for the program and governmental beneficiaries are excluded (in addition to all other requirements).&lt;/ul&gt;&lt;br&gt;&lt;b&gt;Recommended VAEs:&lt;/b&gt;&lt;ul&gt;&lt;li&gt;Zepbound Savings for Taltz Patients&lt;/ul&gt;
Taltz_PsA_03_A|&lt;br&gt;&lt;br&gt;&lt;b&gt;Recommended Discussion Topics:&lt;/b&gt;&lt;ul&gt;&lt;li&gt;Seek to understand how the HCP &lt;b&gt;differentiates between IL-17s&lt;/b&gt;&lt;li&gt;Setup Michelle and establish her need for &lt;b&gt;rapid and sustained efficacy&lt;/b&gt;&lt;/ul&gt;&lt;br&gt;&lt;b&gt;Recommended VAEs:&lt;/b&gt;&lt;ul&gt;&lt;li&gt;MDA (Minimal Disease Activity)&lt;/ul&gt;
Taltz_PsA_03_B|&lt;br&gt;&lt;br&gt;&lt;b&gt;Recommended Discussion Topics:&lt;/b&gt;&lt;ul&gt;&lt;li&gt;Determine the reasons behind the &lt;b&gt;recent change in prescribing behavior&lt;/b&gt;&lt;li&gt;Reinforce the &lt;b&gt;Today and Tomorrow &lt;/b&gt;messaging strategy&lt;/ul&gt;&lt;br&gt;&lt;b&gt;Recommended VAEs:&lt;/b&gt;&lt;ul&gt;&lt;li&gt;MDA (Minimal Disease Activity)&lt;li&gt;Radiographic Progression&lt;/ul&gt;
Taltz_PsA_03_C|&lt;br&gt;&lt;br&gt;&lt;b&gt;Recommended Discussion Topics:&lt;/b&gt;&lt;ul&gt;&lt;li&gt;Discover what kind of &lt;b&gt;joint improvement&lt;/b&gt; the HCP expects from an IL-23&lt;li&gt;Ensure awareness regarding Taltz's &lt;b&gt;radiographic progression data&lt;/b&gt; and &lt;b&gt;indications in axSpA&lt;/b&gt;&lt;/ul&gt;&lt;br&gt;&lt;b&gt;Recommended VAEs:&lt;/b&gt;&lt;ul&gt;&lt;li&gt;IL-23 Comparison&lt;/ul&gt;
Taltz_PsA_03_D|&lt;br&gt;&lt;br&gt;&lt;b&gt;Recommended Discussion Topics:&lt;/b&gt;&lt;ul&gt;&lt;li&gt;Discover what kind of &lt;b&gt;joint improvement&lt;/b&gt; the HCP expects from an IL-23&lt;li&gt;Ensure awareness regarding Taltz's &lt;b&gt;radiographic progression data&lt;/b&gt; and &lt;b&gt;indications in axSpA&lt;/b&gt;&lt;/ul&gt;&lt;br&gt;&lt;b&gt;Recommended VAEs:&lt;/b&gt;&lt;ul&gt;&lt;li&gt;IL-23 Comparison&lt;/ul&gt;
Taltz_PsA_03_E|&lt;br&gt;&lt;br&gt;&lt;b&gt;Recommended Discussion Topics:&lt;/b&gt;&lt;ul&gt;&lt;li&gt;Probe on how often the HCP sees patients with PsA &lt;b&gt;wihtout skin involvement&lt;/b&gt;&lt;li&gt;&lt;b&gt;Remind of Rinoq's PI&lt;/b&gt; - boxed warning and PsA indication only following TNF&lt;/ul&gt;&lt;br&gt;&lt;b&gt;Recommended VAEs:&lt;/b&gt;&lt;ul&gt;&lt;li&gt;Rapid and Sustained Efficacy in Joints and Skin&lt;li&gt;Long Term Safety&lt;/ul&gt;
Taltz_PsA_03_F|&lt;br&gt;&lt;br&gt;&lt;b&gt;Recommended Discussion Topics:&lt;/b&gt;&lt;ul&gt;&lt;li&gt;Seek to understand how the HCP &lt;b&gt;differentiates between IL-17s&lt;/b&gt;&lt;li&gt;Setup Michelle and establish her need for &lt;b&gt;rapid and sustained efficacy&lt;/b&gt;&lt;li&gt;Proactively share &lt;b&gt;Taltz safety message&lt;/b&gt;&lt;/ul&gt;&lt;br&gt;&lt;b&gt;Recommended VAEs:&lt;/b&gt;&lt;ul&gt;&lt;li&gt;Rapid and Sustained Efficacy in Joints and Skin&lt;li&gt;Long Term Safety&lt;/ul&gt;
Olumiant_AA_08|&lt;br&gt;&lt;br&gt;&lt;b&gt;Recommended Discussion Topics:&lt;/b&gt;&lt;ul&gt;&lt;li&gt;Seek to understand the reasons for prescribing a JAKi for adults with severe AA, including &lt;b&gt;perceptions of Leqselvi and Olumiant&lt;/b&gt;&lt;li&gt;Address the belief & expand the value gap by sharing the relevant differentiation attributes of Olumiant through &lt;b&gt;GROW dialogue:&lt;/b&gt;&lt;ul&gt;&lt;li&gt;1. Meaningful & Sustained hair &lt;b&gt;regrowth&lt;/b&gt; across 3 areas of hair loss&lt;li&gt;2. Established &lt;b&gt;Safety Profile&lt;/b&gt; with significant patient experience&lt;li&gt;3. Flexible &lt;b&gt;Once daily&lt;/b&gt; dosing&lt;li&gt;4. Best in &lt;b&gt;Class commerical access&lt;/b&gt;&lt;/ul&gt;&lt;/ul&gt;&lt;br&gt;&lt;b&gt;Recommended VAEs:&lt;/b&gt;&lt;ul&gt;&lt;li&gt;Sustained Response Rates -2023&lt;li&gt;Safety&lt;li&gt;Commercial Access&lt;/ul&gt;
OBUDT_JAY_CLL_1|&lt;br&gt;&lt;b&gt;Recommended Discussion Topics:&lt;/b&gt;&lt;br&gt;&lt;ul&gt;&lt;li&gt;&lt;b&gt;Gain insight&lt;/b&gt; into the HCP&#39;s experience with Jaypirca so far, and if they have had the opportunity to start a new patient recently.&lt;br&gt;&lt;li&gt;&lt;b&gt;Discover&lt;/b&gt; when the HCP will be following-up with the patient and what their expectations are at that time.&lt;br&gt;&lt;li&gt;&lt;b&gt;Discover&lt;/b&gt; what patient initiation support the office prefers and which Jaypirca offerings may be helpful.&lt;br&gt;&lt;/ul&gt;&lt;br&gt;&lt;b&gt;Recommended Resources:&lt;/b&gt;&lt;br&gt;&lt;ul&gt;&lt;li&gt;Free Text VAE (Savings and Support Fragment)&lt;br&gt;&lt;li&gt;Jaypirca LOSC Leave Behind&lt;br&gt;&lt;li&gt;If requested for a specific patient, voucher (print or VAE) or sample&lt;br&gt;&lt;/ul&gt;
OBUDT_JAY_CLL_10|&lt;br&gt;&lt;b&gt;Recommended Discussion Topics:&lt;/b&gt;&lt;br&gt;&lt;ul&gt;&lt;li&gt;&lt;b&gt;Discover&lt;/b&gt; how the HCP manages a patient with CLL once they suspect they are progressing.&lt;br&gt;&lt;li&gt;&lt;b&gt;Review&lt;/b&gt; the Jaypirca Target Patient, David, and &lt;b&gt;inquire&lt;/b&gt; if the HCP is currently treating any patients with CLL who are similar to David.&lt;br&gt;&lt;li&gt;&lt;b&gt;Discuss&lt;/b&gt; the efficacy Jaypirca demonstrated and what it could mean for a patient like David.&lt;br&gt;&lt;/ul&gt;&lt;br&gt;&lt;b&gt;Recommended Resources:&lt;/b&gt;&lt;br&gt;&lt;ul&gt;&lt;li&gt;Free Text VAE (Target Patient Fragment)&lt;br&gt;&lt;li&gt;Free Text VAE (Efficacy Fragment)&lt;br&gt;&lt;li&gt;Efficacy Leave Behind&lt;br&gt;&lt;/ul&gt;
OBUDT_JAY_CLL_11|&lt;br&gt;&lt;b&gt;Recommended Discussion Topics:&lt;/b&gt;&lt;br&gt;&lt;ul&gt;&lt;li&gt;&lt;b&gt;Discover&lt;/b&gt; the HCP&#39;s experience with Jaypirca so far;&lt;b&gt; reinforce&lt;/b&gt; why the HCP chose Jaypirca in the first place.&lt;br&gt;&lt;li&gt;&lt;b&gt;Discover&lt;/b&gt; when the HCP will be following-up with the patient and what their expectations are at that time.&lt;br&gt;&lt;li&gt;&lt;b&gt;Explore&lt;/b&gt; strategies to assist the HCP in delivering personalized solutions to potential side effects.&lt;br&gt;&lt;li&gt;&lt;b&gt;Discover&lt;/b&gt; what patient initiation support the office prefers and which of Jaypirca&#39;s offerings may be helpful.&lt;br&gt;&lt;/ul&gt;&lt;br&gt;&lt;b&gt;Recommended Resources:&lt;/b&gt;&lt;br&gt;&lt;ul&gt;&lt;li&gt;Jaypirca LOSC Digital Leave Behind&lt;br&gt;&lt;li&gt;Free Text VAE (Savings &amp; Support Fragment)&lt;br&gt;&lt;li&gt;Dosing and Administration Guide&lt;br&gt;&lt;li&gt;If requested for a specific patient, voucher (print or VAE) or sample&lt;br&gt;&lt;/ul&gt;
OBUDT_JAY_CLL_12|&lt;br&gt;&lt;b&gt;Recommended Discussion Topics:&lt;/b&gt;&lt;br&gt;&lt;ul&gt;&lt;li&gt;&lt;b&gt;Discover&lt;/b&gt; the HCP&#39;s experience with Jaypirca so far; &lt;b&gt;reinforce&lt;/b&gt; why the HCP chose Jaypirca in the first place.&lt;br&gt;&lt;li&gt;&lt;b&gt;Discover&lt;/b&gt; when the HCP will be following-up with the patient and what their expectations are at that time.&lt;br&gt;&lt;li&gt;&lt;b&gt;Explore&lt;/b&gt; strategies to assist the HCP in delivering personalized solutions to potential side effects. &lt;br&gt;&lt;li&gt;&lt;b&gt;Discover&lt;/b&gt; what patient initiation support the office prefers and which of Jaypirca&#39;s offerings may be helpful. &lt;br&gt;&lt;/ul&gt;&lt;br&gt;&lt;b&gt;Recommended Resources:&lt;/b&gt;&lt;br&gt;&lt;ul&gt;&lt;li&gt;Jaypirca LOSC Digital Leave Behind&lt;br&gt;&lt;li&gt;Free Text VAE (Savings &amp; Support Fragment) &lt;br&gt;&lt;li&gt;Dosing and Administration Guide&lt;br&gt;&lt;li&gt;If requested for a specific patient, voucher (print or VAE) or sample &lt;br&gt;&lt;/ul&gt;
OBUDT_JAY_CLL_13|&lt;br&gt;&lt;b&gt;Recommended Discussion Topics:&lt;/b&gt;&lt;br&gt;&lt;ul&gt;&lt;li&gt;&lt;b&gt;Discover&lt;/b&gt; how the HCP manages side effects of cBTKis for patiets with CLL.&lt;br&gt;&lt;li&gt;&lt;b&gt;Discuss&lt;/b&gt; the Jaypirca Target Patient and the efficacy results that he may experience with Jaypirca.&lt;br&gt;&lt;li&gt;&lt;b&gt;Share&lt;/b&gt; that Jaypirca is an NCCN Category 2A Recommended Treatment.&lt;br&gt;&lt;/ul&gt;&lt;br&gt;&lt;b&gt;Recommended Resources:&lt;/b&gt;&lt;br&gt;&lt;ul&gt;&lt;li&gt;NCCN Guidelines VAE&lt;br&gt;&lt;li&gt;Free Text VAE (Efficacy Fragment)&lt;br&gt;&lt;li&gt;Free Text VAE (Target Patient Fragment)&lt;br&gt;&lt;/ul&gt;
OBUDT_JAY_CLL_2|&lt;br&gt;&lt;b&gt;Recommended Discussion Topics:&lt;/b&gt;&lt;br&gt;&lt;ul&gt;&lt;li&gt;&lt;b&gt;Remind&lt;/b&gt; the HCP that Jaypirca works differently from covalent BTKi&#39;s in where and how it binds.&lt;br&gt;&lt;li&gt;&lt;b&gt;Build confidence&lt;/b&gt; in the HCP, highlighting the efficacy that Jaypirca can offer patients who&#39;ve been previously treated with a BTKi and a BCL2i.&lt;br&gt;&lt;li&gt;&lt;b&gt;Share&lt;/b&gt; that Jaypirca is an NCCN Category 2A Recommended Treatment.&lt;br&gt;&lt;/ul&gt;&lt;br&gt;&lt;b&gt;Recommended Resources:&lt;/b&gt;&lt;br&gt;&lt;ul&gt;&lt;li&gt;Free Text VAE (MOA fragment)&lt;br&gt;&lt;li&gt;Free Text VAE (Efficacy fragment)&lt;br&gt;&lt;li&gt;NCCN Guidelines VAE or Leave Behind&lt;br&gt;&lt;/ul&gt;
OBUDT_JAY_CLL_3|&lt;br&gt;&lt;b&gt;Recommended Discussion Topics:&lt;/b&gt;&lt;br&gt;&lt;ul&gt;&lt;li&gt;&lt;b&gt;Discover&lt;/b&gt; what the HCP has historically done for a patient with CLL who has progressed through their first two lines of therapy (including a BTKi and a BCL2i), and what goals they had for that patient.&lt;br&gt;&lt;li&gt;&lt;b&gt;Remind&lt;/b&gt; the HCP of Jaypirca&#39;s indication for patients with CLL after 2 lines of therapy, including a BTKi and a BCL2i.&lt;br&gt;&lt;li&gt;&lt;b&gt;Discuss&lt;/b&gt; the efficacy that Jaypirca can offer patients with CLL who&#39;ve been previously treated with a BTKi and a BCL2i.&lt;br&gt;&lt;/ul&gt;&lt;br&gt;&lt;b&gt;Recommended Resources:&lt;/b&gt;&lt;br&gt;&lt;ul&gt;&lt;li&gt;Free Text VAE (Efficacy Fragment)&lt;br&gt;&lt;li&gt;Efficacy Leave Behind&lt;br&gt;&lt;li&gt;Free Text VAE (Target Patient Fragment)&lt;br&gt;&lt;/ul&gt;
OBUDT_JAY_CLL_4|&lt;br&gt;&lt;b&gt;Recommended Discussion Topics:&lt;/b&gt;&lt;br&gt;&lt;ul&gt;&lt;li&gt;&lt;b&gt;Discover&lt;/b&gt; how the HCP manages a patient with CLL who is taking a BCL2i once they suspect they are progressing or becoming intolerant.&lt;br&gt;&lt;li&gt;&lt;b&gt;Instill confidence&lt;/b&gt; in the HCP, highlighting the efficacy that Jaypirca can offer patients who&#39;ve been previously treated with a BTKi and a BCL2i.&lt;br&gt;&lt;li&gt;&lt;b&gt;Discuss&lt;/b&gt; Jaypirca&#39;s once daily oral dosing, which may be meaningful to a patient like David.&lt;br&gt;&lt;/ul&gt;&lt;br&gt;&lt;b&gt;Recommended Resources:&lt;/b&gt;&lt;br&gt;&lt;ul&gt;&lt;li&gt;Free Text VAE (Efficacy Fragment)&lt;br&gt;&lt;li&gt;Free Text VAE (Dosing Fragment)&lt;br&gt;&lt;li&gt;Efficacy Leave Behind&lt;br&gt;&lt;/ul&gt;
OBUDT_JAY_CLL_5|&lt;br&gt;&lt;b&gt;Recommended Discussion Topics:&lt;/b&gt;&lt;br&gt;&lt;ul&gt;&lt;li&gt;Discover&lt;/b&gt; in what line the HCP typically chooses a cBTKi vs a BCL2i and why.&lt;br&gt;&lt;li&gt;&lt;b&gt;Discuss&lt;/b&gt; Jaypirca as a potential next treatment option for patients with CLL after 2 lines of treatment, including a BTKi and a BCL2i.&lt;br&gt;&lt;li&gt;&lt;b&gt; Remind&lt;/b&gt; the HCP that Jaypirca works differently from covalent BTKi&#39;s, and &lt;b&gt;discuss&lt;/b&gt; the efficacy it can offer.&lt;br&gt;&lt;li&gt;&lt;b&gt;Share&lt;/b&gt; that Jaypirca is an NCCN Category 2A Recommended Treatment.&lt;br&gt;&lt;/ul&gt;&lt;br&gt;&lt;b&gt;Recommended Resources:&lt;/b&gt;&lt;br&gt;&lt;ul&gt;&lt;li&gt;NCCN Guidelines VAE or Leave Behind&lt;br&gt;&lt;li&gt;Free Text VAE (MOA Fragment)&lt;br&gt;&lt;li&gt;Free Text VAE (Efficacy Fragment)&lt;br&gt;&lt;li&gt;Free Text VAE (Safety Fragment)&lt;br&gt;&lt;/ul&gt;
OBUDT_JAY_CLL_6|&lt;br&gt;&lt;b&gt;Recommended Discussion Topics:&lt;/b&gt;&lt;br&gt;&lt;ul&gt;&lt;li&gt;&lt;b&gt;Discover&lt;/b&gt; what the HCP has historically done for a patient with CLL who has progressed through a BTKi and a BCL2i and what goals they had for that patient.&lt;br&gt;&lt;li&gt;&lt;b&gt;Discuss&lt;/b&gt; what challenges the HCP faces when a BTKi and a BCL2i are no longer an option for a patient with CLL.&lt;br&gt;&lt;li&gt;&lt;b&gt;Instill confidence&lt;/b&gt; in the HCP, highlighting the efficacy that Jaypirca can offer patients who&#39;ve been previously treated with a BTKi and a BCL2i.&lt;br&gt;&lt;li&gt;&lt;b&gt;Share&lt;/b&gt; that Jaypirca is an NCCN Category 2A Recommended Treatment.&lt;br&gt;&lt;/ul&gt;&lt;br&gt;&lt;b&gt;Recommended Resources:&lt;/b&gt;&lt;br&gt; &lt;ul&gt;&lt;li&gt;Unbranded MCL/CLL Education Leave Behind&lt;br&gt;&lt;li&gt;Free Text VAE (Efficacy Fragment)&lt;br&gt;&lt;li&gt;Efficacy Leave Behind&lt;br&gt;&lt;li&gt;NCCN Guidelines VAE or Leave Behind&lt;br&gt;&lt;/ul&gt;
OBUDT_JAY_CLL_7|&lt;br&gt;&lt;b&gt;Recommended Discussion Topics:&lt;/b&gt;&lt;br&gt;&lt;ul&gt;&lt;li&gt;&lt;b&gt;Discover&lt;/b&gt; how the HCP manages a patient with CLL who is progressing while being treated with a cBTKi.&lt;br&gt;&lt;li&gt;&lt;b&gt;Instill confidence&lt;/b&gt; in the HCP, highlighting the efficacy that Jaypirca can offer patients who&#39;ve been previously treated with a BTKi and a BCL2i.&lt;br&gt;&lt;li&gt;Share that Jaypirca is an NCCN Category 2A Recommended Treatment. &lt;br&gt;&lt;/ul&gt;&lt;br&gt;&lt;b&gt;Recommended Resources:&lt;/b&gt;&lt;br&gt;&lt;ul&gt;&lt;li&gt;Free Text VAE (Target Patient Fragment)&lt;br&gt;&lt;li&gt;Free Text VAE (Efficacy Fragment)&lt;br&gt;&lt;li&gt;NCCN Guidelines VAE or Leave Behind&lt;br&gt;&lt;/ul&gt;
OBUDT_JAY_CLL_8|&lt;br&gt;&lt;b&gt;Recommended Discussion Topics:&lt;/b&gt;&lt;br&gt;&lt;ul&gt;&lt;li&gt;&lt;b&gt;Discover&lt;/b&gt; what expectations the HCP has for this regimen, including what treatments the HCP would consider next.&lt;br&gt;&lt;li&gt;&lt;b&gt;Discuss&lt;/b&gt; the Jaypirca target patient, who is progressing after treatment with with two prior lines of therapy including a BTKi and a BCL2i.&lt;br&gt;&lt;li&gt;&lt;b&gt;Instill confidence&lt;/b&gt; in the HCP, highlighting the efficacy that Jaypirca can offer patients who&#39;ve been previously treated with a BTKi and a BCL2i.&lt;br&gt;&lt;/ul&gt;&lt;br&gt;&lt;b&gt;Recommended Resources:&lt;/b&gt;&lt;br&gt;&lt;ul&gt;&lt;li&gt;Free Text VAE (Target Patient Fragment)&lt;br&gt;&lt;li&gt;Free Text VAE (Efficacy Fragment)&lt;br&gt;&lt;li&gt;Efficacy Leave Behind&lt;br&gt;&lt;/ul&gt;
OBUDT_JAY_CLL_9|&lt;br&gt;&lt;b&gt;Recommended Discussion Topics:&lt;/b&gt;&lt;br&gt;&lt;ul&gt;&lt;li&gt;&lt;b&gt;Discover&lt;/b&gt; how the HCP manages a patient with CLL who is progressing following a treatment-free interval after taking a BCL2i.&lt;br&gt;&lt;li&gt;&lt;b&gt;Instill confidence&lt;/b&gt; in the HCP, highlighting the efficacy that Jaypirca can offer patients who&#39;ve been previously treated with a BTKi and a BCL2i.&lt;br&gt;&lt;li&gt;&lt;b&gt;Discuss&lt;/b&gt; Jaypirca&#39;s once daily oral dosing, which may be meaningful to a patient like David.&lt;br&gt;&lt;/ul&gt;&lt;br&gt;&lt;b&gt;Recommended Resources:&lt;/b&gt;&lt;br&gt;&lt;ul&gt;&lt;li&gt;Free Text VAE (Efficacy Fragment)&lt;br&gt;&lt;li&gt;Free Text VAE (Dosing Fragment)&lt;br&gt;&lt;li&gt;Efficacy Leave Behind&lt;br&gt;&lt;/ul&gt;
OBUDT_JAY_CLL_MCL_1|&lt;br&gt;&lt;b&gt;Recommended Discussion Topics:&lt;/b&gt;&lt;br&gt; &lt;ul&gt;&lt;li&gt;&lt;b&gt;Discover&lt;/b&gt; the HCP&#39;s typical algorithm for a patient following a cBTKi; for a patient with CLL, &lt;b&gt;discover&lt;/b&gt; in what line the HCP typically chooses a cBTKi vs a BCL2i and why.&lt;br&gt;&lt;li&gt;&lt;b&gt;Discover&lt;/b&gt; the doctor&#39;s experience with Jaypirca in a real patient.&lt;br&gt;&lt;li&gt;&lt;b&gt;Discuss&lt;/b&gt; Jaypirca&#39;s efficacy and safety data in the context of a real patient they have treated or are currently treating.&lt;br&gt;&lt;li&gt;&lt;b&gt;Share&lt;/b&gt; that Jaypirca is an NCCN Category 2A Recommended Treatment.&lt;br&gt;&lt;/ul&gt;&lt;br&gt;&lt;b&gt;Recommended Resources:&lt;/b&gt;&lt;br&gt;&lt;ul&gt;&lt;li&gt;NCCN Guidelines VAE or Leave Behind&lt;br&gt;&lt;li&gt;Free Text VAE (Efficacy Fragment)&lt;br&gt;&lt;li&gt;Free Text VAE (Safety Fragment)&lt;br&gt;&lt;/ul&gt;
OBUDT_JAY_MCL_1|&lt;br&gt;&lt;b&gt;Recommended Discussion Topics:&lt;/b&gt;&lt;br&gt;&lt;ul&gt;&lt;li&gt;&lt;b&gt;Remind&lt;/b&gt; the HCP that Jaypirca works differently from covalent BTKis in where and how it binds.&lt;br&gt;&lt;li&gt;&lt;b&gt;Build confidence&lt;/b&gt; in the HCP, highlighting the efficacy that Jaypirca can offer patients with R/R MCL previously treated with a BTKi.&lt;br&gt;&lt;li&gt;&lt;b&gt;Share&lt;/b&gt; that Jaypirca is an NCCN Category 2A Recommended Treatment.&lt;br&gt;&lt;/ul&gt;&lt;br&gt;&lt;b&gt;Recommended Resources:&lt;/b&gt;&lt;br&gt;&lt;ul&gt;&lt;li&gt;Free Text VAE (MOA fragment)&lt;br&gt;&lt;li&gt;Free Text VAE (Efficacy fragment)&lt;br&gt;&lt;li&gt;NCCN Guidelines VAE&lt;br&gt;&lt;/ul&gt;
OBUDT_JAY_MCL_2|&lt;br&gt;&lt;b&gt;Recommended Discussion Topics:&lt;/b&gt;&lt;br&gt;&lt;ul&gt;&lt;li&gt;&lt;b&gt;Discover&lt;/b&gt; the HCP&#39;s typical algorithm for a patient following a cBTKi, and if/when they consider rechallenging with a cBTKi.&lt;br&gt;&lt;li&gt;&lt;b&gt;Remind&lt;/b&gt; the HCP of Jaypirca&#39;s indication for patients with MCL after 2 lines of systemic therapy, including a BTKi.&lt;br&gt;&lt;li&gt;&lt;b&gt;Remind&lt;/b&gt; the HCP that Jaypirca works differently from covalent BTKis, and &lt;b&gt;discuss&lt;/b&gt; the efficacy it can offer.&lt;br&gt;&lt;/ul&gt;&lt;br&gt;&lt;b&gt;Recommended Resources:&lt;/b&gt;&lt;br&gt;&lt;ul&gt;&lt;li&gt;Free Text VAE (MOA Fragment)&lt;br&gt;&lt;li&gt;Free Text VAE (Efficacy Fragment)&lt;br&gt;&lt;li&gt;NCCN Guidelines VAE&lt;br&gt;&lt;/ul&gt;
OBUDT_JAY_MCL_3|&lt;br&gt;Recommended Discussion Topics:&lt;br&gt;&lt;ul&gt;&lt;li&gt;&lt;b&gt;Gain insight&lt;/b&gt; into the HCP&#39;s experience with Jaypirca so far, and if they have had the opportunity to start a new patient recently.&lt;br&gt;&lt;li&gt;&lt;b&gt;Discover&lt;/b&gt; when the HCP will be following-up with the patient and what their expectations are at that time.&lt;br&gt;&lt;li&gt;&lt;b&gt;Discover&lt;/b&gt; what patient initiation support the office prefers and which Jaypirca offerings may be helpful.&lt;br&gt;&lt;/ul&gt;&lt;br&gt;Recommended Resources:&lt;br&gt;&lt;ul&gt;&lt;li&gt;Free Text VAE (Savings and Support Fragment)&lt;br&gt;&lt;li&gt;Jaypirca LOSC Digital Leave Behind&lt;br&gt;&lt;li&gt;If requested for a specific patient, voucher (print or VAE) or sample&lt;br&gt;&lt;/ul&gt;
OBUDT_VER_EBC_1|&lt;br&gt;&lt;b&gt;Recommended Discussion Topics:&lt;/b&gt;&lt;br&gt;&lt;ul&gt;&lt;li&gt;For &lt;b&gt;VZ users&lt;/b&gt;- Assist HCP in identifying the target patient population and understanding the unmet need(s). Utilize the unmet need page of the IVA to solidify VZ&#39;s role as SOC in eBC treatment, encouraging broader adoption.  Out of the two patient groups, focus on expanding patient identification to 1-3N eligibility, securing HCP agreement on the high-risk nature of these patients.  Reinforce your dialogue with 5-year efficacy message. &lt;br&gt;&lt;li&gt;For &lt;b&gt;KQ users&lt;/b&gt;- Strengthen the evidence base by presenting the 5-year IDFS and DRFS data. Be prepared to address common barriers and the limiting beliefs that the customer may have to help understand why he/she is making a non- VZ treatment decision. Inquire whether the HCP is currently managing a patient in their practice like we discussed, ask the doctor what unique approaches he/she is implementing for patients taking VZ, especially noting &lt;b&gt;VZ&#39;s 2 year treatment duration&lt;/b&gt;.&lt;br&gt;&lt;li&gt;Highlight that in our clinical studies for Verzenio, most cases of diarrhea were low- grade and manageable. Provide guidance on managing these side effects effectively. Emphasize that &lt;b&gt;Verzenio was efficacious even at lower doses,&lt;/b&gt; which may suit patients individual needs for tolerability.&lt;br&gt;&lt;/ul&gt;&lt;br&gt;&lt;b&gt;Recommended Resources:&lt;/b&gt;&lt;br&gt;&lt;ul&gt;&lt;li&gt;VZ Resource VAE (Dosing and Side effect management)&lt;br&gt;&lt;li&gt;VZ Free Text (5-year data)&lt;br&gt;&lt;li&gt;Voucher&lt;br&gt;&lt;/ul&gt;
OBUDT_VER_EBC_2A|&lt;br&gt;&lt;b&gt;Recommended Discussion Topics:&lt;/b&gt;&lt;br&gt;&lt;ul&gt;&lt;li&gt;&lt;b&gt;VZ User&lt;/b&gt;- Discuss the outcomes of the 5-year data and raise the emotional stakes for what it could mean to reduce recurrence for this target patient, especially for node-positive high-risk patients. Focus on expanding patient identification to 1-3N eligibility.&lt;br&gt;&lt;li&gt;Help &lt;b&gt;expand utilization in our target patient&lt;/b&gt; by asking questions like &quot;Aside from say 4+ nodes, what other characteristics do you consider to be high-risk?&quot;&lt;br&gt;&lt;li&gt;&lt;b&gt;Highlight the NCCN Category 1 recommendation&lt;/b&gt; for eBC and discuss the importance of dose reduction as a tool for side effect management to overcome barriers&lt;br&gt;&lt;/ul&gt;&lt;br&gt;&lt;b&gt;Recommended Resources:&lt;/b&gt;&lt;br&gt;&lt;ul&gt;&lt;li&gt;EBC Free Text VAE&lt;br&gt;&lt;li&gt;VZ Free text VAE (NCCN and/or patient started guide)&lt;br&gt;&lt;li&gt;Dose modification Resource&lt;br&gt;&lt;/ul&gt;
OBUDT_VER_EBC_2B|&lt;b&gt;&lt;br&gt;Recommended Discussion Topics:&lt;/b&gt;&lt;br&gt;&lt;ul&gt;&lt;li&gt;&lt;b&gt;VZ non-user&lt;/b&gt;- emphasize the need for additional treatment options for those node positive patients and inquire about any current differentiating approaches the provider is implementing. Raise the emotional stakes for what it could mean to reduce recurrence for this target patient.&lt;br&gt;&lt;li&gt;&lt;b&gt;Create urgency&lt;/b&gt; by asking questions like, &quot;How do you define high-risk with node positivity?&quot;&lt;br&gt;&lt;li&gt;&lt;b&gt;Highlight the NCCN Category 1&lt;/b&gt; recommendation for eBC and discuss the importance of dose reduction as a tool for side effect management to overcome barriers.&lt;br&gt;&lt;/ul&gt;&lt;br&gt;&lt;b&gt;Recommended Resources:&lt;/b&gt;&lt;br&gt;&lt;ul&gt;&lt;li&gt;EBC Free Text VAE&lt;br&gt;&lt;li&gt;VZ Free Text VAE (NCCN and/or patient Stories)&lt;br&gt;&lt;li&gt;Dose modification Resource&lt;br&gt;&lt;/ul&gt;
OBUDT_VER_EBC_3|&lt;br&gt;Recommended Discussion Topics:&lt;br&gt;&lt;ul&gt;&lt;li&gt;&lt;b&gt;Discuss the outcomes of the 5-year data in eBC for patients like Pam&lt;/b&gt; in your IVA, especially for node-positive patients at high -risk with a &lt;b&gt;30% higher likelihood of disease recurrence to metastatic stage.&lt;/b&gt;&lt;br&gt;&lt;li&gt;Understand HCPs treatment algorithm, offering the HCP clarification that &lt;b&gt;VZ qualification starts at DX&lt;/b&gt; as opposed to after treatment. Focus on&lt;b&gt; expanding patient identification to 1-3N eligibility.&lt;/b&gt; Inquire about any current differentiating approaches the provider is implementing to help drive urgency and unmet need. &lt;br&gt;&lt;li&gt;&lt;b&gt;Highlight the NCCN Category 1 recommendation&lt;/b&gt; for eBC and discuss the importance of dose reduction as a tool for side effect management to overcome barriers.&lt;br&gt;&lt;/ul&gt;&lt;br&gt;Recommended Resources:&lt;br&gt;&lt;ul&gt;&lt;li&gt;EBC Free Text VAE&lt;br&gt;&lt;li&gt;Verzenio Resource VAE (NCCN)&lt;br&gt;&lt;li&gt;VCC-My Right Dose &lt;br&gt;&lt;/ul&gt;
OBUDT_VER_EBC_4|&lt;br&gt;Recommended Discussion Topics:&lt;br&gt;&lt;ul&gt;&lt;li&gt;&lt;b&gt;This HCP is not treating eligible high-risk patients  that could potentially benefit from VZ and avoid recurrence to metastatic disease, find out why.&lt;/b&gt;&lt;br&gt;&lt;li&gt;Understand HCPs treatment algorithm, offering the HCP clarification that &lt;b&gt;VZ qualification starts at DX&lt;/b&gt; as opposed to after treatment. Focus on &lt;b&gt;expanding patient identification to 1-3N eligibility.&lt;/b&gt; Inquire about any current differentiating approaches the provider is implementing to help drive urgency and the unmet need.&lt;br&gt;&lt;li&gt;&lt;b&gt;Highlight the NCCN Category 1 recommendation&lt;/b&gt; for eBC and discuss the importance of dose reduction as a tool for side effect management to overcome barriers.&lt;br&gt;&lt;/ul&gt;&lt;br&gt;Recommended Resources:&lt;br&gt;&lt;ul&gt;&lt;li&gt;Verzenio Resource VAE (Dosing and/or Patient Stories)&lt;br&gt;&lt;li&gt;EBC Leave Behind&lt;br&gt;&lt;li&gt;Voucher&lt;br&gt;&lt;/ul&gt;
OBUDT_VER_EBC_MBC_1|&lt;br&gt;Recommended Discussion Topics:&lt;br&gt;&lt;ul&gt;&lt;li&gt;&lt;b&gt;Approx. 45% of HCPs have never dose reduced for VZ.&lt;/b&gt;  Seek to understand the processes and procedures in place for that office when a patient gets started on Verzenio, ask the provider to describe how they set expectations for the patient regarding why Verzenio is the right choice for her and what to anticipate during treatment. &lt;br&gt;&lt;li&gt;In our monarchE trial, &lt;b&gt;44% of patients were given a dose reduction and efficacy is not compromised by reducing the dose.&lt;/b&gt;&lt;br&gt;&lt;li&gt;For any additional cost inquiries-mention that &lt;b&gt;VZ has the broadest coverage across all CDK 4/6i with 95% commercial coverage across all major plans.&lt;/b&gt;&lt;br&gt;&lt;/ul&gt;&lt;br&gt;Recommended Resources: &lt;br&gt;&lt;ul&gt;&lt;li&gt;Resource VAE (Dosing and Admins. Guide or VCC)&lt;br&gt;&lt;li&gt;Loperamide Kit&lt;br&gt;&lt;li&gt;Voucher &lt;br&gt;&lt;/ul&gt;
OBUDT_VER_MBC_1|&lt;br&gt;Recommended Discussion Topics:&lt;br&gt;&lt;ul&gt;&lt;li&gt;Gain HCPs commitment to prescribe VZ in the M2 target patient. If HCP is identified as a &lt;b&gt;VZ user&lt;/b&gt;, establish the reasons behind their preference for using a competitor&#39;s product over Verzenio and remind the HCP that VZ demonstrated statistically significant OS in the metastatic setting in combination with Fulv. in endocrine resistant patients. Ask the provider, &quot; How do you feel about what VZ can offer endocrine resistant patients like these?&quot;&lt;br&gt;&lt;li&gt;For VZ non-users, this HCP is influenced by the competitor data in mbc, emphasize the unmet need of high-risk patients being 3x more likely to progress to mBC and the 5- year data to gain commitment in eBC.&lt;br&gt;&lt;li&gt;Reinforce VZ NCCN Category 1 recommendations (M2 and eBC) and focus on dose reduction strategies for managing side effects.&lt;br&gt;&lt;/ul&gt;&lt;br&gt;Recommended Resources:&lt;br&gt;&lt;ul&gt;&lt;li&gt;MBC Free text VAE&lt;br&gt;&lt;li&gt;EBC Leave behind&lt;br&gt;&lt;li&gt;VZ Resource VAE (Diarrhea Mgmt Guide and/or Dosing guide)&lt;br&gt;&lt;/ul&gt;
OBUDT_VER_MBC_2|&lt;br&gt;Recommended Discussion Topics:&lt;br&gt;&lt;ul&gt; &lt;li&gt;Understand the doctor&#39;s experience with Verzenio and their understanding of Pam&#39;s unique characteristics.&lt;br&gt;&lt;li&gt;Reference the &lt;b&gt;M2 Statistically Significant Overall Survival data and NCCN Category 1 recommondation&lt;/b&gt; in your IVA in patients like Pam on Fulv + VZ who are at higher risk due to visceral disease and/or rapid disease progression. Educate the HCP on the PFS benefits in M3.&lt;br&gt;&lt;li&gt;Emphasize that &lt;b&gt;Verzenio was efficacious even at lower doses,&lt;/b&gt; which may suit patients individual needs for tolerability.&lt;br&gt;&lt;/ul&gt;&lt;br&gt;Recommended Resources:&lt;br&gt;&lt;ul&gt;&lt;li&gt;MBC Leave behind&lt;br&gt;&lt;li&gt;Verzenio voucher VAE&lt;br&gt;&lt;li&gt;VZ Resource VAE (Diarrhea Mgmt Guide and/or Dosing Resource)&lt;br&gt;&lt;/ul&gt;
OBUDT_VER_MBC_3|&lt;b&gt;&lt;br&gt;Recommended Discussion Topics:&lt;/b&gt;&lt;br&gt;&lt;ul&gt;&lt;li&gt;&lt;b&gt;VZ user&lt;/b&gt;- continue the momentum in ebc which will lead to confidence and growth in MBC. The goal is to expand patient identification to 1-3N eligibility, NCCN Category 1 recommendation and 5-year data in ebc. &lt;b&gt;Ibrance users&lt;/b&gt;- The focus is on reinforcing the M2 OS data and &lt;b&gt;NCCN Category 1 recommendation.&lt;/b&gt; Elevate messaging to focus on NCCN guidelines recommending only VZ in ebc.  Also state that VZ has the broadest coverage of an CDK 4/6i for this HCP. &lt;b&gt;Kisqali user&lt;/b&gt;- lean in with magnitude of efficacy data with N+ eligible patients, NCCN Category 1 recommendation.&lt;br&gt;&lt;li&gt;Reference the &lt;b&gt;M2 Overall Survival data&lt;/b&gt; in your IVA in patients like Pam on Fulv + VZ who face high risk due to visceral disease and/or rapid disease progression.&lt;br&gt;&lt;li&gt;&lt;b&gt;Focus on dose reductions&lt;/b&gt; as a tool for side effect management to overcome barriers. Highlight that in our clinical studies for Verzenio, most cases of diarrhea were low- grade and manageable. Provide guidance on managing these side effects effectively. Emphasize that Verzenio was efficacious even at lower doses to suit individual patient needs. &lt;br&gt;&lt;/ul&gt;&lt;br&gt;&lt;b&gt;Recommended Resources:&lt;/b&gt;&lt;br&gt;&lt;ul&gt;&lt;li&gt;MBC Free text VAE &lt;br&gt;&lt;li&gt;VZ Resource VAE (Dosing or patient starter kit)&lt;br&gt;&lt;li&gt;Diarrhea Management Brochure&lt;br&gt;&lt;/ul&gt;
OBUDT_VER_MBC_4|&lt;br&gt;Recommended Discussion Topics:&lt;br&gt;&lt;ul&gt;&lt;li&gt;Highlight that &lt;b&gt;&quot;higher risk&quot; in the M3 trial referred to patients with visceral disease, including liver metastases .&lt;/b&gt; Call out the &lt;b&gt; 8-year PFS data&lt;/b&gt; and emphasize that this is another benefit of Verzenio in higher-risk patients.&lt;br&gt;&lt;li&gt;Use this information to talk through those tough to treat &lt;b&gt;patients at higher risk of Visceral Disease and Primary ET Resistance.&lt;/b&gt; Reference the M2 target patient page and OS data in your IVA and ask the HCP what is their experience in treating patients with potentially a worse prognosis with those warning signs?&lt;br&gt;&lt;li&gt;&lt;b&gt;Highlight the NCCN Category 1 recommendation&lt;/b&gt; for M2 and discuss the importance of dose reduction as a tool for side effect management to overcome barriers&lt;br&gt;&lt;/ul&gt;&lt;br&gt;Recommended Resources:&lt;br&gt;&lt;ul&gt;&lt;li&gt;MBC free text VAE&lt;br&gt;&lt;li&gt;Verzenio Resource VAE (Dosing and/or Diarrhea Mgmt. guide)&lt;br&gt;&lt;li&gt;VCC &lt;br&gt;&lt;/li&gt;